id,name,dsd_id
LK-1103005,Sammanthranapura,LK-1103
LK-1103010,Mattakkuliya,LK-1103
LK-1103015,Modara,LK-1103
LK-1103020,Madampitiya,LK-1103
LK-1103025,Mahawatta,LK-1103
LK-1103030,Aluthmawatha,LK-1103
LK-1103035,Lunupokuna,LK-1103
LK-1103040,Bloemendhal,LK-1103
LK-1103045,Kotahena East,LK-1103
LK-1103050,Kotahena West,LK-1103
LK-1103055,Kochchikade North,LK-1103
LK-1103060,Jinthupitiya,LK-1103
LK-1103065,Masangasweediya,LK-1103
LK-1103070,New Bazaar,LK-1103
LK-1103075,Grandpass South,LK-1103
LK-1103080,Grandpass North,LK-1103
LK-1103085,Nawagampura,LK-1103
LK-1103090,Maligawatta East,LK-1103
LK-1103095,Khettarama,LK-1103
LK-1103100,Aluthkade East,LK-1103
LK-1103105,Aluthkade West,LK-1103
LK-1103110,Kochchikade South,LK-1103
LK-1103115,Pettah,LK-1103
LK-1103120,Fort,LK-1103
LK-1103125,Galle Face,LK-1103
LK-1103130,Slave Island,LK-1103
LK-1103135,Hunupitiya,LK-1103
LK-1103140,Suduwella,LK-1103
LK-1103145,Keselwatta,LK-1103
LK-1103150,Panchikawatta,LK-1103
LK-1103155,Maligawatta West,LK-1103
LK-1103160,Maligakanda,LK-1103
LK-1103165,Maradana,LK-1103
LK-1103170,Ibbanwala,LK-1103
LK-1103175,Wekanda,LK-1103
LK-1106005,Wadulla,LK-1106
LK-1106010,Sedawatta,LK-1106
LK-1106015,Halmulla,LK-1106
LK-1106020,Kotuvila,LK-1106
LK-1106025,Veheragoda,LK-1106
LK-1106030,Orugodawatta,LK-1106
LK-1106035,Meethotamulla,LK-1106
LK-1106040,Welewatta,LK-1106
LK-1106045,Kittampahuwa,LK-1106
LK-1106050,Wennawatta,LK-1106
LK-1106055,Maha Buthgamuwa B,LK-1106
LK-1106060,Kuda Buthgamuwa,LK-1106
LK-1106065,Kelanimulla,LK-1106
LK-1106070,Ambathale,LK-1106
LK-1106075,Mulleriyawa North,LK-1106
LK-1106080,Belagama,LK-1106
LK-1106085,Kotikawatta East,LK-1106
LK-1106090,Maha Buthgamuwa A,LK-1106
LK-1106095,Maha Buthgamuwa C,LK-1106
LK-1106100,Wellampitiya,LK-1106
LK-1106105,Kuruniyawatta,LK-1106
LK-1106110,Kolonnawa,LK-1106
LK-1106115,Dahampura,LK-1106
LK-1106120,Singhapura,LK-1106
LK-1106125,Megoda Kolonnawa,LK-1106
LK-1106130,Bopetta,LK-1106
LK-1106135,Batalandahena,LK-1106
LK-1106140,Kotikawatta West,LK-1106
LK-1106145,Mulleriyawa South,LK-1106
LK-1106150,Malgama,LK-1106
LK-1106155,Udumulla North,LK-1106
LK-1106160,Maligagodella,LK-1106
LK-1106165,Rajasinghagama,LK-1106
LK-1106170,Udumulla South,LK-1106
LK-1106175,Himbutana East,LK-1106
LK-1106180,Himbutana West,LK-1106
LK-1106185,Malpura,LK-1106
LK-1106190,Gothatuwa New Town,LK-1106
LK-1106195,Kajugahawatta,LK-1106
LK-1106200,Gothatuwa,LK-1106
LK-1106205,Salamulla,LK-1106
LK-1106210,Wijayapura,LK-1106
LK-1106215,Gajabapura,LK-1106
LK-1106220,Madinnagoda,LK-1106
LK-1106225,Elhena,LK-1106
LK-1106230,Dodamgahahena,LK-1106
LK-1109005,Welivita,LK-1109
LK-1109010,Raggahawatta,LK-1109
LK-1109015,Hewagama,LK-1109
LK-1109020,Kaduwela,LK-1109
LK-1109025,Pahala Bomiriya,LK-1109
LK-1109030,Ihala Bomiriya,LK-1109
LK-1109035,Wekewatta,LK-1109
LK-1109040,Nawagamuwa,LK-1109
LK-1109045,Pahala Bomiriya B,LK-1109
LK-1109050,Welihinda,LK-1109
LK-1109055,Kothalawala,LK-1109
LK-1109060,Mahadeniya,LK-1109
LK-1109065,Thalahena North,LK-1109
LK-1109070,Malabe North,LK-1109
LK-1109075,Thunadahena,LK-1109
LK-1109080,Korathota,LK-1109
LK-1109085,Nawagamuwa South,LK-1109
LK-1109090,Batewela,LK-1109
LK-1109095,Ranala,LK-1109
LK-1109100,Dedigamuwa,LK-1109
LK-1109105,Embilladeniya,LK-1109
LK-1109110,Welipillewa,LK-1109
LK-1109115,Shanthalokagama,LK-1109
LK-1109120,Pore,LK-1109
LK-1109125,Malabe East,LK-1109
LK-1109130,Malabe West,LK-1109
LK-1109135,Thalangama North B,LK-1109
LK-1109140,Thalahena South,LK-1109
LK-1109145,Muttettugoda,LK-1109
LK-1109150,Thalangama North A,LK-1109
LK-1109155,Walpola,LK-1109
LK-1109160,Kalapaluwawa,LK-1109
LK-1109165,Kotuwegoda,LK-1109
LK-1109170,Subhoothipura,LK-1109
LK-1109175,Udumulla,LK-1109
LK-1109180,Battaramulla North,LK-1109
LK-1109185,Batapotha,LK-1109
LK-1109190,Pothuarawa,LK-1109
LK-1109195,Hokandara North,LK-1109
LK-1109200,Oruwala,LK-1109
LK-1109205,Athurugiriya,LK-1109
LK-1109210,Thaldiyawala,LK-1109
LK-1109215,Boralugoda,LK-1109
LK-1109220,Hokandara East,LK-1109
LK-1109225,Arangala,LK-1109
LK-1109230,Evarihena,LK-1109
LK-1109235,Kumaragewatta,LK-1109
LK-1109240,Jayawadanagama,LK-1109
LK-1109245,Aruppitiya,LK-1109
LK-1109250,Asiri Uyana,LK-1109
LK-1109255,Battaramulla South,LK-1109
LK-1109260,Rajamalwatta,LK-1109
LK-1109265,Pahalawela,LK-1109
LK-1109270,Wickramasinghapura,LK-1109
LK-1109275,Wellangiriya,LK-1109
LK-1109280,Hokandara South,LK-1109
LK-1109285,Athurugiriya South,LK-1109
LK-1112005,Jalthara,LK-1112
LK-1112010,Henpita,LK-1112
LK-1112015,Atigala West,LK-1112
LK-1112020,Atigala East,LK-1112
LK-1112025,Batawala,LK-1112
LK-1112030,Walpita,LK-1112
LK-1112035,Nawalamulla,LK-1112
LK-1112040,Meegasmulla,LK-1112
LK-1112045,Habarakada North,LK-1112
LK-1112050,Mullegama North,LK-1112
LK-1112055,Mullegama South,LK-1112
LK-1112060,Habarakada South,LK-1112
LK-1112065,Panagoda Town,LK-1112
LK-1112070,Henawatta,LK-1112
LK-1112075,Meegoda North,LK-1112
LK-1112080,Panaluwa,LK-1112
LK-1112085,Watareka North,LK-1112
LK-1112090,Meegoda South,LK-1112
LK-1112095,Godagama North,LK-1112
LK-1112100,Panagoda West,LK-1112
LK-1112105,Panagoda East,LK-1112
LK-1112110,Habarakada Watta,LK-1112
LK-1112115,Homagama North,LK-1112
LK-1112120,Homagama West,LK-1112
LK-1112125,Homagama South,LK-1112
LK-1112130,Galavilawatta North,LK-1112
LK-1112135,Homagama Town,LK-1112
LK-1112140,Homagama East,LK-1112
LK-1112145,Pitipana Town,LK-1112
LK-1112150,Godagama South,LK-1112
LK-1112155,Kurunduwatta,LK-1112
LK-1112160,Gehenuwala,LK-1112
LK-1112165,Watareka South,LK-1112
LK-1112170,Ovitigama,LK-1112
LK-1112175,Kandanawatta,LK-1112
LK-1112180,Kiriberiyakele,LK-1112
LK-1112185,Mawathgama,LK-1112
LK-1112190,Katuwana,LK-1112
LK-1112195,Galavilawatta South,LK-1112
LK-1112200,Niyandagala,LK-1112
LK-1112205,Hiripitiya,LK-1112
LK-1112210,Mambulgoda,LK-1112
LK-1112215,Kithulhena,LK-1112
LK-1112220,Siddamulla North,LK-1112
LK-1112225,Siddamulla South,LK-1112
LK-1112230,Mattegoda West,LK-1112
LK-1112235,Mattegoda Central 'A',LK-1112
LK-1112240,Mattegoda East,LK-1112
LK-1112245,Brahmanagama,LK-1112
LK-1112250,Deepangoda,LK-1112
LK-1112255,Magammana West,LK-1112
LK-1112260,Magammana East,LK-1112
LK-1112265,Uduwana,LK-1112
LK-1112270,Prasannapura,LK-1112
LK-1112275,Pitipana North,LK-1112
LK-1112280,Suwapubudugama,LK-1112
LK-1112285,Pitipana South,LK-1112
LK-1112290,Dolahena,LK-1112
LK-1112295,Diyagama East,LK-1112
LK-1112300,Diyagama West,LK-1112
LK-1112305,Kirigampamunuwa,LK-1112
LK-1112310,Mattegoda Central 'B',LK-1112
LK-1112315,Siyambalagoda North,LK-1112
LK-1112320,Kudamaduwa,LK-1112
LK-1112325,Sangharama,LK-1112
LK-1112330,Siyambalagoda South,LK-1112
LK-1112335,Rilawala,LK-1112
LK-1112340,Kahathuduwa West,LK-1112
LK-1112345,Kiriwattuduwa South,LK-1112
LK-1112350,kiriwattuduwa North,LK-1112
LK-1112355,Moonamale - Yakahaluwa,LK-1112
LK-1112360,Kithulavila,LK-1112
LK-1112365,Kahathuduwa North,LK-1112
LK-1112370,Kahathuduwa East,LK-1112
LK-1112375,Kahathuduwa South,LK-1112
LK-1112380,Undurugoda,LK-1112
LK-1112385,Wethara,LK-1112
LK-1112390,Ambalangoda,LK-1112
LK-1112395,Heraliyawala,LK-1112
LK-1112400,Palagama,LK-1112
LK-1112405,weniwelkola,LK-1112
LK-1115005,Bollathawa,LK-1115
LK-1115010,Kanampella West,LK-1115
LK-1115015,Kanampella East,LK-1115
LK-1115020,Manakada,LK-1115
LK-1115025,Eswatta North,LK-1115
LK-1115030,Kiriwandala North,LK-1115
LK-1115035,Kudagama,LK-1115
LK-1115040,Weralupitiya,LK-1115
LK-1115045,Seethagama,LK-1115
LK-1115050,Avissawella,LK-1115
LK-1115055,Ukwatta,LK-1115
LK-1115060,Agra Pedesa,LK-1115
LK-1115065,Eswatta South,LK-1115
LK-1115070,Ihala Kosgama North,LK-1115
LK-1115075,Thawalgoda,LK-1115
LK-1115080,Muruthagama,LK-1115
LK-1115085,Akaravita,LK-1115
LK-1115090,Kahatapitiya,LK-1115
LK-1115095,Kalu Aggala,LK-1115
LK-1115100,Salawa,LK-1115
LK-1115105,Pahala Kosgama west,LK-1115
LK-1115110,Pahala Kosgama East,LK-1115
LK-1115115,Ihala Kosgama South,LK-1115
LK-1115120,Miriswatta,LK-1115
LK-1115125,Aluth Ambalama,LK-1115
LK-1115130,Kiriwandala South,LK-1115
LK-1115135,Kotahera,LK-1115
LK-1115140,Seethawaka,LK-1115
LK-1115145,Aradhana Kanda,LK-1115
LK-1115150,Puwakpitiya South,LK-1115
LK-1115155,Puwakpitiya,LK-1115
LK-1115160,Egodagama,LK-1115
LK-1115165,Weragolla North,LK-1115
LK-1115170,Hingurala,LK-1115
LK-1115175,Kadugoda North,LK-1115
LK-1115180,Mawalgama,LK-1115
LK-1115185,Suduwella,LK-1115
LK-1115190,Gira Imbula,LK-1115
LK-1115195,Walawwatta,LK-1115
LK-1115200,Pahala Hanwella,LK-1115
LK-1115205,Hanwella Town,LK-1115
LK-1115210,Ihala Hanwella North,LK-1115
LK-1115215,Niripola,LK-1115
LK-1115220,Brandigampala,LK-1115
LK-1115225,Kadugoda South,LK-1115
LK-1115230,Weragolla South,LK-1115
LK-1115235,Digana,LK-1115
LK-1115240,Lahirugama,LK-1115
LK-1115245,Mambula,LK-1115
LK-1115250,Welikanna,LK-1115
LK-1115255,Kahahena,LK-1115
LK-1115260,Neluwattuduwa,LK-1115
LK-1115265,Diddeniya North,LK-1115
LK-1115270,Ihala Hanwella South,LK-1115
LK-1115275,Pahathgama,LK-1115
LK-1115280,Jayaweeragoda,LK-1115
LK-1115285,Koodaluvila,LK-1115
LK-1115290,Thunnana East,LK-1115
LK-1115295,Diddeniya South,LK-1115
LK-1115300,Elamalawala,LK-1115
LK-1115305,Ilukovita,LK-1115
LK-1115310,Koswatta,LK-1115
LK-1115315,Pagngnagula,LK-1115
LK-1115320,Pelpola,LK-1115
LK-1115325,Kudakanda,LK-1115
LK-1115330,Thunnana West,LK-1115
LK-1115335,Mawathagama West,LK-1115
LK-1115340,Mawathagama East,LK-1115
LK-1118005,Pinnawala North,LK-1118
LK-1118010,Pinnawala South,LK-1118
LK-1118015,Waga North,LK-1118
LK-1118020,Waga East,LK-1118
LK-1118025,Thummodara,LK-1118
LK-1118030,Waga South,LK-1118
LK-1118035,Siyambalawa,LK-1118
LK-1118040,Pahala Bope,LK-1118
LK-1118045,Halpe,LK-1118
LK-1118050,Waga West,LK-1118
LK-1118055,Uggalla,LK-1118
LK-1118060,Wewelpanawa,LK-1118
LK-1118065,Pitumpe North,LK-1118
LK-1118070,Pitumpe South,LK-1118
LK-1118075,Galagedara East,LK-1118
LK-1118080,Galagedara North,LK-1118
LK-1118085,Galagedara South,LK-1118
LK-1118090,Padukka,LK-1118
LK-1118095,Arukwatta North,LK-1118
LK-1118100,Arukwatta South,LK-1118
LK-1118105,Ganegoda,LK-1118
LK-1118110,Angampitiya,LK-1118
LK-1118115,Weragala,LK-1118
LK-1118120,Angamuwa,LK-1118
LK-1118125,Udumulla,LK-1118
LK-1118130,Poregedara,LK-1118
LK-1118135,Pahala Padukka,LK-1118
LK-1118140,Liyanwala,LK-1118
LK-1118145,Kurugala,LK-1118
LK-1118150,Madulawa South,LK-1118
LK-1118155,Madulawa North,LK-1118
LK-1118160,Horakandawala,LK-1118
LK-1118165,Dampe,LK-1118
LK-1118170,Beruketiya,LK-1118
LK-1118175,Horagala West,LK-1118
LK-1118180,Horagala East,LK-1118
LK-1118185,Beliattavila,LK-1118
LK-1118190,Miriyagalla,LK-1118
LK-1118195,Malagala,LK-1118
LK-1118200,Kahawala,LK-1118
LK-1118205,Yatawathura,LK-1118
LK-1118210,Mahingala,LK-1118
LK-1118215,Ihala Bope,LK-1118
LK-1118220,Gurulana,LK-1118
LK-1118225,Udagama,LK-1118
LK-1118230,Dambora,LK-1118
LK-1121005,Mirihana South,LK-1121
LK-1121010,Mirihana North,LK-1121
LK-1121015,Madiwela,LK-1121
LK-1121020,Thalawathugoda West,LK-1121
LK-1121025,Thalawathugoda East,LK-1121
LK-1121030,Kalalgoda,LK-1121
LK-1121035,Kottawa East,LK-1121
LK-1121040,Rukmale West,LK-1121
LK-1121045,Rukmale East A,LK-1121
LK-1121050,Rukmale East B,LK-1121
LK-1121055,Liyanagoda,LK-1121
LK-1121060,Kottawa North,LK-1121
LK-1121065,Depanama,LK-1121
LK-1121070,Polwatta,LK-1121
LK-1121075,Pamunuwa,LK-1121
LK-1121080,Thalapathpitiya,LK-1121
LK-1121085,Pragathipura,LK-1121
LK-1121090,Udahamulla East,LK-1121
LK-1121095,Udahamulla West,LK-1121
LK-1121100,Pathiragoda,LK-1121
LK-1121105,Maharagama East,LK-1121
LK-1121110,Maharagama West,LK-1121
LK-1121115,Dambahena,LK-1121
LK-1121120,Pannipitiya North,LK-1121
LK-1121125,Kottawa West,LK-1121
LK-1121130,Kottawa South,LK-1121
LK-1121135,Malapalla West,LK-1121
LK-1121140,Malapalla East,LK-1121
LK-1121145,Makumbura North,LK-1121
LK-1121150,Makumbura South,LK-1121
LK-1121155,Kottawa Town,LK-1121
LK-1121160,Pannipitiya South,LK-1121
LK-1121165,Maharagama Town,LK-1121
LK-1121170,Godigamuwa South,LK-1121
LK-1121175,Godigamuwa South B,LK-1121
LK-1121180,Godigamuwa North,LK-1121
LK-1121185,Wattegedara,LK-1121
LK-1121190,Navinna,LK-1121
LK-1121195,Wijerama,LK-1121
LK-1121200,Gangodavila South B,LK-1121
LK-1121205,Jambugasmulla,LK-1121
LK-1124005,Obesekarapura,LK-1124
LK-1124010,Welikada West,LK-1124
LK-1124015,Welikada East,LK-1124
LK-1124020,Rajagiriya,LK-1124
LK-1124025,Welikada North,LK-1124
LK-1124030,Nawala West,LK-1124
LK-1124035,Koswatta,LK-1124
LK-1124040,Ethulkotte West,LK-1124
LK-1124045,Ethulkotte,LK-1124
LK-1124050,Pitakotte East,LK-1124
LK-1124055,Pitakotte,LK-1124
LK-1124060,Pitakotte West,LK-1124
LK-1124065,Nawala East,LK-1124
LK-1124070,Nugegoda West,LK-1124
LK-1124075,Pagoda,LK-1124
LK-1124080,Nugegoda,LK-1124
LK-1124085,Pagoda East,LK-1124
LK-1124090,Gangodavila North,LK-1124
LK-1124095,Gangodavila South,LK-1124
LK-1124100,Gangodavila East,LK-1124
LK-1127005,Kollupitiya,LK-1127
LK-1127010,Bambalapitiya,LK-1127
LK-1127015,Kurunduwatta,LK-1127
LK-1127020,Kuppiyawatta West,LK-1127
LK-1127025,Kuppiyawatta East,LK-1127
LK-1127030,Dematagoda,LK-1127
LK-1127035,Wanathamulla,LK-1127
LK-1127040,Borella North,LK-1127
LK-1127045,Borella South,LK-1127
LK-1127050,Gothamipura,LK-1127
LK-1127055,Narahenpita,LK-1127
LK-1127060,Thimbirigasyaya,LK-1127
LK-1127065,Milagiriya,LK-1127
LK-1127070,Havelock Town,LK-1127
LK-1127075,Kirula,LK-1127
LK-1127080,Kirulapone,LK-1127
LK-1127085,Wellawatta North,LK-1127
LK-1127090,Wellawatta South,LK-1127
LK-1127095,Pamankada West,LK-1127
LK-1127100,Pamankada East,LK-1127
LK-1130005,Sri Saranankara,LK-1130
LK-1130010,Vilawala,LK-1130
LK-1130015,Dutugemunu,LK-1130
LK-1130020,Kohuwala,LK-1130
LK-1130025,Kalubovila,LK-1130
LK-1130030,Hathbodhiya,LK-1130
LK-1130035,Galwala,LK-1130
LK-1130040,Dehiwala West,LK-1130
LK-1130045,Dehiwala East,LK-1130
LK-1130050,Udyanaya,LK-1130
LK-1130055,Nedimala,LK-1130
LK-1130060,Malwatta,LK-1130
LK-1130065,Jayathilaka,LK-1130
LK-1130070,Karagampitiya,LK-1130
LK-1130075,Kawdana East,LK-1130
LK-1131005,Mount Lavinia,LK-1131
LK-1131010,Kawdana West,LK-1131
LK-1131015,Watarappala,LK-1131
LK-1131020,Wathumulla,LK-1131
LK-1131025,Katukurunduwatta,LK-1131
LK-1131030,Attidiya North,LK-1131
LK-1131035,Attidiya South,LK-1131
LK-1131040,Piriwena,LK-1131
LK-1131045,Wedikanda,LK-1131
LK-1131050,Vihara,LK-1131
LK-1131055,Ratmalana West,LK-1131
LK-1131060,Ratmalana East,LK-1131
LK-1131065,Kandawala,LK-1131
LK-1133005,Angulana North,LK-1133
LK-1133010,Kaldemulla,LK-1133
LK-1133015,Soysapura North,LK-1133
LK-1133020,Soysapura South,LK-1133
LK-1133025,Dahampura,LK-1133
LK-1133030,Thelawala North,LK-1133
LK-1133035,Borupana,LK-1133
LK-1133040,Thelawala South,LK-1133
LK-1133045,Lakshapathiya North,LK-1133
LK-1133050,Lakshapathiya Central,LK-1133
LK-1133055,Angulana South,LK-1133
LK-1133060,Uyana South,LK-1133
LK-1133065,Uyana North,LK-1133
LK-1133070,Rawathawatta South,LK-1133
LK-1133075,Rawathawatta East,LK-1133
LK-1133080,Lakshapathiya South,LK-1133
LK-1133085,Kaduwamulla,LK-1133
LK-1133090,Katubedda,LK-1133
LK-1133095,Molpe,LK-1133
LK-1133100,Moratumulla North,LK-1133
LK-1133105,Kadalana,LK-1133
LK-1133110,Rawathawatta West,LK-1133
LK-1133115,Idama,LK-1133
LK-1133120,Uswatta,LK-1133
LK-1133125,Moratuwella South,LK-1133
LK-1133130,Indibedda West,LK-1133
LK-1133135,Moratumulla East,LK-1133
LK-1133140,Moratumulla West,LK-1133
LK-1133145,Villorawatta East,LK-1133
LK-1133150,Villorawatta West,LK-1133
LK-1133155,Indibedda East,LK-1133
LK-1133160,Moratuwella North,LK-1133
LK-1133165,Moratuwella West,LK-1133
LK-1133170,Koralawella North,LK-1133
LK-1133175,Koralawella Eest,LK-1133
LK-1133180,Koralawella West,LK-1133
LK-1133185,Koralawella South,LK-1133
LK-1133190,Katukurunda North,LK-1133
LK-1133195,Katukurunda South,LK-1133
LK-1133200,Egoda Uyana North,LK-1133
LK-1133205,Egoda Uyana Central,LK-1133
LK-1133210,Egoda Uyana South,LK-1133
LK-1136005,Pepiliyana West,LK-1136
LK-1136010,Pepiliyana East,LK-1136
LK-1136015,Divulpitiya East,LK-1136
LK-1136020,Divulpitiya West,LK-1136
LK-1136025,Bellanvila,LK-1136
LK-1136030,Boralesgamuwa West A,LK-1136
LK-1136035,Boralesgamuwa West C,LK-1136
LK-1136040,Rattanapitiya,LK-1136
LK-1136045,Egodawatta,LK-1136
LK-1136050,Boralesgamuwa East A,LK-1136
LK-1136055,Boralesgamuwa West B,LK-1136
LK-1136060,Werahera North,LK-1136
LK-1136065,Boralesgamuwa East B,LK-1136
LK-1136070,Neelammahara,LK-1136
LK-1136075,Katuwawala North,LK-1136
LK-1136080,Vishwakalawa,LK-1136
LK-1136085,Werahera South,LK-1136
LK-1136090,Katuwawala South,LK-1136
LK-1136095,Niwanthidiya,LK-1136
LK-1136100,Erewwala West,LK-1136
LK-1136105,Erewwala North,LK-1136
LK-1136110,Erewwala East,LK-1136
LK-1136115,Rathmaldeniya,LK-1136
LK-1136120,Mahalwarawa,LK-1136
LK-1136125,Bangalawatta,LK-1136
LK-1136130,Pelenwatta East,LK-1136
LK-1136135,Pelenwatta North,LK-1136
LK-1136140,Pelenwatta West,LK-1136
LK-1136145,Paligedara,LK-1136
LK-1136150,Kaliyammahara,LK-1136
LK-1136155,Bokundara,LK-1136
LK-1136160,Thumbovila South,LK-1136
LK-1136165,Thumbovila North,LK-1136
LK-1136170,Wewala West,LK-1136
LK-1136175,Wewala East,LK-1136
LK-1136180,Thumbovila West,LK-1136
LK-1136185,Mampe North,LK-1136
LK-1136190,Makuludoowa,LK-1136
LK-1136195,Gorakapitiya,LK-1136
LK-1136200,Nampamunuwa,LK-1136
LK-1136205,Mavittara North,LK-1136
LK-1136210,Mampe East,LK-1136
LK-1136215,Bodhirajapura,LK-1136
LK-1136220,Mampe West,LK-1136
LK-1136225,Mampe South,LK-1136
LK-1136230,Kolamunna,LK-1136
LK-1136235,Suwarapola East,LK-1136
LK-1136240,Suwarapola West,LK-1136
LK-1136245,Hedigama,LK-1136
LK-1136250,Batakettara North,LK-1136
LK-1136255,Kesbewa North,LK-1136
LK-1136260,Kesbewa East,LK-1136
LK-1136265,Mavittara South,LK-1136
LK-1136270,Honnanthara North,LK-1136
LK-1136275,Honnanthara South,LK-1136
LK-1136280,Makandana East,LK-1136
LK-1136285,Kesbewa South,LK-1136
LK-1136290,Batakettara South,LK-1136
LK-1136295,Madapatha,LK-1136
LK-1136300,Delthara West,LK-1136
LK-1136305,Delthara East,LK-1136
LK-1136310,Dampe,LK-1136
LK-1136315,Makandana west,LK-1136
LK-1136320,Nivungama,LK-1136
LK-1136325,Halpita,LK-1136
LK-1136330,Horathuduwa,LK-1136
LK-1136335,Morenda,LK-1136
LK-1136340,Batuwandara North,LK-1136
LK-1136345,Batuwandara South,LK-1136
LK-1136350,Jamburaliya,LK-1136
LK-1136355,Polhena,LK-1136
LK-1136360,Regidel watta,LK-1136
LK-1136365,Kahapola,LK-1136
LK-1203005,Kammalthura,LK-1203
LK-1203010,Pallansena North,LK-1203
LK-1203015,Kochchikade,LK-1203
LK-1203020,Pallansena South,LK-1203
LK-1203025,Daluwakotuwa,LK-1203
LK-1203030,Palangathure,LK-1203
LK-1203035,Ettukala,LK-1203
LK-1203040,Daluwakotuwa East,LK-1203
LK-1203045,Kattuwa,LK-1203
LK-1203050,Dalupatha East,LK-1203
LK-1203055,Dalupatha,LK-1203
LK-1203060,Kudapaduwa,LK-1203
LK-1203065,Kudapaduwa North,LK-1203
LK-1203070,Kudapaduwa South,LK-1203
LK-1203075,WellaWeediya,LK-1203
LK-1203080,WellaWeediya East,LK-1203
LK-1203085,Periyamulla,LK-1203
LK-1203090,Hunupitiya,LK-1203
LK-1203095,Angurukaramulla,LK-1203
LK-1203100,Udayarthoppuwa,LK-1203
LK-1203105,WellaWeediya South,LK-1203
LK-1203110,Muttakkarai  North,LK-1203
LK-1203115,Doowa,LK-1203
LK-1203120,Pitipana North,LK-1203
LK-1203125,Pitipana Central,LK-1203
LK-1203130,Muttakkarai,LK-1203
LK-1203135,Muttakkarai East,LK-1203
LK-1203140,Thaladoowa,LK-1203
LK-1203145,Udayarthoppuwa South,LK-1203
LK-1203150,Bolawalana,LK-1203
LK-1203155,Kurana West,LK-1203
LK-1203160,Kurana East,LK-1203
LK-1203165,Siriwardana Pedesa,LK-1203
LK-1203170,Pitipana South - East,LK-1203
LK-1203175,Pitipana South - West,LK-1203
LK-1203180,Thalahena,LK-1203
LK-1203185,Dungalpitiya,LK-1203
LK-1203190,Settappaduwa,LK-1203
LK-1203195,Kepungoda,LK-1203
LK-1206005,Muruthana,LK-1206
LK-1206010,Manaveriya,LK-1206
LK-1206015,Udangawa,LK-1206
LK-1206020,Thoppuwa,LK-1206
LK-1206025,Bambukuliya,LK-1206
LK-1206030,Katana North,LK-1206
LK-1206035,Katana East,LK-1206
LK-1206040,Katana West,LK-1206
LK-1206045,Maha Ethgala,LK-1206
LK-1206050,Ethgala,LK-1206
LK-1206055,Adikkandiya,LK-1206
LK-1206060,Welihena North,LK-1206
LK-1206065,Welihena South,LK-1206
LK-1206070,Pahala Kandawala,LK-1206
LK-1206075,Ethgala South,LK-1206
LK-1206080,Ihala Kandawala,LK-1206
LK-1206085,Kaluwarippuwa West,LK-1206
LK-1206090,Kondagammulla,LK-1206
LK-1206095,Katiyala,LK-1206
LK-1206100,Kadirana North,LK-1206
LK-1206105,K.C. De Silva Puraya,LK-1206
LK-1206110,Thimbirigaskatuwa,LK-1206
LK-1206115,Sellakanda,LK-1206
LK-1206120,Katuwapitiya,LK-1206
LK-1206125,Mahahunupitiya West,LK-1206
LK-1206130,Mahahunupitiya East,LK-1206
LK-1206135,Pahala Kadirana,LK-1206
LK-1206140,Kadirana,LK-1206
LK-1206145,Akkara 50,LK-1206
LK-1206150,Kadirana South,LK-1206
LK-1206155,Kimbulapitiya West,LK-1206
LK-1206160,Kimbulapitiya North,LK-1206
LK-1206165,Kimbulapitiya South,LK-1206
LK-1206170,Kimbulapitiya Central,LK-1206
LK-1206175,Andiambalama West,LK-1206
LK-1206180,Walpola,LK-1206
LK-1206185,Andiambalama East,LK-1206
LK-1206190,Dewamottawa,LK-1206
LK-1206195,Kovinna,LK-1206
LK-1206200,Evariwatta,LK-1206
LK-1206205,Air Force Camp,LK-1206
LK-1206210,Kurana Katunayaka Central,LK-1206
LK-1206215,Kurana Katunayaka North,LK-1206
LK-1206220,Kurana Katunayaka South,LK-1206
LK-1206225,Katunayaka North,LK-1206
LK-1206230,Katunayaka South,LK-1206
LK-1206235,Walanagoda,LK-1206
LK-1206240,Kalahapitiya,LK-1206
LK-1206245,Madawala,LK-1206
LK-1206250,Muthuwadiya,LK-1206
LK-1206255,Liyanagemulla North,LK-1206
LK-1206260,Liyanagemulla South,LK-1206
LK-1206265,Amandoluwa,LK-1206
LK-1206270,Thempala,LK-1206
LK-1206275,Kuswala,LK-1206
LK-1206280,Ganepola,LK-1206
LK-1206285,Heenatiyana West,LK-1206
LK-1206290,Heenatiyana South,LK-1206
LK-1206295,Heenatiyana East,LK-1206
LK-1206300,Raddolugama North A,LK-1206
LK-1206305,Raddolugama North,LK-1206
LK-1206310,Raddolugama South,LK-1206
LK-1206315,Raddolugama South A,LK-1206
LK-1206320,Raddoluwa North,LK-1206
LK-1206325,Raddoluwa West,LK-1206
LK-1206330,Seeduwa,LK-1206
LK-1206335,Mookalangamuwa West,LK-1206
LK-1206340,Mookalangamuwa East,LK-1206
LK-1206345,Bandarawatta East,LK-1206
LK-1206350,Bandarawatta West,LK-1206
LK-1206355,Dambaduraya,LK-1206
LK-1206360,Raddoluwa South,LK-1206
LK-1206365,Lansiyawadiya,LK-1206
LK-1206370,Kotugoda,LK-1206
LK-1206375,Kasagahawatta,LK-1206
LK-1206380,Udammita North,LK-1206
LK-1206385,Alawathupitiya,LK-1206
LK-1206390,Udammita South,LK-1206
LK-1206395,Ambalammulla,LK-1206
LK-1209005,Andimulla,LK-1209
LK-1209010,Ambalayaya,LK-1209
LK-1209015,Bolagala,LK-1209
LK-1209020,Otharawadiya,LK-1209
LK-1209025,Godigamuwa West,LK-1209
LK-1209030,Godigamuwa East,LK-1209
LK-1209035,Balawala,LK-1209
LK-1209040,Badalgama,LK-1209
LK-1209045,Delpakadawara,LK-1209
LK-1209050,Siringapathawatta,LK-1209
LK-1209055,Pethigoda,LK-1209
LK-1209060,Alugolla,LK-1209
LK-1209065,Polwatta,LK-1209
LK-1209070,Polhena,LK-1209
LK-1209075,Mellawagedara,LK-1209
LK-1209080,Diklanda,LK-1209
LK-1209085,Katukenda,LK-1209
LK-1209090,Akarangaha,LK-1209
LK-1209095,Kehelella West,LK-1209
LK-1209100,Lihiniyagammana,LK-1209
LK-1209105,Akaragama East,LK-1209
LK-1209110,Akaragama West,LK-1209
LK-1209115,Akaragama North,LK-1209
LK-1209120,Pahala Madampella,LK-1209
LK-1209125,Halpe,LK-1209
LK-1209130,Kaluwarippuwa East - Uthura,LK-1209
LK-1209135,Kongodamulla North,LK-1209
LK-1209140,Kongodamulla West,LK-1209
LK-1209145,Kongodamulla South,LK-1209
LK-1209150,Kongodamulla East,LK-1209
LK-1209155,Ihala Madampella North,LK-1209
LK-1209160,Ihala Madampella West,LK-1209
LK-1209165,Ihala Madampella East,LK-1209
LK-1209170,Ihalagama,LK-1209
LK-1209175,Kehelella South,LK-1209
LK-1209180,Kehelella North,LK-1209
LK-1209185,Delwagura,LK-1209
LK-1209190,Wekada,LK-1209
LK-1209195,Kalumada,LK-1209
LK-1209200,Agalegedara,LK-1209
LK-1209205,Waradala,LK-1209
LK-1209210,Kotadeniyawa,LK-1209
LK-1209215,Erabadda,LK-1209
LK-1209220,Diyagampala,LK-1209
LK-1209225,Koradaminna,LK-1209
LK-1209230,Dimbuldeniya,LK-1209
LK-1209235,Paragoda North,LK-1209
LK-1209240,Paragoda South,LK-1209
LK-1209245,Moragalkanda,LK-1209
LK-1209250,Nawana West,LK-1209
LK-1209255,Hettimulla,LK-1209
LK-1209260,Haloluwa,LK-1209
LK-1209265,Kelegedara,LK-1209
LK-1209270,Heeralugedara,LK-1209
LK-1209275,Walpita,LK-1209
LK-1209280,Welagana,LK-1209
LK-1209285,Thammita,LK-1209
LK-1209290,Palliyapitiya West,LK-1209
LK-1209295,Induragara North,LK-1209
LK-1209300,Induragara South,LK-1209
LK-1209305,Kadawala North,LK-1209
LK-1209310,Kadawala,LK-1209
LK-1209315,Kaluwarippuwa East - Dakuna,LK-1209
LK-1209320,Miriswatta,LK-1209
LK-1209325,Dagonna North,LK-1209
LK-1209330,Dagonna East,LK-1209
LK-1209335,Halgahawelawatta,LK-1209
LK-1209340,Katuwellegama North,LK-1209
LK-1209345,Kadawala South,LK-1209
LK-1209350,Batepola,LK-1209
LK-1209355,Doonagaha South,LK-1209
LK-1209360,Doonagaha,LK-1209
LK-1209365,Palliyapitiya East,LK-1209
LK-1209370,Hunumulla,LK-1209
LK-1209375,Hapugahagama,LK-1209
LK-1209380,Barawavila,LK-1209
LK-1209385,Kudagammana,LK-1209
LK-1209390,Pahala Madithiyawala,LK-1209
LK-1209395,Kaluaggala,LK-1209
LK-1209400,Kuleegedara,LK-1209
LK-1209405,Nawana East,LK-1209
LK-1209410,Nariyamulla,LK-1209
LK-1209415,Halpe,LK-1209
LK-1209420,Parana Halpe West,LK-1209
LK-1209425,Parana Halpe East,LK-1209
LK-1209430,Gurullagama,LK-1209
LK-1209435,Kithulwala Ihala,LK-1209
LK-1209440,Kithulwala Pahala,LK-1209
LK-1209445,Kithulwala North,LK-1209
LK-1209450,Kaluaggala Pahalagama,LK-1209
LK-1209455,Wattemulla,LK-1209
LK-1209460,Ihala Madithiyawala,LK-1209
LK-1209465,Hangawatta,LK-1209
LK-1209470,Rassapana,LK-1209
LK-1209475,Balagalla West,LK-1209
LK-1209480,Parana Handiya,LK-1209
LK-1209485,Pinnakele,LK-1209
LK-1209490,Pinnakele South,LK-1209
LK-1209495,Urapana,LK-1209
LK-1209500,Kelepitimulla,LK-1209
LK-1209505,Sayakkaramulla,LK-1209
LK-1209510,Henpitagedara,LK-1209
LK-1209515,Aluthepola West,LK-1209
LK-1209520,Thotillagahawatta,LK-1209
LK-1209525,Katuwellegama South,LK-1209
LK-1209530,Palugahawela,LK-1209
LK-1209535,Dagonna South,LK-1209
LK-1209540,Hapuwalana South,LK-1209
LK-1209545,Hapuwalana,LK-1209
LK-1209550,Bomugammana North,LK-1209
LK-1209555,Bomugammana South,LK-1209
LK-1209560,Pinnalanda,LK-1209
LK-1209565,Divulapitiya,LK-1209
LK-1209570,Balagalla East,LK-1209
LK-1209575,Ullalapola East,LK-1209
LK-1209580,Ullalapola West,LK-1209
LK-1209585,Wewagedara,LK-1209
LK-1209590,Horagasmulla,LK-1209
LK-1209595,Assennawatta East,LK-1209
LK-1209600,Hapuwalana North,LK-1209
LK-1209605,Assennawatta West,LK-1209
LK-1209610,Weragodamulla,LK-1209
LK-1209615,Aluthepola East,LK-1209
LK-1212005,Nalla,LK-1212
LK-1212010,Giriullagama,LK-1212
LK-1212015,Loluwagoda,LK-1212
LK-1212020,Delwala South,LK-1212
LK-1212025,Delwala,LK-1212
LK-1212030,Loluwagoda South,LK-1212
LK-1212035,Madurupitiya,LK-1212
LK-1212040,Hapugahagedara,LK-1212
LK-1212045,Kandangamuwa,LK-1212
LK-1212050,Henegama,LK-1212
LK-1212055,Maladeniya,LK-1212
LK-1212060,Kahandawa,LK-1212
LK-1212065,Kandalama,LK-1212
LK-1212070,Walbothale,LK-1212
LK-1212075,Pirisyala,LK-1212
LK-1212080,Kamarangawa,LK-1212
LK-1212085,Keenadeniya,LK-1212
LK-1212090,Bothale Pahalagama North,LK-1212
LK-1212095,Maveehena,LK-1212
LK-1212100,Kurunduwatta,LK-1212
LK-1212105,Purana Mirigama,LK-1212
LK-1212110,Hakurukumbura,LK-1212
LK-1212115,Mugurugampala,LK-1212
LK-1212120,Vilwatta,LK-1212
LK-1212125,Thawalampitiya,LK-1212
LK-1212130,Bothale Pahalagama,LK-1212
LK-1212135,Bothale Pahalagama West,LK-1212
LK-1212140,Bothale Medagama,LK-1212
LK-1212145,Bothale Pahalagama East,LK-1212
LK-1212150,Thalagama East,LK-1212
LK-1212155,Thalagama,LK-1212
LK-1212160,Balathawa,LK-1212
LK-1212165,Makoora,LK-1212
LK-1212170,Pottekanda,LK-1212
LK-1212175,Bothale Ihalagama,LK-1212
LK-1212180,Andagalakanda,LK-1212
LK-1212185,Halugama Ihala,LK-1212
LK-1212190,Kindiwala,LK-1212
LK-1212195,Halugama Pahala,LK-1212
LK-1212200,Mirigama,LK-1212
LK-1212205,Walawwatta,LK-1212
LK-1212210,Thilinagama,LK-1212
LK-1212215,Vijayarajadahana,LK-1212
LK-1212220,Neligama Ihala,LK-1212
LK-1212225,Neligama Central,LK-1212
LK-1212230,Neligama,LK-1212
LK-1212235,Lindara,LK-1212
LK-1212240,Halugama,LK-1212
LK-1212245,Siyambalagoda,LK-1212
LK-1212250,Lindara Pahala,LK-1212
LK-1212255,Pohonnaruwa,LK-1212
LK-1212260,Indiparape,LK-1212
LK-1212265,Kosetadeniya,LK-1212
LK-1212270,Imbulanwala,LK-1212
LK-1212275,Uduulla,LK-1212
LK-1212280,Gaspe,LK-1212
LK-1212285,Banduragoda,LK-1212
LK-1212290,Keppitiwalana,LK-1212
LK-1212295,Gaspe Pahalagama,LK-1212
LK-1212300,Galgana,LK-1212
LK-1212305,Pelapitigama,LK-1212
LK-1212310,Elhena,LK-1212
LK-1212315,Ganegoda,LK-1212
LK-1212320,Hiriwala,LK-1212
LK-1212325,Handurumulla,LK-1212
LK-1212330,Pamunuwatta,LK-1212
LK-1212335,Lindara Ihala,LK-1212
LK-1212340,Arukgoda,LK-1212
LK-1212345,Madabavita,LK-1212
LK-1212350,Madabavita Ihalagama,LK-1212
LK-1212355,Newgala,LK-1212
LK-1212360,Danovita,LK-1212
LK-1212365,Weweldeniya Pahalagama,LK-1212
LK-1212370,Weweldeniya Pahalagama West,LK-1212
LK-1212375,Henepola,LK-1212
LK-1212380,Palmada,LK-1212
LK-1212385,Kal/Pallewela,LK-1212
LK-1212390,Raddalgoda,LK-1212
LK-1212395,Ihala Bokalagama,LK-1212
LK-1212400,Pahala Bokalagama,LK-1212
LK-1212405,Kukulnape,LK-1212
LK-1212410,Gaspe South,LK-1212
LK-1212415,Muddaragama,LK-1212
LK-1212420,Hanchapola,LK-1212
LK-1212425,Hirikuluwa,LK-1212
LK-1212430,Pathagama,LK-1212
LK-1212435,Borukgamuwa West,LK-1212
LK-1212440,Borukgamuwa,LK-1212
LK-1212445,Pallewela,LK-1212
LK-1212450,Weragoda/Kakkele,LK-1212
LK-1212455,Hansagiriya,LK-1212
LK-1212460,Wellevilamulla North,LK-1212
LK-1212465,Wellevilamulla,LK-1212
LK-1212470,Udawela,LK-1212
LK-1212475,Hapitigama,LK-1212
LK-1212480,Makkanigoda North,LK-1212
LK-1212485,Pahalawela,LK-1212
LK-1212490,Millawala,LK-1212
LK-1212495,Weweldeniya Ihalagama West,LK-1212
LK-1212500,Weweldeniya Ihalagama,LK-1212
LK-1212505,Kotadeniya,LK-1212
LK-1212510,Ilukpatha/Weragoda,LK-1212
LK-1212515,Hedidenikanda,LK-1212
LK-1212520,Radawadunna,LK-1212
LK-1212525,Bataleeya,LK-1212
LK-1212530,Bataleeya South,LK-1212
LK-1212535,Bolana,LK-1212
LK-1212540,Mallehewa,LK-1212
LK-1212545,Webadamulla,LK-1212
LK-1212550,Weragoda,LK-1212
LK-1212555,Midellawala,LK-1212
LK-1212560,Kendalanda,LK-1212
LK-1212565,Nungamuwa,LK-1212
LK-1212570,Uthuwanbogahawatta,LK-1212
LK-1212575,Maligathenna Pahala,LK-1212
LK-1212580,Maligathenna Central,LK-1212
LK-1212585,Wandurawa,LK-1212
LK-1212590,Galgamuwa West,LK-1212
LK-1212595,Galgamuwa East,LK-1212
LK-1212600,Kumbaloluwa,LK-1212
LK-1212605,Kumbaloluwa Ihala,LK-1212
LK-1212610,Kumbaloluwa Pahala,LK-1212
LK-1212615,Dumunnegedara South,LK-1212
LK-1212620,Dumunnegedara,LK-1212
LK-1212625,Pasyala,LK-1212
LK-1212630,Pasyala West,LK-1212
LK-1212635,Muruthawala,LK-1212
LK-1212640,Kithanawatta,LK-1212
LK-1212645,Kammalpitiya,LK-1212
LK-1212650,Radawadunna Central,LK-1212
LK-1212655,Imbulgasovita,LK-1212
LK-1212660,Radawadunna Pahala,LK-1212
LK-1212665,Weerasooriyakanda,LK-1212
LK-1212670,Pasyala East,LK-1212
LK-1212675,Udugama,LK-1212
LK-1212680,Panawala,LK-1212
LK-1212685,Delgahamedilla,LK-1212
LK-1212690,Mottunna West,LK-1212
LK-1212695,Mottunna,LK-1212
LK-1212700,Maligathenna,LK-1212
LK-1212705,Kureekotuwa,LK-1212
LK-1212710,Hakwadunna,LK-1212
LK-1212715,Kureekotuwa Pahala,LK-1212
LK-1212720,Ellalamulla,LK-1212
LK-1212725,Debahera,LK-1212
LK-1212730,Mawathahena,LK-1212
LK-1212735,Meevitiya,LK-1212
LK-1212740,Ketakalapitiya,LK-1212
LK-1212745,Dambutuwa,LK-1212
LK-1215005,Medemulla North,LK-1215
LK-1215010,Nilpanagoda West,LK-1215
LK-1215015,Nilpanagoda East,LK-1215
LK-1215020,Nilpanagoda,LK-1215
LK-1215025,Arangawa,LK-1215
LK-1215030,Horampella North,LK-1215
LK-1215035,Galkanda,LK-1215
LK-1215040,Bodhipihituwala,LK-1215
LK-1215045,Watinapaha,LK-1215
LK-1215050,Mabodala West,LK-1215
LK-1215055,Mabodala North,LK-1215
LK-1215060,Ihala Vithanamulla,LK-1215
LK-1215065,Nalapaha,LK-1215
LK-1215070,Pahala Vithanamulla,LK-1215
LK-1215075,Mabodala East,LK-1215
LK-1215080,Mabodala South,LK-1215
LK-1215085,Watinapaha South,LK-1215
LK-1215090,Wankepumulla,LK-1215
LK-1215095,Kamaragoda,LK-1215
LK-1215100,Kudagoda,LK-1215
LK-1215105,Horampella South,LK-1215
LK-1215110,Mahagama,LK-1215
LK-1215115,Wegowwa South,LK-1215
LK-1215120,Minuwangoda East,LK-1215
LK-1215125,Minuwangoda North,LK-1215
LK-1215130,Medemulla South,LK-1215
LK-1215135,Boragodawatta North,LK-1215
LK-1215140,Yatiyana,LK-1215
LK-1215145,Peellawatta,LK-1215
LK-1215150,Unnaruwa,LK-1215
LK-1215155,Yatiyana Central,LK-1215
LK-1215160,Yatiyana East,LK-1215
LK-1215165,Kopiwatta,LK-1215
LK-1215170,Boragodawatta South,LK-1215
LK-1215175,Minuwangoda West,LK-1215
LK-1215180,Meda Minuwangoda,LK-1215
LK-1215185,Pansilgoda,LK-1215
LK-1215190,Wegowwa East,LK-1215
LK-1215195,Helakandana,LK-1215
LK-1215200,Peralanda,LK-1215
LK-1215205,Dewalapola,LK-1215
LK-1215210,Wadumulla,LK-1215
LK-1215215,Metikotumulla,LK-1215
LK-1215220,Essella,LK-1215
LK-1215225,Yatagama,LK-1215
LK-1215230,Naiwala North,LK-1215
LK-1215235,Naiwala East,LK-1215
LK-1215240,Naiwala West,LK-1215
LK-1215245,Walpitamulla,LK-1215
LK-1215250,Balabowa,LK-1215
LK-1215255,Balabowa West,LK-1215
LK-1215260,Pethiyagoda North,LK-1215
LK-1215265,Gallegedara,LK-1215
LK-1215270,Ganihimulla,LK-1215
LK-1215275,Hendimahara,LK-1215
LK-1215280,Kalawana,LK-1215
LK-1215285,Wattegedara,LK-1215
LK-1215290,Ambagahawatta,LK-1215
LK-1215295,Galloluwa East,LK-1215
LK-1215300,Galloluwa,LK-1215
LK-1215305,Kalahugoda,LK-1215
LK-1215310,Polwatta West,LK-1215
LK-1215315,Polwatta East,LK-1215
LK-1215320,Pattanduwana North,LK-1215
LK-1215325,Ellangala,LK-1215
LK-1215330,Burullapitiya,LK-1215
LK-1215335,Mathammana,LK-1215
LK-1215340,Weediyawatta East,LK-1215
LK-1215345,Goigama,LK-1215
LK-1215350,Ihala Udugampala,LK-1215
LK-1215355,Pethiyagoda South,LK-1215
LK-1215360,Korase,LK-1215
LK-1215365,Korase Meda,LK-1215
LK-1215370,Marapola,LK-1215
LK-1215375,Vigoda,LK-1215
LK-1215380,Doranagoda East,LK-1215
LK-1215385,Korase East,LK-1215
LK-1215390,Doranagoda North,LK-1215
LK-1215395,Doranagoda West,LK-1215
LK-1215400,Pahala Udugampola East,LK-1215
LK-1215405,Pahala Udugampola North,LK-1215
LK-1215410,Pahala Udugampola West,LK-1215
LK-1215415,Weediyawatta West,LK-1215
LK-1215420,Welhena,LK-1215
LK-1215425,Weliya,LK-1215
LK-1215430,Pattanduwana,LK-1215
LK-1215435,Pattanduwana West,LK-1215
LK-1215440,Yagodamulla North,LK-1215
LK-1215445,Yagodamulla,LK-1215
LK-1215450,Uggalboda West,LK-1215
LK-1215455,Uggalboda,LK-1215
LK-1215460,Kehelbaddara West,LK-1215
LK-1215465,Kehelbaddara East,LK-1215
LK-1215470,Pahala Udugampola South,LK-1215
LK-1215475,Asgiriwalpola North,LK-1215
LK-1215480,Dombawala,LK-1215
LK-1215485,Pedipola,LK-1215
LK-1215490,Doranagoda South,LK-1215
LK-1215495,Wathumulla,LK-1215
LK-1215500,Asgiriya North,LK-1215
LK-1215505,Asgiriya South,LK-1215
LK-1215510,Asgiriya,LK-1215
LK-1215515,Asgiriya West,LK-1215
LK-1215520,Asgiriwalpola South,LK-1215
LK-1215525,Asgiriwalpola West,LK-1215
LK-1215530,Madelgamuwa East,LK-1215
LK-1215535,Batapotha,LK-1215
LK-1215540,Nedagamuwa North,LK-1215
LK-1215545,Nedagamuwa South,LK-1215
LK-1215550,Nedagamuwa West,LK-1215
LK-1215555,Arachchiwatta,LK-1215
LK-1215560,Yagodamulla South,LK-1215
LK-1215565,Samurdhigama,LK-1215
LK-1215570,Opatha,LK-1215
LK-1215575,Kotugoda 2,LK-1215
LK-1215580,Kotugoda 1,LK-1215
LK-1215585,Maduruvita,LK-1215
LK-1215590,Siyambalapitiya,LK-1215
LK-1215595,Madelgamuwa West,LK-1215
LK-1215600,Thammita West,LK-1215
LK-1215605,Thammita,LK-1215
LK-1218005,Pamunugama,LK-1218
LK-1218010,Maha Pamunugama,LK-1218
LK-1218015,Delathura West,LK-1218
LK-1218020,Delathura East,LK-1218
LK-1218025,Bopitiyathuduwa,LK-1218
LK-1218030,Bopitiya,LK-1218
LK-1218035,Pulluhena,LK-1218
LK-1218040,Paranambalama,LK-1218
LK-1218045,Nugape,LK-1218
LK-1218050,Kunjawatta,LK-1218
LK-1218055,Mangulpokuna,LK-1218
LK-1218060,Elehiwatta,LK-1218
LK-1218065,Welisara,LK-1218
LK-1218070,Pattiyawala,LK-1218
LK-1218075,Uswetakeiyawa,LK-1218
LK-1218080,Mahabage,LK-1218
LK-1218085,Elapitiwala,LK-1218
LK-1218090,Horapethuduwa,LK-1218
LK-1218095,Horape,LK-1218
LK-1218100,Kurukulawa North,LK-1218
LK-1218105,Kurukulawa South,LK-1218
LK-1218110,Heenkenda,LK-1218
LK-1218115,Thuduwegedara,LK-1218
LK-1218120,Galudupita,LK-1218
LK-1218125,Mattumagala,LK-1218
LK-1218130,Kerangapokuna,LK-1218
LK-1218135,Kerawalapitiya,LK-1218
LK-1218140,Matagoda,LK-1218
LK-1218145,Balagala,LK-1218
LK-1218150,Dikovita,LK-1218
LK-1218155,Palliyawatta North,LK-1218
LK-1218160,Elakanda,LK-1218
LK-1218165,Nayakakanda North,LK-1218
LK-1218170,Mabola,LK-1218
LK-1218175,Welikadamulla,LK-1218
LK-1218180,Wattala,LK-1218
LK-1218185,Hendala North,LK-1218
LK-1218190,Hendala South,LK-1218
LK-1218195,Nayakakanda South,LK-1218
LK-1218200,Thimbirigasyaya,LK-1218
LK-1218205,Palliyawatta South,LK-1218
LK-1218210,Kurunduhena,LK-1218
LK-1218215,Evariwatta,LK-1218
LK-1218220,Telangapatha,LK-1218
LK-1218225,Galwetiya,LK-1218
LK-1218230,Hekitta,LK-1218
LK-1221005,Mahawatta,LK-1221
LK-1221010,Dandugama,LK-1221
LK-1221015,Dehiyagatha North,LK-1221
LK-1221020,Kudahakapola North,LK-1221
LK-1221025,Gallawatta,LK-1221
LK-1221030,Ekala,LK-1221
LK-1221035,Dehiyagatha South,LK-1221
LK-1221040,Kudahakapola South,LK-1221
LK-1221045,Ekala Kurunduwatta,LK-1221
LK-1221050,Vishakawatta,LK-1221
LK-1221055,Thudella North,LK-1221
LK-1221060,Thudella West,LK-1221
LK-1221065,Thudella South,LK-1221
LK-1221070,Kanuwana,LK-1221
LK-1221075,Alexendrawatta,LK-1221
LK-1221080,Bandigoda,LK-1221
LK-1221085,Yakkaduwa,LK-1221
LK-1221090,Nivandama North,LK-1221
LK-1221095,Nivandama South,LK-1221
LK-1221100,Batagama North,LK-1221
LK-1221105,Maeliya,LK-1221
LK-1221110,Ja-Ela,LK-1221
LK-1221115,Weligampitiya North,LK-1221
LK-1221120,Indivitiya,LK-1221
LK-1221125,Wewala,LK-1221
LK-1221130,Weligampitiya South,LK-1221
LK-1221135,Thumpeliya,LK-1221
LK-1221140,Indiminna,LK-1221
LK-1221145,Dolahena,LK-1221
LK-1221150,Hapugoda West,LK-1221
LK-1221155,Kapuwatta,LK-1221
LK-1221160,Kalaeliya,LK-1221
LK-1221165,Nedurupitiya,LK-1221
LK-1221170,Rilavulla,LK-1221
LK-1221175,Kandana East,LK-1221
LK-1221180,Kandana West,LK-1221
LK-1221185,Uswatta,LK-1221
LK-1221190,Hapugoda Central,LK-1221
LK-1221195,Batagama South,LK-1221
LK-1221200,Polpitimookalana,LK-1221
LK-1221205,Batuwatta West,LK-1221
LK-1221210,Batuwatta East,LK-1221
LK-1221215,Walpola East,LK-1221
LK-1221220,Jayasrigama,LK-1221
LK-1221225,Hapugoda East,LK-1221
LK-1221230,Nagoda,LK-1221
LK-1221235,Jayasamarugama,LK-1221
LK-1221240,Peralanda,LK-1221
LK-1221245,Podiveekumbura,LK-1221
LK-1221250,Walpola West,LK-1221
LK-1221255,Narangodapaluwa West,LK-1221
LK-1221260,Narangodapaluwa East,LK-1221
LK-1221265,Thewatta,LK-1221
LK-1221270,Ragama,LK-1221
LK-1221275,Ketagewatta,LK-1221
LK-1221280,Dambuwa,LK-1221
LK-1221285,Rampitiya,LK-1221
LK-1224005,Makevita North,LK-1224
LK-1224010,Makevita South,LK-1224
LK-1224015,Mabima,LK-1224
LK-1224020,Gonagaha II,LK-1224
LK-1224025,Welikada,LK-1224
LK-1224030,Gonagaha i,LK-1224
LK-1224035,Ambanvita,LK-1224
LK-1224040,Kirindivita,LK-1224
LK-1224045,Akaravita,LK-1224
LK-1224050,Pahalagama,LK-1224
LK-1224055,Medagama ii,LK-1224
LK-1224060,Ihalagama West,LK-1224
LK-1224065,Ihalagama East,LK-1224
LK-1224070,Gampaha Aluthgama North,LK-1224
LK-1224075,Karanekamulla,LK-1224
LK-1224080,Baduwathugoda,LK-1224
LK-1224085,Boraliyawatha,LK-1224
LK-1224090,Thittalapitigoda,LK-1224
LK-1224095,Aluthgama Bogamuwa North,LK-1224
LK-1224100,Aluthgama Bogamuwa South,LK-1224
LK-1224105,Mahipalagoda,LK-1224
LK-1224110,Morenna,LK-1224
LK-1224115,Weediyawatta,LK-1224
LK-1224120,Keselwathugoda North,LK-1224
LK-1224125,Indigolla,LK-1224
LK-1224130,Gampaha Aluthgama West,LK-1224
LK-1224135,Bendiyamulla North,LK-1224
LK-1224140,Medagama iv,LK-1224
LK-1224145,Medagama iii,LK-1224
LK-1224150,Medagama i,LK-1224
LK-1224155,Oruthota South,LK-1224
LK-1224160,Kosovita,LK-1224
LK-1224165,Rathmalavita,LK-1224
LK-1224170,Makilangamuwa,LK-1224
LK-1224175,Horagolla North,LK-1224
LK-1224180,Thibbotugoda,LK-1224
LK-1224185,Midellavita,LK-1224
LK-1224190,Kudabollatha,LK-1224
LK-1224195,Bollatha North,LK-1224
LK-1224200,Wewel Agara,LK-1224
LK-1224205,Bollatha West,LK-1224
LK-1224210,Bollatha South,LK-1224
LK-1224215,Bulugahagoda West,LK-1224
LK-1224220,Bulugahagoda East,LK-1224
LK-1224225,Galahitiyawa North,LK-1224
LK-1224230,Horagolla South,LK-1224
LK-1224235,Neduna,LK-1224
LK-1224240,Pahala Yagoda,LK-1224
LK-1224245,Oruthota North,LK-1224
LK-1224250,Moragoda 1,LK-1224
LK-1224255,Bendiyamulla West,LK-1224
LK-1224260,Kidagammulla,LK-1224
LK-1224265,Bendiyamulla East,LK-1224
LK-1224270,Gampaha Aluthgama East,LK-1224
LK-1224275,Keselwathugoda South,LK-1224
LK-1224280,Yakkala North,LK-1224
LK-1224285,Galthotamulla,LK-1224
LK-1224290,Yakkala West,LK-1224
LK-1224295,Pepolgasdeniya,LK-1224
LK-1224300,Yakkala East,LK-1224
LK-1224305,Yakkala South,LK-1224
LK-1224310,Henarathgoda,LK-1224
LK-1224315,Mudungoda West,LK-1224
LK-1224320,Moragoda 2,LK-1224
LK-1224325,Ihala Yagoda North,LK-1224
LK-1224330,Mahena,LK-1224
LK-1224335,Ganemulla South,LK-1224
LK-1224340,Ganemulla North,LK-1224
LK-1224345,Galahitiyawa East,LK-1224
LK-1224350,Galahitiyawa South,LK-1224
LK-1224355,Kossinna East,LK-1224
LK-1224360,Amunugoda North,LK-1224
LK-1224365,Ihala Yagoda South,LK-1224
LK-1224370,Mudungoda South,LK-1224
LK-1224375,Mudungoda North,LK-1224
LK-1224380,Godagedara,LK-1224
LK-1224385,Rathupaswala,LK-1224
LK-1224390,Galloluwa,LK-1224
LK-1224395,Belummahara,LK-1224
LK-1224400,Ihala Imbulgoda North,LK-1224
LK-1224405,Ihala Imbulgoda South,LK-1224
LK-1224410,Pahala Imbulgoda South,LK-1224
LK-1224415,Pahala Imbulgoda West,LK-1224
LK-1224420,Amunugoda South,LK-1224
LK-1224425,Parakandeniya North 1,LK-1224
LK-1224430,Kossinna West 1,LK-1224
LK-1224435,Katuwalamulla North,LK-1224
LK-1224440,Kossinna West 2,LK-1224
LK-1224445,Katuwalamulla South,LK-1224
LK-1224450,Parakandeniya North 2,LK-1224
LK-1224455,Parakandeniya,LK-1224
LK-1224460,Pahala Imbulgoda East,LK-1224
LK-1224465,Embaraluwa North 2,LK-1224
LK-1224470,Embaraluwa North 1,LK-1224
LK-1224475,Weliweriya West,LK-1224
LK-1224480,Nedungamuwa,LK-1224
LK-1224485,Weliweriya East,LK-1224
LK-1224490,Weliweriya North,LK-1224
LK-1224495,Weliweriya South,LK-1224
LK-1224500,Embaraluwa South 1,LK-1224
LK-1224505,Embaraluwa South 2,LK-1224
LK-1227005,Eluwapitiya West,LK-1227
LK-1227010,Eluwapitiya,LK-1227
LK-1227015,Hiripitiya West,LK-1227
LK-1227020,Hiripitiya North,LK-1227
LK-1227025,Hiripitiya Central,LK-1227
LK-1227030,Hiripitiya East,LK-1227
LK-1227035,Thalgasmote West,LK-1227
LK-1227040,Thalgasmote,LK-1227
LK-1227045,Thalgasmote East,LK-1227
LK-1227050,Udammita,LK-1227
LK-1227055,Humbutiyawa West,LK-1227
LK-1227060,Humbutiyawa,LK-1227
LK-1227065,Parana Veyangoda,LK-1227
LK-1227070,Kongasdeniya,LK-1227
LK-1227075,Wedagama,LK-1227
LK-1227080,Kalalpitiya,LK-1227
LK-1227085,Nawagamuwa,LK-1227
LK-1227090,Napagoda,LK-1227
LK-1227095,Nittambuwa South,LK-1227
LK-1227100,Nittambuwa North,LK-1227
LK-1227105,Nittambuwa East,LK-1227
LK-1227110,Kolawatta,LK-1227
LK-1227115,Pattalagedara East,LK-1227
LK-1227120,Pattalagedara,LK-1227
LK-1227125,Hiripitiya South,LK-1227
LK-1227130,Wataddara,LK-1227
LK-1227135,Wataddara West,LK-1227
LK-1227140,Magalegoda,LK-1227
LK-1227145,Magalegoda South,LK-1227
LK-1227150,Heendeniya,LK-1227
LK-1227155,Pattigoda,LK-1227
LK-1227160,Wataddara South,LK-1227
LK-1227165,Hiripitiya Pahala,LK-1227
LK-1227170,Danvilana,LK-1227
LK-1227175,Dadagamuwa East,LK-1227
LK-1227180,Pinnagolla,LK-1227
LK-1227185,Egoda Nittambuwa,LK-1227
LK-1227190,Horagollagama,LK-1227
LK-1227195,Nambadaluwa West,LK-1227
LK-1227200,Nambadaluwa East,LK-1227
LK-1227205,Ranpokunagama A Zone,LK-1227
LK-1227210,Ellakkala West,LK-1227
LK-1227215,Maimbula,LK-1227
LK-1227220,Ranpokunagama,LK-1227
LK-1227225,Ranpokunagama D Zone,LK-1227
LK-1227230,Ranpokunagama C Zone,LK-1227
LK-1227235,Ranpokunagama B Zone,LK-1227
LK-1227240,Maduwegedara,LK-1227
LK-1227245,Yatiyana,LK-1227
LK-1227250,Orchardwatta North,LK-1227
LK-1227255,Malwatta,LK-1227
LK-1227260,Thihariya North,LK-1227
LK-1227265,Katuwasgoda West,LK-1227
LK-1227270,Katuwasgoda,LK-1227
LK-1227275,Dadagamuwa,LK-1227
LK-1227280,Mudagamuwa,LK-1227
LK-1227285,Bandarabatawala,LK-1227
LK-1227290,Pitiyegedara,LK-1227
LK-1227295,Daraluwa,LK-1227
LK-1227300,Bemmulla,LK-1227
LK-1227305,Kandaoluwawa,LK-1227
LK-1227310,Raniswala,LK-1227
LK-1227315,Sapugasthenna,LK-1227
LK-1227320,Thiriwanegama South,LK-1227
LK-1227325,Thiriwanegama North,LK-1227
LK-1227330,Halgampitiya,LK-1227
LK-1227335,Kalagedihena,LK-1227
LK-1227340,Thihariyagama,LK-1227
LK-1227345,Thihariya East,LK-1227
LK-1227350,Kalotuwawa,LK-1227
LK-1227355,Kattota,LK-1227
LK-1227360,Orchardwatta South,LK-1227
LK-1227365,Bogoda,LK-1227
LK-1227370,Mathalana West,LK-1227
LK-1227375,Wathupitiwala,LK-1227
LK-1227380,Walpola,LK-1227
LK-1227385,Haggalla,LK-1227
LK-1227390,Ellakkala,LK-1227
LK-1227395,Godagama West,LK-1227
LK-1227400,Godagama,LK-1227
LK-1227405,Welikadamulla,LK-1227
LK-1227410,Karasnagala,LK-1227
LK-1227415,Alawala North,LK-1227
LK-1227420,Etha Udakanda,LK-1227
LK-1227425,Alawala South,LK-1227
LK-1227430,Nikahetikanda,LK-1227
LK-1227435,Karasnagala South,LK-1227
LK-1227440,Palkumbura,LK-1227
LK-1227445,Pelpita,LK-1227
LK-1227450,Walaliyadda,LK-1227
LK-1227455,Haggalla East,LK-1227
LK-1227460,Diyakade,LK-1227
LK-1227465,Welagedara,LK-1227
LK-1227470,Kamburagalla,LK-1227
LK-1227475,Mathalana North,LK-1227
LK-1227480,Mathalana,LK-1227
LK-1227485,Meewala,LK-1227
LK-1227490,Kittammahara,LK-1227
LK-1227495,Thihariya South,LK-1227
LK-1227500,Pahala Thihariya,LK-1227
LK-1227505,Thihariya West,LK-1227
LK-1227510,Bogamuwa,LK-1227
LK-1227515,Mangalathiriya,LK-1227
LK-1227520,Pilankada,LK-1227
LK-1227525,Bonegala,LK-1227
LK-1227530,Meewala West,LK-1227
LK-1227535,Udugoda West,LK-1227
LK-1227540,Mathalana East,LK-1227
LK-1227545,Udugoda,LK-1227
LK-1227550,Pannila,LK-1227
LK-1227555,Hunupola,LK-1227
LK-1227560,Halpandeniya,LK-1227
LK-1227565,Urapola,LK-1227
LK-1227570,Wanduramulla,LK-1227
LK-1227575,Deenapamunuwa West,LK-1227
LK-1227580,Deenapamunuwa,LK-1227
LK-1227585,Yatawaka,LK-1227
LK-1227590,Sapugasthenna,LK-1227
LK-1227595,Bopagama,LK-1227
LK-1227600,Bopagama East,LK-1227
LK-1227605,Meevitigammana,LK-1227
LK-1227610,Bopetta South,LK-1227
LK-1227615,Bopetta,LK-1227
LK-1227620,Nagoda,LK-1227
LK-1227625,Kurawalana,LK-1227
LK-1227630,Kahatovita,LK-1227
LK-1227635,Kahatovita West,LK-1227
LK-1227640,Ogodapola North,LK-1227
LK-1227645,Ogodapola,LK-1227
LK-1227650,Kahambilihena,LK-1227
LK-1227655,Udatuttiripitiya,LK-1227
LK-1227660,Mattagoda,LK-1227
LK-1227665,Weerangula,LK-1227
LK-1227670,Weerangula South,LK-1227
LK-1227675,Koskandawala North,LK-1227
LK-1227680,Kirikittamulla,LK-1227
LK-1227685,Kirikittamulla South,LK-1227
LK-1227690,Koskandawala,LK-1227
LK-1227695,Opathella,LK-1227
LK-1227700,Paranagama,LK-1227
LK-1227705,Paranagama East,LK-1227
LK-1227710,Aruppassa,LK-1227
LK-1227715,Madakotuwa West,LK-1227
LK-1227720,Madakotuwa,LK-1227
LK-1227725,Rathambale,LK-1227
LK-1227730,Walgammulla,LK-1227
LK-1227735,Ruwanpura,LK-1227
LK-1227740,Lavulupitiya,LK-1227
LK-1227745,Galboda,LK-1227
LK-1227750,Dematalanda,LK-1227
LK-1227755,Happitiya,LK-1227
LK-1230005,Maryland Colony,LK-1230
LK-1230010,Indurugalla,LK-1230
LK-1230015,Wathurugama,LK-1230
LK-1230020,Bandaranayakapura West,LK-1230
LK-1230025,Bandaranayakapura East,LK-1230
LK-1230030,Mailawalana,LK-1230
LK-1230035,Mailawalana South,LK-1230
LK-1230040,Thimbirigama,LK-1230
LK-1230045,Mahal Loluwa,LK-1230
LK-1230050,Millathe Ihala,LK-1230
LK-1230055,Pingamuwa,LK-1230
LK-1230060,Pahala Millathe,LK-1230
LK-1230065,Millathe,LK-1230
LK-1230070,Kirindiwela,LK-1230
LK-1230075,Bogahawatta,LK-1230
LK-1230080,Rambutanwatta,LK-1230
LK-1230085,Etambagahawatta,LK-1230
LK-1230090,Kannimahara,LK-1230
LK-1230095,Radawana North,LK-1230
LK-1230100,Palupelpita,LK-1230
LK-1230105,Kithulakanda,LK-1230
LK-1230110,Radawana South,LK-1230
LK-1230115,Alliyawatta,LK-1230
LK-1230120,Diyawala North,LK-1230
LK-1230125,Diyawala,LK-1230
LK-1230130,Meddegama,LK-1230
LK-1230135,Udagama,LK-1230
LK-1230140,Vihara Kumbura,LK-1230
LK-1230145,Kuttivila,LK-1230
LK-1230150,Thalgaswatta,LK-1230
LK-1230155,Kendagolla,LK-1230
LK-1230160,Udawela,LK-1230
LK-1230165,Kirimetiyawatta,LK-1230
LK-1230170,Hiswella,LK-1230
LK-1230175,Kiriwana,LK-1230
LK-1230180,Meddegama North,LK-1230
LK-1230185,Meddegama South,LK-1230
LK-1230190,Werahera,LK-1230
LK-1230195,Pallegama South,LK-1230
LK-1230200,Pallegama,LK-1230
LK-1230205,Anuragoda,LK-1230
LK-1230210,Weralugampala,LK-1230
LK-1230215,Nedungolla South,LK-1230
LK-1230220,Nedungolla,LK-1230
LK-1230225,Nandarama Pedesa,LK-1230
LK-1230230,Mandawala North,LK-1230
LK-1230235,Mawatha,LK-1230
LK-1230240,Parakadamulla,LK-1230
LK-1230245,Nakandapola,LK-1230
LK-1230250,Keragala,LK-1230
LK-1230255,Weliketiyawatta,LK-1230
LK-1230260,Kurunduhena,LK-1230
LK-1230265,Baduwatta,LK-1230
LK-1230270,Mandawala South,LK-1230
LK-1230275,Anuragoda South,LK-1230
LK-1230280,Walpola,LK-1230
LK-1230285,Pepiliyawala,LK-1230
LK-1230290,Ganihigama North,LK-1230
LK-1230295,Watawala,LK-1230
LK-1230300,Meethirigala,LK-1230
LK-1230305,Polhena,LK-1230
LK-1230310,Ganihigama South,LK-1230
LK-1230315,Dangalla North,LK-1230
LK-1230320,Meniklanda,LK-1230
LK-1230325,Pelpita,LK-1230
LK-1230330,Punchi Mandawala,LK-1230
LK-1230335,Waharaka,LK-1230
LK-1230340,Putupagala,LK-1230
LK-1230345,Walaramba,LK-1230
LK-1230350,Demalagama,LK-1230
LK-1230355,Helummahara,LK-1230
LK-1230360,Pananwala,LK-1230
LK-1230365,Egoda Pelahela,LK-1230
LK-1230370,Pelahela,LK-1230
LK-1230375,Madurawa,LK-1230
LK-1230380,Kajugaswatta,LK-1230
LK-1230385,Ihala Lunugama,LK-1230
LK-1230390,Meegahawatta,LK-1230
LK-1230395,Yakambe,LK-1230
LK-1230400,Pattiyagama,LK-1230
LK-1230405,Dangalla,LK-1230
LK-1230410,Ranwala,LK-1230
LK-1230415,Wedagama,LK-1230
LK-1230420,Udugama,LK-1230
LK-1230425,Udakanampella South,LK-1230
LK-1230430,Udakanampella,LK-1230
LK-1230435,Senasungoda,LK-1230
LK-1230440,Poogoda,LK-1230
LK-1230445,Bangalawatta,LK-1230
LK-1230450,Kumarimulla,LK-1230
LK-1230455,Ovitigama,LK-1230
LK-1230460,Parathapakanda,LK-1230
LK-1230465,Dethemulla,LK-1230
LK-1230470,Pahala Lunugama,LK-1230
LK-1230475,Wanaluwawa North,LK-1230
LK-1230480,Thelkekuna,LK-1230
LK-1230485,Indolamulla,LK-1230
LK-1230490,Parangoda,LK-1230
LK-1230495,Namaluwa,LK-1230
LK-1230500,Dekatana,LK-1230
LK-1230505,Narampola,LK-1230
LK-1230510,Kalukondayawa West,LK-1230
LK-1230515,Kalukondayawa East,LK-1230
LK-1230520,Galwalagoda,LK-1230
LK-1230525,Ganegoda,LK-1230
LK-1230530,Dompe,LK-1230
LK-1230535,Iddamaldeniya,LK-1230
LK-1230540,Guruwala,LK-1230
LK-1230545,Egoda Guruwala,LK-1230
LK-1230550,Wanaluwawa South,LK-1230
LK-1230555,Giridara West,LK-1230
LK-1230560,Galpothugoda,LK-1230
LK-1230565,Nikawala,LK-1230
LK-1230570,Kapugoda,LK-1230
LK-1230575,Giridara,LK-1230
LK-1230580,Malinda East,LK-1230
LK-1230585,Malinda,LK-1230
LK-1230590,Palugama,LK-1230
LK-1230595,Degawatta,LK-1230
LK-1230600,Pahala Dompe,LK-1230
LK-1230605,Malwana,LK-1230
LK-1230610,Pahala Mapitigama,LK-1230
LK-1230615,Morahena,LK-1230
LK-1230620,Kimbulvilawatta,LK-1230
LK-1230625,Udamapitigama,LK-1230
LK-1230630,Udamapitigama South,LK-1230
LK-1230635,Palugama West,LK-1230
LK-1230640,Welgama,LK-1230
LK-1230645,Lansiyahena,LK-1230
LK-1230650,Samanabedda North,LK-1230
LK-1230655,Mahawalawatta,LK-1230
LK-1230660,Thittapattara,LK-1230
LK-1230665,Samanabedda,LK-1230
LK-1233005,Kimbulgoda,LK-1233
LK-1233010,Pituwalgoda,LK-1233
LK-1233015,Kinigama,LK-1233
LK-1233020,Maharagama,LK-1233
LK-1233025,Siwralumulla,LK-1233
LK-1233030,Pilikuttuwa,LK-1233
LK-1233035,Yongammulla,LK-1233
LK-1233040,Ambagaspitiya,LK-1233
LK-1233045,Warapalana,LK-1233
LK-1233050,Kandumulla,LK-1233
LK-1233055,Pasgammana,LK-1233
LK-1233060,Maligathenna,LK-1233
LK-1233065,Batepola North,LK-1233
LK-1233070,Batepola,LK-1233
LK-1233075,Amunukumbura,LK-1233
LK-1233080,Malwathuhiripitiya,LK-1233
LK-1233085,Buthpitiya North,LK-1233
LK-1233090,Uruwala East,LK-1233
LK-1233095,Uruwala West,LK-1233
LK-1233100,Buthpitiya South,LK-1233
LK-1233105,Neelamahara North,LK-1233
LK-1233110,Neelamahara South,LK-1233
LK-1233115,Aramangoda North,LK-1233
LK-1233120,Puwakpitiya,LK-1233
LK-1233125,Amunukumbura South,LK-1233
LK-1233130,Balivila,LK-1233
LK-1233135,Vilimbula North,LK-1233
LK-1233140,Vilimbula South,LK-1233
LK-1233145,Aramangoda,LK-1233
LK-1233150,Kahatana,LK-1233
LK-1233155,Henegama,LK-1233
LK-1233160,Etikehelgalla East,LK-1233
LK-1233165,Etikehelgalla West,LK-1233
LK-1233170,Kirikitta North,LK-1233
LK-1233175,Kirikitta East,LK-1233
LK-1233180,Kirikitta West,LK-1233
LK-1233185,Ahugammana,LK-1233
LK-1233190,Naranwala South,LK-1233
LK-1233195,Naranwala,LK-1233
LK-1233200,Udupila East,LK-1233
LK-1233205,Udupila South,LK-1233
LK-1233210,Udupila North,LK-1233
LK-1233215,Webada South,LK-1233
LK-1233220,Webada North,LK-1233
LK-1233225,Webada West,LK-1233
LK-1233230,Kirillawala North,LK-1233
LK-1233235,Kirillawala,LK-1233
LK-1233240,Kirillawala West,LK-1233
LK-1233245,Sooriyapaluwa North,LK-1233
LK-1233250,Kendaliyeddapaluwa East,LK-1233
LK-1233255,Kendaliyeddapaluwa North,LK-1233
LK-1233260,Dangahawela,LK-1233
LK-1233265,Kendaliyeddapaluwa West,LK-1233
LK-1233270,Mahara Nugegoda North,LK-1233
LK-1233275,Mahara Nugegoda West,LK-1233
LK-1233280,Mahara Nugegoda East,LK-1233
LK-1233285,Sooriyapaluwa East,LK-1233
LK-1233290,Sooriyapaluwa South,LK-1233
LK-1233295,Rammuthugala,LK-1233
LK-1233300,Kirillawala South,LK-1233
LK-1233305,Webada East,LK-1233
LK-1233310,Gonahena East,LK-1233
LK-1233315,Gonahena North,LK-1233
LK-1233320,Gonahena South,LK-1233
LK-1233325,Gonahena West,LK-1233
LK-1233330,Eldeniya East,LK-1233
LK-1233335,Eldeniya West,LK-1233
LK-1233340,Puwakwetiya,LK-1233
LK-1233345,Ihala Karagahamuna South,LK-1233
LK-1233350,Ihala Karagahamuna East,LK-1233
LK-1233355,Ihala Karagahamuna North,LK-1233
LK-1233360,Mahara Nugegoda South,LK-1233
LK-1233365,Neligama,LK-1233
LK-1233370,Pahala Karagahamuna North,LK-1233
LK-1233375,Pahala Karagahamuna East,LK-1233
LK-1233380,Pahala Karagahamuna West,LK-1233
LK-1233385,Kopiwatta,LK-1233
LK-1233390,Dalupitiya East,LK-1233
LK-1233395,Kirimetiyagara,LK-1233
LK-1233400,Dalupitiya South,LK-1233
LK-1233405,Dalupitiya West,LK-1233
LK-1233410,Pinnameda West,LK-1233
LK-1233415,Gongithota,LK-1233
LK-1233420,Appugewatta,LK-1233
LK-1233425,Gongithota West,LK-1233
LK-1233430,Enderamulla South,LK-1233
LK-1233435,Enderamulla East,LK-1233
LK-1233440,Pinnameda,LK-1233
LK-1233445,Nathuduwa,LK-1233
LK-1233450,Enderamulla West,LK-1233
LK-1233455,Nathuduwa West,LK-1233
LK-1233460,Akbar Town,LK-1233
LK-1236005,Welegoda,LK-1236
LK-1236010,Hunupitiya North,LK-1236
LK-1236015,Nahena,LK-1236
LK-1236020,Eriyawetiya,LK-1236
LK-1236025,Kiribathgoda,LK-1236
LK-1236030,Thalawathuhenpita North,LK-1236
LK-1236035,Thalawathuhenpita South,LK-1236
LK-1236040,Kendahena,LK-1236
LK-1236045,Egoda Eriyawetiya,LK-1236
LK-1236050,Hunupitiya East,LK-1236
LK-1236055,Hunupitiya South,LK-1236
LK-1236060,Wanawasala West,LK-1236
LK-1236065,Wanawasala East,LK-1236
LK-1236070,Dippitigoda,LK-1236
LK-1236075,Weweldoowa,LK-1236
LK-1236080,Warakanatta,LK-1236
LK-1236085,Koholvila,LK-1236
LK-1236090,Dalugamgoda,LK-1236
LK-1236095,Nungamugoda,LK-1236
LK-1236100,Dalugama,LK-1236
LK-1236105,Himbutuwelgoda,LK-1236
LK-1236110,Pattiya East,LK-1236
LK-1236115,Pattiya North,LK-1236
LK-1236120,Meegahawatta,LK-1236
LK-1236125,Peliyagodawatta,LK-1236
LK-1236130,Peliyagoda Gangabada,LK-1236
LK-1236135,Peliyagoda Gangabada East,LK-1236
LK-1236140,Pattiya West,LK-1236
LK-1236145,Wedamulla,LK-1236
LK-1236150,Galborella,LK-1236
LK-1236155,Polhena,LK-1236
LK-1236160,Kelaniya,LK-1236
LK-1236165,Sinharamulla North,LK-1236
LK-1236170,Pilapitiya,LK-1236
LK-1236175,Pethiyagoda,LK-1236
LK-1236180,Mewella,LK-1236
LK-1236185,Sinharamulla,LK-1236
LK-1239005,Pahala Biyanvila East,LK-1239
LK-1239010,Ihala Biyanvila North,LK-1239
LK-1239015,Ihala Biyanvila Central,LK-1239
LK-1239020,Mawaramandiya,LK-1239
LK-1239025,Meegahawatta West,LK-1239
LK-1239030,Meegahawatta East,LK-1239
LK-1239035,Kammalwatta,LK-1239
LK-1239040,Delgoda,LK-1239
LK-1239045,Athurumulla,LK-1239
LK-1239050,Kanduboda East,LK-1239
LK-1239055,Kanduboda West,LK-1239
LK-1239060,Siyambalape Watta,LK-1239
LK-1239065,Daranagama,LK-1239
LK-1239070,Siyambalape North,LK-1239
LK-1239075,Heiyanthuduwa North,LK-1239
LK-1239080,Makola South Ihala,LK-1239
LK-1239085,Makola North Ihala,LK-1239
LK-1239090,Makola North Central,LK-1239
LK-1239095,Pahala Biyanvila West,LK-1239
LK-1239100,Pahala Biyanvila Central,LK-1239
LK-1239105,Makola North Pahala,LK-1239
LK-1239110,Makola South Pahala,LK-1239
LK-1239115,Pamunuvila,LK-1239
LK-1239120,Gonawala East,LK-1239
LK-1239125,Sapugaskanda,LK-1239
LK-1239130,Heiyanthuduwa West,LK-1239
LK-1239135,Heiyanthuduwa East,LK-1239
LK-1239140,Siyambalape South,LK-1239
LK-1239145,Yatihena,LK-1239
LK-1239150,Ulahitiwala,LK-1239
LK-1239155,Walgama West,LK-1239
LK-1239160,Biyagama North,LK-1239
LK-1239165,Biyagama West,LK-1239
LK-1239170,Heiyanthuduwa South,LK-1239
LK-1239175,Mabima East,LK-1239
LK-1239180,Mabima West,LK-1239
LK-1239185,Pattivila North,LK-1239
LK-1239190,Gonawala Central,LK-1239
LK-1239195,Galedanda,LK-1239
LK-1239200,Gonawala West,LK-1239
LK-1239205,Thalwatta,LK-1239
LK-1239210,Bollegala,LK-1239
LK-1239215,Pattivila South,LK-1239
LK-1239220,Biyagama South,LK-1239
LK-1239225,Biyagama East,LK-1239
LK-1239230,Yabaraluwa North,LK-1239
LK-1239235,Yabaraluwa South,LK-1239
LK-1239240,Malwana Town,LK-1239
LK-1239245,Walgama East,LK-1239
LK-1303005,Horethuduwa North,LK-1303
LK-1303010,Horethuduwa,LK-1303
LK-1303015,Horethuduwa Central,LK-1303
LK-1303020,Horethuduwa South,LK-1303
LK-1303025,Gorakana,LK-1303
LK-1303030,Gorakana South,LK-1303
LK-1303035,Paratta West,LK-1303
LK-1303040,Paratta,LK-1303
LK-1303045,Diggala,LK-1303
LK-1303050,Keselwatta,LK-1303
LK-1303055,Sarikkamulla,LK-1303
LK-1303060,Henamulla,LK-1303
LK-1303065,Wattalpola,LK-1303
LK-1303070,Miriyawatta,LK-1303
LK-1303075,Thotawatta,LK-1303
LK-1303080,Werawatta,LK-1303
LK-1303085,Pallimulla,LK-1303
LK-1303090,Gorakapola,LK-1303
LK-1303095,Walana North,LK-1303
LK-1303100,Ambalanduwa,LK-1303
LK-1303105,Galthude North,LK-1303
LK-1303110,Galthude,LK-1303
LK-1303115,Hirana West,LK-1303
LK-1303120,Hirana,LK-1303
LK-1303125,Thanthirimulla East,LK-1303
LK-1303130,Thanthirimulla,LK-1303
LK-1303135,Bekkegama,LK-1303
LK-1303140,Walana South,LK-1303
LK-1303145,Walana,LK-1303
LK-1303150,Udahamulla,LK-1303
LK-1303155,Punchideniya,LK-1303
LK-1303160,Malamulla West,LK-1303
LK-1303165,Kiriberiya,LK-1303
LK-1303170,Malamulla,LK-1303
LK-1303175,Kuruppumulla,LK-1303
LK-1303180,Etambagoda,LK-1303
LK-1303185,Pattiya North,LK-1303
LK-1303190,Bazaar North,LK-1303
LK-1303195,Sagara Place,LK-1303
LK-1303200,Bazaar West,LK-1303
LK-1303205,Bazaar,LK-1303
LK-1303210,Walapala Pattiya,LK-1303
LK-1303215,Walapala,LK-1303
LK-1303220,Eluvila,LK-1303
LK-1303225,Wekada East,LK-1303
LK-1303230,Wekada North,LK-1303
LK-1303235,Wekada West,LK-1303
LK-1303240,Pattiya,LK-1303
LK-1303245,Uyankele,LK-1303
LK-1303250,Pattiya South,LK-1303
LK-1303255,Kaludewala,LK-1303
LK-1303260,Kaludewala East,LK-1303
LK-1303265,Moravinna,LK-1303
LK-1303270,Nallooruwa North,LK-1303
LK-1303275,Nallooruwa,LK-1303
LK-1303280,Dibbedda,LK-1303
LK-1303285,Dibbedda North,LK-1303
LK-1303290,Narampitiya,LK-1303
LK-1303295,Pinwatta,LK-1303
LK-1303300,Pinwatta West,LK-1303
LK-1303305,Thalpitiya North,LK-1303
LK-1303310,Thalpitiya South,LK-1303
LK-1303315,Pallimankada,LK-1303
LK-1303320,Wadduwa West,LK-1303
LK-1303325,Wadduwa East,LK-1303
LK-1303330,Maha Wadduwa,LK-1303
LK-1303335,Pattieliya,LK-1303
LK-1303340,Kuda Wadduwa,LK-1303
LK-1303345,Wadduwa South,LK-1303
LK-1303350,Molligoda,LK-1303
LK-1303355,Molligoda North,LK-1303
LK-1303360,Molligoda South,LK-1303
LK-1306005,Kidelpitiya West,LK-1306
LK-1306010,Kidelpitiya East,LK-1306
LK-1306015,Senapura,LK-1306
LK-1306020,Newdawa,LK-1306
LK-1306025,Aluthgama,LK-1306
LK-1306030,Alothiyawa,LK-1306
LK-1306035,Walgama North,LK-1306
LK-1306040,Rerukana,LK-1306
LK-1306045,Samaranayakapura,LK-1306
LK-1306050,Kothalawala,LK-1306
LK-1306055,Veedagama East,LK-1306
LK-1306060,Walgama South,LK-1306
LK-1306065,Gammanpila,LK-1306
LK-1306070,Medagama,LK-1306
LK-1306075,Alubomulla East,LK-1306
LK-1306080,Kuda Aruggoda East,LK-1306
LK-1306085,Maha Aruggoda,LK-1306
LK-1306090,Kuda Aruggoda West,LK-1306
LK-1306095,Batadombathuduwa,LK-1306
LK-1306100,Miriswatta,LK-1306
LK-1306105,Wanduramulla West,LK-1306
LK-1306110,Pinwala East,LK-1306
LK-1306115,Pinwala West,LK-1306
LK-1306120,Wanduramulla East,LK-1306
LK-1306125,Mahavila,LK-1306
LK-1306130,Pamunugama,LK-1306
LK-1306135,Alubomulla West,LK-1306
LK-1306140,Rambukkana North,LK-1306
LK-1306145,Kamburugoda West,LK-1306
LK-1306150,Kamburugoda East,LK-1306
LK-1306155,Veedagama West,LK-1306
LK-1306160,Gelanigama,LK-1306
LK-1306165,Raigama South,LK-1306
LK-1306170,Raigama West,LK-1306
LK-1306175,Raigama East,LK-1306
LK-1306180,Raigama North,LK-1306
LK-1306185,Kolamediriya North,LK-1306
LK-1306190,Bandaragama East,LK-1306
LK-1306195,Bandaragama,LK-1306
LK-1306200,Rambukkana South,LK-1306
LK-1306205,Bolgoda,LK-1306
LK-1306210,Mahabellana,LK-1306
LK-1306215,Imbulliha,LK-1306
LK-1306220,Diganathuduwa,LK-1306
LK-1306225,Madupitiya,LK-1306
LK-1306230,Mahawatta,LK-1306
LK-1306235,Bandaragama West,LK-1306
LK-1306240,Yatiyana,LK-1306
LK-1306245,Wevita,LK-1306
LK-1306250,Atulugama East,LK-1306
LK-1306255,Panape,LK-1306
LK-1306260,Galgemandiya,LK-1306
LK-1306265,Atulugama West,LK-1306
LK-1306270,Bamunumulla (Muslim),LK-1306
LK-1306275,Bamunumulla,LK-1306
LK-1306280,Epitamulla,LK-1306
LK-1306285,Korawala,LK-1306
LK-1306290,Bogahawatta,LK-1306
LK-1306295,Kimmanthudawa,LK-1306
LK-1309005,Kotigamgoda,LK-1309
LK-1309010,Pahala Millewa North,LK-1309
LK-1309015,Pahala Millewa South,LK-1309
LK-1309020,Ihala Millewa North,LK-1309
LK-1309025,Ihala Millewa South,LK-1309
LK-1309030,Thalagala East,LK-1309
LK-1309035,Thalagala North,LK-1309
LK-1309040,Thalagala West,LK-1309
LK-1309045,Olaboduwa North,LK-1309
LK-1309050,Koralaima,LK-1309
LK-1309055,Godigamuwa East,LK-1309
LK-1309060,Halapitiya,LK-1309
LK-1309065,Welmilla,LK-1309
LK-1309070,Godigamuwa West,LK-1309
LK-1309075,Palannoruwa,LK-1309
LK-1309080,Olaboduwa South,LK-1309
LK-1309085,Olaboduwa East,LK-1309
LK-1309090,Thalagala South,LK-1309
LK-1309095,Pannila,LK-1309
LK-1309100,Kahatapitiya,LK-1309
LK-1309105,Uduwa North,LK-1309
LK-1309110,Kidelpitiya,LK-1309
LK-1309115,Gorokgoda,LK-1309
LK-1309120,Dambara,LK-1309
LK-1309125,Handupelpola,LK-1309
LK-1309130,Kuda Uduwa,LK-1309
LK-1309135,Maha Uduwa,LK-1309
LK-1309140,Kananvila North,LK-1309
LK-1309145,Batuvita North,LK-1309
LK-1309150,Kumbuka East,LK-1309
LK-1309155,Kumbuka South,LK-1309
LK-1309160,Kumbuka North,LK-1309
LK-1309165,Kumbuka West,LK-1309
LK-1309170,Pokunuvita,LK-1309
LK-1309175,Batuvita South,LK-1309
LK-1309180,Meemana,LK-1309
LK-1309185,Kananvila South,LK-1309
LK-1309190,Uduwa South,LK-1309
LK-1309195,Kirigalahena,LK-1309
LK-1309200,Meewanapalana West,LK-1309
LK-1309205,Meewanapalana East,LK-1309
LK-1309210,Gurugoda,LK-1309
LK-1309215,Munagama East,LK-1309
LK-1309220,Midellamulahena,LK-1309
LK-1309225,Ovitiyagala,LK-1309
LK-1309230,Aramanagolla,LK-1309
LK-1309235,Werullahena,LK-1309
LK-1309240,Kulupana,LK-1309
LK-1309245,Kanewala,LK-1309
LK-1309250,Henegama,LK-1309
LK-1309255,Gal Edandugoda,LK-1309
LK-1309260,Horana North,LK-1309
LK-1309265,Munagama West,LK-1309
LK-1309270,Dikhenagama,LK-1309
LK-1309275,Narthanagala,LK-1309
LK-1309280,Horana South,LK-1309
LK-1309285,Wewala West,LK-1309
LK-1309290,Halthotiyawatta,LK-1309
LK-1309295,Mahena,LK-1309
LK-1309300,Wewala East,LK-1309
LK-1309305,Horana East,LK-1309
LK-1310005,Menerigama,LK-1310
LK-1310010,Arakavila,LK-1310
LK-1310015,Kandanapitiya,LK-1310
LK-1310020,Kottiyawatta,LK-1310
LK-1310025,Kurana North,LK-1310
LK-1310030,Kurana South,LK-1310
LK-1310035,Kotigala,LK-1310
LK-1310040,Handapangoda East,LK-1310
LK-1310045,Handapangoda West,LK-1310
LK-1310050,Kekuladola,LK-1310
LK-1310055,Handapangoda South,LK-1310
LK-1310060,Batugampala,LK-1310
LK-1310065,Raigam Wattha,LK-1310
LK-1310070,Maha Ingiriya,LK-1310
LK-1310075,Nambapana,LK-1310
LK-1310080,Urugala East,LK-1310
LK-1310085,Ingiriya East,LK-1310
LK-1310090,Ingiriya North,LK-1310
LK-1310095,Nimalagama,LK-1310
LK-1310100,Eduragala,LK-1310
LK-1310105,Maputugala,LK-1310
LK-1310110,Pelpitigoda,LK-1310
LK-1310115,Rathmalgoda East,LK-1310
LK-1310120,Rathmalgoda West,LK-1310
LK-1310125,Poruwadanda West,LK-1310
LK-1310130,Poruwadanda East,LK-1310
LK-1310135,Wagawatta,LK-1310
LK-1310140,Kekulaliya,LK-1310
LK-1310145,Dombagaskanda,LK-1310
LK-1310150,Ingiriya West,LK-1310
LK-1310155,Urugala West,LK-1310
LK-1312005,Ihala Naragala,LK-1312
LK-1312010,Kobawaka North,LK-1312
LK-1312015,Diwalakada,LK-1312
LK-1312020,Meegahakumbura,LK-1312
LK-1312025,Yahalawatta,LK-1312
LK-1312030,Bothale Gamgoda,LK-1312
LK-1312035,Kongasthenna,LK-1312
LK-1312040,Halwathura,LK-1312
LK-1312045,Amaragedara North,LK-1312
LK-1312050,Bothale,LK-1312
LK-1312055,Bulathsinhala North,LK-1312
LK-1312060,Egaloya,LK-1312
LK-1312065,Kobawaka South,LK-1312
LK-1312070,Ihala Naragala South,LK-1312
LK-1312075,Govinna North,LK-1312
LK-1312080,Pahala Naragala,LK-1312
LK-1312085,Dewamulla,LK-1312
LK-1312090,Govinna South,LK-1312
LK-1312095,Retiyala,LK-1312
LK-1312100,Galahena,LK-1312
LK-1312105,Bulathsinhala South,LK-1312
LK-1312110,Bulathsinhala,LK-1312
LK-1312115,Bulathsinhala Central,LK-1312
LK-1312120,Amaragedara South,LK-1312
LK-1312125,Delmella,LK-1312
LK-1312130,Udugalakanda,LK-1312
LK-1312135,Niggaha,LK-1312
LK-1312140,Yatagampitiya,LK-1312
LK-1312145,Karaldekma,LK-1312
LK-1312150,Bulathsinhala East,LK-1312
LK-1312155,Damparadugoda,LK-1312
LK-1312160,Pahala Welgama,LK-1312
LK-1312165,Bulathsinhala West,LK-1312
LK-1312170,Diyakaduwa East,LK-1312
LK-1312175,Diyakaduwa West,LK-1312
LK-1312180,Bogahawatta,LK-1312
LK-1312185,Mahagama North,LK-1312
LK-1312190,Demodarawatta,LK-1312
LK-1312195,Thennahena,LK-1312
LK-1312200,Ihala Welgama,LK-1312
LK-1312205,Paragoda West,LK-1312
LK-1312210,Paragoda East,LK-1312
LK-1312215,Molkawa,LK-1312
LK-1312220,Galahitiya,LK-1312
LK-1312225,Mahagama East,LK-1312
LK-1312230,Polegoda West,LK-1312
LK-1312235,Mahagama West,LK-1312
LK-1312240,Pahala Kudaligama,LK-1312
LK-1312245,Ihala Kudaligama,LK-1312
LK-1312250,Weyangalla West,LK-1312
LK-1312255,Weyangalla East,LK-1312
LK-1312260,Mahagama South,LK-1312
LK-1312265,Muduna,LK-1312
LK-1312270,Gamagewatta,LK-1312
LK-1315005,Ilimba,LK-1315
LK-1315010,Kandana North,LK-1315
LK-1315015,Kandana South,LK-1315
LK-1315020,Elawella,LK-1315
LK-1315025,Bellapitiya West,LK-1315
LK-1315030,Mahena South,LK-1315
LK-1315035,Bellapitiya East,LK-1315
LK-1315040,Walpita,LK-1315
LK-1315045,Werawatta,LK-1315
LK-1315050,Peramunagama,LK-1315
LK-1315055,Weliketella,LK-1315
LK-1315060,Remuna,LK-1315
LK-1315065,Mahayala East,LK-1315
LK-1315070,Kananvila,LK-1315
LK-1315075,Mahayala West,LK-1315
LK-1315080,Hallankanda,LK-1315
LK-1315085,Koodella,LK-1315
LK-1315090,Madurawala East,LK-1315
LK-1315095,Kudayala,LK-1315
LK-1315100,Pahala Karannagoda,LK-1315
LK-1315105,Anguruwathota,LK-1315
LK-1315110,Madurawala West,LK-1315
LK-1315115,Keselhenawa,LK-1315
LK-1315120,Karannagoda,LK-1315
LK-1315125,Ihala Karannagoda,LK-1315
LK-1315130,Katuhena,LK-1315
LK-1315135,Warakagoda North,LK-1315
LK-1315140,Warakagoda West,LK-1315
LK-1315145,Warakagoda South,LK-1315
LK-1315150,Warakagoda East,LK-1315
LK-1315155,Nahalla,LK-1315
LK-1315160,Pahalagoda,LK-1315
LK-1315165,Ihalagoda,LK-1315
LK-1318005,Gungamuwa,LK-1318
LK-1318010,Bellanthudawa,LK-1318
LK-1318015,Kelesgamuwa,LK-1318
LK-1318020,Welikala,LK-1318
LK-1318025,Thibbotugoda,LK-1318
LK-1318030,Lenawara,LK-1318
LK-1318035,Halthota,LK-1318
LK-1318040,Langana,LK-1318
LK-1318045,Deldorawatta,LK-1318
LK-1318050,Millaniya,LK-1318
LK-1318055,Raddegoda,LK-1318
LK-1318060,Delkada,LK-1318
LK-1318065,Paragasthota,LK-1318
LK-1318070,Dikhena,LK-1318
LK-1318075,Arakagoda,LK-1318
LK-1318080,Kennanthudawa,LK-1318
LK-1318085,Mawathgama,LK-1318
LK-1318090,Yalagala,LK-1318
LK-1318095,Labugama,LK-1318
LK-1318100,Pethigamuwa North,LK-1318
LK-1318105,Pethigamuwa South,LK-1318
LK-1318110,Weniwelpitiya,LK-1318
LK-1318115,Millagaspola,LK-1318
LK-1318120,Boralessa,LK-1318
LK-1318125,Pelpola,LK-1318
LK-1318130,Imbulahena,LK-1318
LK-1318135,Punsiripura,LK-1318
LK-1318140,Galpatha West,LK-1318
LK-1318145,Galpatha East,LK-1318
LK-1318150,Batagoda,LK-1318
LK-1318155,Mulkadakanda,LK-1318
LK-1318160,Adhikarigoda,LK-1318
LK-1318165,Dombagoda,LK-1318
LK-1318170,Uduwara North,LK-1318
LK-1318175,Uduwara West,LK-1318
LK-1318180,Uduwara East,LK-1318
LK-1318185,Uduwara South,LK-1318
LK-1318190,Pathakada,LK-1318
LK-1318195,Panagoda,LK-1318
LK-1318200,Yatawara South,LK-1318
LK-1318205,Mahadurupitiya,LK-1318
LK-1318210,Delgoda,LK-1318
LK-1318215,Yatawara North,LK-1318
LK-1318220,Begamuwa Thalahitiya,LK-1318
LK-1321005,Mestiya,LK-1321
LK-1321010,Maha Gonadoowa,LK-1321
LK-1321015,Kuda Gonadoowa,LK-1321
LK-1321020,Moronthuduwa North,LK-1321
LK-1321025,Mawala,LK-1321
LK-1321030,Melegama North,LK-1321
LK-1321035,Melegama South,LK-1321
LK-1321040,Habaralagahalanda,LK-1321
LK-1321045,Pohoddaramulla West,LK-1321
LK-1321050,Pohoddaramulla East,LK-1321
LK-1321055,Pothupitiya East,LK-1321
LK-1321060,Mawala South,LK-1321
LK-1321065,Maharekma,LK-1321
LK-1321070,Nandoowa,LK-1321
LK-1321075,Moronthuduwa South,LK-1321
LK-1321080,Kalapugama,LK-1321
LK-1321085,Kalapugama West,LK-1321
LK-1321090,Ariyagama,LK-1321
LK-1321095,Deldoowa,LK-1321
LK-1321100,Nugagoda,LK-1321
LK-1321105,Pothupitiya South,LK-1321
LK-1321110,Pothupitiya North,LK-1321
LK-1321115,Pothupitiya West,LK-1321
LK-1321120,Meda Pothupitiya,LK-1321
LK-1321125,Kuda Waskaduwa West,LK-1321
LK-1321130,Kuda Waskaduwa North,LK-1321
LK-1321135,Kuda Waskaduwa East,LK-1321
LK-1321140,Kapuhena,LK-1321
LK-1321145,Usgodella,LK-1321
LK-1321150,Panapitiya North,LK-1321
LK-1321155,Paraduwa,LK-1321
LK-1321160,Dodammulla,LK-1321
LK-1321165,Diyagama,LK-1321
LK-1321170,Panapitiya South,LK-1321
LK-1321175,Rannungala,LK-1321
LK-1321180,Uggalbada West,LK-1321
LK-1321185,Dediyawala,LK-1321
LK-1321190,Pothupitiya North,LK-1321
LK-1321195,Mahawaskaduwa South,LK-1321
LK-1321200,Mahawaskaduwa North,LK-1321
LK-1321205,Vilegoda North,LK-1321
LK-1321210,Malwatta,LK-1321
LK-1321215,Wijerathnawatta,LK-1321
LK-1321220,Uggalbada East,LK-1321
LK-1321225,Thekkawatta,LK-1321
LK-1321230,Jawatta,LK-1321
LK-1321235,Botnikwatta,LK-1321
LK-1321240,Kalutara North,LK-1321
LK-1321245,Deshasthra Kalutara,LK-1321
LK-1321250,Deshasthra Kalutara West,LK-1321
LK-1321255,Vidyasara,LK-1321
LK-1321260,Thotupala,LK-1321
LK-1321265,Ethanamadala,LK-1321
LK-1321270,Palathota,LK-1321
LK-1321275,Welapura,LK-1321
LK-1321280,Kalutara South,LK-1321
LK-1321285,Kuda Heenatiyangala,LK-1321
LK-1321290,Ilukwatta,LK-1321
LK-1321295,Vilegoda South,LK-1321
LK-1321300,Godaparagahahena,LK-1321
LK-1321305,Kithulawa,LK-1321
LK-1321310,Alwiswatta,LK-1321
LK-1321315,Etavila,LK-1321
LK-1321320,Akkaragoda,LK-1321
LK-1321325,Mahawatta,LK-1321
LK-1321330,Kalutara South A,LK-1321
LK-1321335,Kalapuwa,LK-1321
LK-1321340,Wettumakada,LK-1321
LK-1321345,Kurunduwatta,LK-1321
LK-1321350,Maha Heenatiyangala,LK-1321
LK-1321355,Wattamulla,LK-1321
LK-1321360,Alubogahalanda,LK-1321
LK-1321365,Rajawatta Aluth Kotasa,LK-1321
LK-1321370,Rajawatta Parana Kotasa,LK-1321
LK-1321375,Pulartan,LK-1321
LK-1321380,Uswatta,LK-1321
LK-1321385,Katukurunda,LK-1321
LK-1321390,Kalamulla North,LK-1321
LK-1321395,Nagoda West,LK-1321
LK-1321400,Kajudoowawatta,LK-1321
LK-1321405,Nagoda South,LK-1321
LK-1321410,Weniwelketiya,LK-1321
LK-1321415,Gallassa,LK-1321
LK-1321420,Kalamulla East,LK-1321
LK-1321425,Kalamulla South,LK-1321
LK-1321430,Ethagama West,LK-1321
LK-1321435,Ethagama East,LK-1321
LK-1324005,Kuda Payagala North,LK-1324
LK-1324010,Mehimulla,LK-1324
LK-1324015,Pambe,LK-1324
LK-1324020,Hirigalgodella,LK-1324
LK-1324025,Malegoda,LK-1324
LK-1324030,Kuda Payagala South,LK-1324
LK-1324035,Payagala North,LK-1324
LK-1324040,Pinidiyamulla,LK-1324
LK-1324045,Viharakanada,LK-1324
LK-1324050,Palayangoda,LK-1324
LK-1324055,Weragala,LK-1324
LK-1324060,Katukurundugahalanda East,LK-1324
LK-1324065,Katukurundugahalanda West,LK-1324
LK-1324070,Pothuvila East,LK-1324
LK-1324075,Mahagammedda,LK-1324
LK-1324080,Maha Payagala,LK-1324
LK-1324085,Pothuvila West,LK-1324
LK-1324090,Munasinghagoda,LK-1324
LK-1324095,Diyalagoda,LK-1324
LK-1324100,Kapugoda,LK-1324
LK-1324105,Halkandavila,LK-1324
LK-1324110,Yovungama,LK-1324
LK-1324115,Doowegoda,LK-1324
LK-1324120,Kendagahavila,LK-1324
LK-1324125,Munhena,LK-1324
LK-1324130,Maggona East,LK-1324
LK-1324135,Akkaramale,LK-1324
LK-1324140,Maggona West,LK-1324
LK-1324145,Idiriligoda,LK-1324
LK-1324150,Kuda Magalkanda,LK-1324
LK-1324155,Magalkanda North,LK-1324
LK-1324160,Magalkanda South,LK-1324
LK-1324165,Akkara Asoowa,LK-1324
LK-1324170,Bubulalanda,LK-1324
LK-1324175,Kadurugasmulla,LK-1324
LK-1324180,Bandanagoda,LK-1324
LK-1324185,Kalavilakanda,LK-1324
LK-1324190,Walathara,LK-1324
LK-1324195,Pannila,LK-1324
LK-1324200,Cheenakotuwa,LK-1324
LK-1324205,Akkaragoda,LK-1324
LK-1324210,Karandagoda,LK-1324
LK-1324215,Marakkalahawatta,LK-1324
LK-1324220,Polkotuwa,LK-1324
LK-1324225,Paranakade,LK-1324
LK-1324230,Maradana,LK-1324
LK-1324235,Hettiyakanda,LK-1324
LK-1324240,Massalgoda,LK-1324
LK-1324245,Kankanamgoda,LK-1324
LK-1324250,Ambepitiya,LK-1324
LK-1324255,Pinhena,LK-1324
LK-1324260,Pinhena Colony,LK-1324
LK-1324265,Kalavila,LK-1324
LK-1324270,Malewangoda,LK-1324
LK-1324275,Padagoda,LK-1324
LK-1324280,Hettimulla,LK-1324
LK-1324285,Mahagoda,LK-1324
LK-1324290,Maligahena,LK-1324
LK-1324295,Moragalla,LK-1324
LK-1324300,Mullapitiya,LK-1324
LK-1324305,Gammedda,LK-1324
LK-1324310,Kaluwamodara North,LK-1324
LK-1324315,Galhena,LK-1324
LK-1324320,Alakadupitiya,LK-1324
LK-1324325,Welipitiya,LK-1324
LK-1324330,Pathirajagoda,LK-1324
LK-1324335,Kadiyawatta,LK-1324
LK-1324340,Malewana,LK-1324
LK-1324345,Adikarigoda,LK-1324
LK-1324350,Nakandalagoda,LK-1324
LK-1324355,Danwattagoda,LK-1324
LK-1324360,Kotapitiya,LK-1324
LK-1324365,Warapitiya,LK-1324
LK-1324370,Dharga Town East,LK-1324
LK-1324375,Ganga Addara,LK-1324
LK-1324380,Dharaga Town,LK-1324
LK-1324385,Kaluwamodara East,LK-1324
LK-1324390,Kaluwamodara West,LK-1324
LK-1324395,Ganegama,LK-1324
LK-1324400,Seenawatta,LK-1324
LK-1324405,Aluthgama East,LK-1324
LK-1324410,Aluthgama West,LK-1324
LK-1327005,Koholana North,LK-1327
LK-1327010,Ukwatta,LK-1327
LK-1327015,Bolossagama,LK-1327
LK-1327020,Remunagoda North,LK-1327
LK-1327025,Pelapitiyagoda South,LK-1327
LK-1327030,Pelapitiyagoda North,LK-1327
LK-1327035,Pahala Nebada,LK-1327
LK-1327040,Nebada,LK-1327
LK-1327045,Nebada West,LK-1327
LK-1327050,Thebuwana East,LK-1327
LK-1327055,Thebuwana West,LK-1327
LK-1327060,Remunagoda South,LK-1327
LK-1327065,Gamagoda East,LK-1327
LK-1327070,Serupita East,LK-1327
LK-1327075,Serupita West,LK-1327
LK-1327080,Koholana South,LK-1327
LK-1327085,Adhikarigoda,LK-1327
LK-1327090,Gamagoda West,LK-1327
LK-1327095,Bombuwala North-West,LK-1327
LK-1327100,Bombuwala North-Central,LK-1327
LK-1327105,Bombuwala North-East,LK-1327
LK-1327110,Bombuwala South-West,LK-1327
LK-1327115,Bombuwala South-Central,LK-1327
LK-1327120,Bombuwala South-East,LK-1327
LK-1327125,Thudugala East,LK-1327
LK-1327130,Wellatha,LK-1327
LK-1327135,Ihala Nebada,LK-1327
LK-1327140,Wattahena,LK-1327
LK-1327145,Nehinna,LK-1327
LK-1327150,Wadugama,LK-1327
LK-1327155,Thudugala West,LK-1327
LK-1327160,Dodangoda East-North,LK-1327
LK-1327165,Dodangoda West-North,LK-1327
LK-1327170,Dodangoda West-North West,LK-1327
LK-1327175,Dodangoda West,LK-1327
LK-1327180,Dodangoda West-Central,LK-1327
LK-1327185,Dodangoda West-South,LK-1327
LK-1327190,Dodangoda East-South,LK-1327
LK-1327195,Sapugahawatta,LK-1327
LK-1327200,Puhambugoda East,LK-1327
LK-1327205,Dodangoda East,LK-1327
LK-1327210,Dodangoda East-Central,LK-1327
LK-1327215,Puhambugoda West,LK-1327
LK-1327220,Eladoowa,LK-1327
LK-1327225,Galpottavila,LK-1327
LK-1330005,Iddagoda West,LK-1330
LK-1330010,Iddagoda East,LK-1330
LK-1330015,Hiriketiya,LK-1330
LK-1330020,Panthiya,LK-1330
LK-1330025,Welimanana,LK-1330
LK-1330030,Bopitiya East,LK-1330
LK-1330035,Yattovita,LK-1330
LK-1330040,Mathugama West,LK-1330
LK-1330045,Mathugama North,LK-1330
LK-1330050,Gurudola,LK-1330
LK-1330055,Wettewa,LK-1330
LK-1330060,Mathugama East,LK-1330
LK-1330065,Mathugama South,LK-1330
LK-1330070,Naravila,LK-1330
LK-1330075,Bopitiya West,LK-1330
LK-1330080,Diyagala,LK-1330
LK-1330085,Thambaretiya,LK-1330
LK-1330090,Yatadolawatta East,LK-1330
LK-1330095,Yatadolawatta West,LK-1330
LK-1330100,Aluthgamgoda,LK-1330
LK-1330105,Navuttuduwa,LK-1330
LK-1330110,Keeranthidiya,LK-1330
LK-1330115,Pussalamulla,LK-1330
LK-1330120,Kolehekada,LK-1330
LK-1330125,Kotagedara,LK-1330
LK-1330130,Henegama,LK-1330
LK-1330135,Badugama,LK-1330
LK-1330140,Ovitigala,LK-1330
LK-1330145,Sandasirigama,LK-1330
LK-1330150,Badugama New Colony,LK-1330
LK-1330155,Horawala East,LK-1330
LK-1330160,Horawala North,LK-1330
LK-1330165,Horawala,LK-1330
LK-1330170,Horawala West,LK-1330
LK-1330175,Welipenna East South,LK-1330
LK-1330180,Welipenna West,LK-1330
LK-1330185,Welipenna East-North,LK-1330
LK-1330190,Dippita,LK-1330
LK-1330195,Lewwanduwa North,LK-1330
LK-1330200,Henpita,LK-1330
LK-1330205,Galmatta,LK-1330
LK-1330210,Walagedara North,LK-1330
LK-1330215,Warakatholla,LK-1330
LK-1330220,Nugagahalanda,LK-1330
LK-1330225,Keppetiyagahalanda,LK-1330
LK-1330230,Bondupitiya,LK-1330
LK-1330235,Andawala,LK-1330
LK-1330240,Thalgasgoda,LK-1330
LK-1330245,Indigasthuduwa,LK-1330
LK-1330250,Ladduwa,LK-1330
LK-1330255,Meegama,LK-1330
LK-1330260,Dewagoda,LK-1330
LK-1330265,Walagedara South,LK-1330
LK-1330270,Kurudippita,LK-1330
LK-1330275,Lewwanduwa West,LK-1330
LK-1330280,Lewwanduwa East,LK-1330
LK-1330285,Madawala,LK-1330
LK-1333005,Girikola,LK-1333
LK-1333010,Pimbura,LK-1333
LK-1333015,Omatta,LK-1333
LK-1333020,Omatta East,LK-1333
LK-1333025,Evariwatta,LK-1333
LK-1333030,Kekulandala South,LK-1333
LK-1333035,Halovita,LK-1333
LK-1333040,Udawela,LK-1333
LK-1333045,Helamba,LK-1333
LK-1333050,Yatiyana West,LK-1333
LK-1333055,Gorokgoda,LK-1333
LK-1333060,Beragama,LK-1333
LK-1333065,Agalawatta,LK-1333
LK-1333070,Kekulandala North,LK-1333
LK-1333075,Dapiligoda,LK-1333
LK-1333080,Wandurabba,LK-1333
LK-1333085,Yatiyana East,LK-1333
LK-1333090,Pinnagoda,LK-1333
LK-1333095,Bodhiyakanda,LK-1333
LK-1333100,Mulatiyana,LK-1333
LK-1333105,Ridirekhagama,LK-1333
LK-1333110,Kithulgoda,LK-1333
LK-1333115,Kithulgoda South,LK-1333
LK-1333120,Kuda Kalupahana,LK-1333
LK-1333125,Kalupahana,LK-1333
LK-1333130,Kevitiyagala North,LK-1333
LK-1333135,Diyapattugama,LK-1333
LK-1333140,Kurupita,LK-1333
LK-1333145,Harankahapatha,LK-1333
LK-1333150,Kevitiyagala,LK-1333
LK-1333155,Polgampala,LK-1333
LK-1333160,Polgampala East,LK-1333
LK-1333165,Rathmale East,LK-1333
LK-1333170,Rathmale,LK-1333
LK-1336005,Kosgulana,LK-1336
LK-1336010,Kelinkanda,LK-1336
LK-1336015,Kelinkanda Colony,LK-1336
LK-1336020,Walakada,LK-1336
LK-1336025,Kapugedara,LK-1336
LK-1336030,Galahitiya,LK-1336
LK-1336035,Ilukpatha,LK-1336
LK-1336040,Pelenda West,LK-1336
LK-1336045,Pelenda,LK-1336
LK-1336050,Bampara,LK-1336
LK-1336055,Ambegoda,LK-1336
LK-1336060,Morapitiya North,LK-1336
LK-1336065,Morapitiya,LK-1336
LK-1336070,Midalana West,LK-1336
LK-1336075,Maragahadeniya,LK-1336
LK-1336080,Lathpandura East,LK-1336
LK-1336085,Bellana East,LK-1336
LK-1336090,Viharagama,LK-1336
LK-1336095,Kapugama,LK-1336
LK-1336100,Bellana,LK-1336
LK-1336105,Yakupitiya,LK-1336
LK-1336110,Lathpandura,LK-1336
LK-1336115,Kamburawala,LK-1336
LK-1336120,Baduraliya,LK-1336
LK-1336125,Diggoda,LK-1336
LK-1336130,Midalana,LK-1336
LK-1336135,Morapitiya South,LK-1336
LK-1336140,Athwelthota,LK-1336
LK-1336145,Diganna,LK-1336
LK-1336150,Batahena,LK-1336
LK-1336155,Hedigalla,LK-1336
LK-1336160,Magura East,LK-1336
LK-1336165,Magura West,LK-1336
LK-1336170,Addaragoda,LK-1336
LK-1336175,Penigala,LK-1336
LK-1336180,Kalugala,LK-1336
LK-1336185,Athale,LK-1336
LK-1336190,Ingurudaluwa,LK-1336
LK-1336195,Bollunna,LK-1336
LK-1336200,Kalukandawa,LK-1336
LK-1336205,Batagodavila,LK-1336
LK-1336210,Boralugoda,LK-1336
LK-1336215,Thiniyawala,LK-1336
LK-1339005,Pannila South,LK-1339
LK-1339010,Pannila East,LK-1339
LK-1339015,Uragoda West,LK-1339
LK-1339020,Uragoda East,LK-1339
LK-1339025,Lihiniyawa West,LK-1339
LK-1339030,Lihiniyawa East,LK-1339
LK-1339035,Moragala,LK-1339
LK-1339040,Meegahathenna,LK-1339
LK-1339045,Mallawachchigoda Gangabada,LK-1339
LK-1339050,Bothalawa,LK-1339
LK-1339055,Kumbadoowa,LK-1339
LK-1339060,Maddegama,LK-1339
LK-1339065,Bogodakanda,LK-1339
LK-1339070,Halwalakele Malwathukanda,LK-1339
LK-1339075,Uthumgama,LK-1339
LK-1339080,Kuda Mathugama,LK-1339
LK-1339085,Pareigama North,LK-1339
LK-1339090,Halwala,LK-1339
LK-1339095,Pannila,LK-1339
LK-1339100,Miriswatta,LK-1339
LK-1339105,Ittapana North,LK-1339
LK-1339110,Malambehena,LK-1339
LK-1339115,Ittapana West,LK-1339
LK-1339120,Ittapana South,LK-1339
LK-1339125,Ittapana East,LK-1339
LK-1339130,Loolbadduwa,LK-1339
LK-1339135,Pareigama South,LK-1339
LK-1339140,Gulavita North,LK-1339
LK-1339145,Wedawatta,LK-1339
LK-1339150,Katukele Welmeegoda,LK-1339
LK-1339155,Ranepuragoda,LK-1339
LK-1339160,Mandagala,LK-1339
LK-1339165,Yattapatha,LK-1339
LK-1339170,Pahala Hewessa North,LK-1339
LK-1339175,Pahala Hewessa south,LK-1339
LK-1339180,Pelawatta East,LK-1339
LK-1339185,Pelawatta,LK-1339
LK-1339190,Pelawatta West North,LK-1339
LK-1339195,Makalandawa,LK-1339
LK-1339200,Makalandawa South,LK-1339
LK-1339205,Gulavita South,LK-1339
LK-1339210,Udugama,LK-1339
LK-1339215,Karapagala,LK-1339
LK-1339220,Gammana East,LK-1339
LK-1339225,Gammana West,LK-1339
LK-1339230,Gorakadoowa,LK-1339
LK-1339235,Yagirala,LK-1339
LK-1339240,Katudora,LK-1339
LK-1339245,Magurumasvila,LK-1339
LK-1339250,Walallavita East,LK-1339
LK-1339255,Pelawatta West South,LK-1339
LK-1339260,Gorakadoowa,LK-1339
LK-1339265,Miriswatta,LK-1339
LK-1339270,Thundola,LK-1339
LK-1339275,Weerakanda,LK-1339
LK-1339280,Gulanawatta,LK-1339
LK-1339285,Kankotawatta,LK-1339
LK-1339290,Ihala Hewessa,LK-1339
LK-1339295,Walallavita South,LK-1339
LK-1339300,Thotaha,LK-1339
LK-2103005,Meegahahena South,LK-2103
LK-2103010,Meegahahena,LK-2103
LK-2103015,Galabawa,LK-2103
LK-2103020,Kobbegala,LK-2103
LK-2103025,Ambagahahena,LK-2103
LK-2103030,Rokhill,LK-2103
LK-2103035,Akkarawatta,LK-2103
LK-2103040,Bonakot,LK-2103
LK-2103045,Haddapitiya,LK-2103
LK-2103050,Delgasyaya,LK-2103
LK-2103055,Gallenawatta,LK-2103
LK-2103060,Kandanhena East,LK-2103
LK-2103065,Namaltenna,LK-2103
LK-2103070,Alawattegama,LK-2103
LK-2103075,Kumburegama,LK-2103
LK-2103080,Ban Anga,LK-2103
LK-2103085,Ethamulla,LK-2103
LK-2103090,Palukopi watta,LK-2103
LK-2103095,Damunugasthenna,LK-2103
LK-2103100,Galagedara West,LK-2103
LK-2103105,Udapitiya,LK-2103
LK-2103110,Galagedara Madige South,LK-2103
LK-2103115,Galagedara,LK-2103
LK-2103120,Galagedara Madige,LK-2103
LK-2103125,Pethigewela,LK-2103
LK-2103130,Udalagama,LK-2103
LK-2103135,Gunadaha,LK-2103
LK-2103140,Medagoda Pahala,LK-2103
LK-2103145,Opalla,LK-2103
LK-2103150,Gangodapitiya,LK-2103
LK-2103155,Pubbiliya,LK-2103
LK-2103160,Kannadeniya,LK-2103
LK-2103165,Barandara,LK-2103
LK-2103170,Kaluwana,LK-2103
LK-2103175,Kinigama West,LK-2103
LK-2103180,Kinigama East,LK-2103
LK-2103185,Pottila,LK-2103
LK-2103190,Uduwa,LK-2103
LK-2103195,Medagoda Ihala,LK-2103
LK-2103200,Naranwala,LK-2103
LK-2103205,Hithgodawalpola,LK-2103
LK-2103210,Paranagama,LK-2103
LK-2103215,Wettewa,LK-2103
LK-2103220,Pavulpawa,LK-2103
LK-2103225,Kirindiwelpola,LK-2103
LK-2103230,Kuragama North,LK-2103
LK-2103235,Nikathenna,LK-2103
LK-2103240,Etambegoda,LK-2103
LK-2103245,Thahalpitiya,LK-2103
LK-2103250,Dehideniya,LK-2103
LK-2103255,Kandekumbura,LK-2103
LK-2103260,Diyapalagoda,LK-2103
LK-2103265,Niyangoda,LK-2103
LK-2103270,Niyambepola,LK-2103
LK-2103275,Henegama Palkumbura,LK-2103
LK-2103280,Idamegama,LK-2103
LK-2103285,Marawanagoda,LK-2103
LK-2103290,Adungama Palkumbura,LK-2103
LK-2103295,Kuragama,LK-2103
LK-2103300,Udahenepola,LK-2103
LK-2103305,Poholiyadda,LK-2103
LK-2103310,Hiyadala,LK-2103
LK-2103315,Pallekotuwa,LK-2103
LK-2103320,Hiyadala Walpola,LK-2103
LK-2103325,Minigamuwa,LK-2103
LK-2103330,Minigamuwa Ihala,LK-2103
LK-2103335,Thennewela,LK-2103
LK-2106005,Egodamulla North,LK-2106
LK-2106010,Ihalamulla,LK-2106
LK-2106015,Dehiwatta,LK-2106
LK-2106020,Egodamulla South,LK-2106
LK-2106025,Pahala Kithulgolla,LK-2106
LK-2106030,Alawatta,LK-2106
LK-2106035,Uda Kithulgolla,LK-2106
LK-2106040,Ankumbura South,LK-2106
LK-2106045,Ankumbura North,LK-2106
LK-2106050,Uggala Janapadaya,LK-2106
LK-2106055,Pallegama Pahala,LK-2106
LK-2106060,Welgala,LK-2106
LK-2106065,Ankumbura Udagama,LK-2106
LK-2106070,Kovilamuduna,LK-2106
LK-2106075,Galhinna,LK-2106
LK-2106080,Galkanda,LK-2106
LK-2106085,Palliya Kotuwa,LK-2106
LK-2106090,Batagolladeniya,LK-2106
LK-2106095,Watagalathenna,LK-2106
LK-2106100,Morankanda,LK-2106
LK-2106105,Wewala North,LK-2106
LK-2106110,Udahena,LK-2106
LK-2106115,Siyapathgama,LK-2106
LK-2106120,Pathirada,LK-2106
LK-2106125,Udahingulwala,LK-2106
LK-2106130,Pahala Hingulwala,LK-2106
LK-2106135,Rambukewela,LK-2106
LK-2106140,Godahena,LK-2106
LK-2106145,Kahatagasthenna,LK-2106
LK-2106150,Watagoda,LK-2106
LK-2106155,Dolapihilla North,LK-2106
LK-2106160,Dolapihilla South,LK-2106
LK-2106165,Weligalla,LK-2106
LK-2106170,Wewala,LK-2106
LK-2106175,Bokkawala,LK-2106
LK-2106180,Harankahawa,LK-2106
LK-2106185,Henegama,LK-2106
LK-2106190,Molagoda,LK-2106
LK-2106195,Waldeniya,LK-2106
LK-2106200,Medagoda,LK-2106
LK-2106205,Diddeniya,LK-2106
LK-2106210,Ovissa North,LK-2106
LK-2106215,Ovissa South,LK-2106
LK-2106220,Kiralagama,LK-2106
LK-2106225,Paleepana,LK-2106
LK-2106230,Dombagammana,LK-2106
LK-2106235,Uggahakumbura,LK-2106
LK-2106240,Marathugoda North,LK-2106
LK-2106245,Marathugoda South,LK-2106
LK-2106250,Ambaruppa,LK-2106
LK-2106255,Gallella,LK-2106
LK-2106260,Maruddana,LK-2106
LK-2106265,Alagoda,LK-2106
LK-2106270,Madadeniya,LK-2106
LK-2106275,Warakadeniya,LK-2106
LK-2106280,Batagalla North,LK-2106
LK-2106285,Bamunupola,LK-2106
LK-2106290,Batugoda North,LK-2106
LK-2106295,Batagalla South,LK-2106
LK-2106300,Batugoda South,LK-2106
LK-2106305,Diwanawatta,LK-2106
LK-2106310,Mullegama North,LK-2106
LK-2106315,Kahawatta North,LK-2106
LK-2106320,Kahawatta South,LK-2106
LK-2106325,Mullegama South,LK-2106
LK-2106330,Kaluwana South,LK-2106
LK-2106335,Kaluwana North,LK-2106
LK-2109005,Rambuke Ela,LK-2109
LK-2109010,Vilana Udagama,LK-2109
LK-2109015,Vilana Pallegama,LK-2109
LK-2109020,Walahena,LK-2109
LK-2109025,Alawathugoda,LK-2109
LK-2109030,Balakaduwa,LK-2109
LK-2109035,Mawathupola,LK-2109
LK-2109040,Arambepola,LK-2109
LK-2109045,Delgasgoda,LK-2109
LK-2109050,Dippitiya,LK-2109
LK-2109055,Malwanahinna,LK-2109
LK-2109060,Konakalagala,LK-2109
LK-2109065,Malgamandeniya,LK-2109
LK-2109070,Rathukoho,LK-2109
LK-2109075,Marahela,LK-2109
LK-2109080,Hureegolla,LK-2109
LK-2109085,Neerella,LK-2109
LK-2109090,Melchena,LK-2109
LK-2109095,Bulugohothenna,LK-2109
LK-2109100,Kasawatta,LK-2109
LK-2109105,Udaweliketiya,LK-2109
LK-2109110,Palleweliketiya,LK-2109
LK-2109115,Dodangolla,LK-2109
LK-2109120,Akurana,LK-2109
LK-2109125,Delgasthenna,LK-2109
LK-2109130,Kurugoda,LK-2109
LK-2109135,Deegala,LK-2109
LK-2109140,Pangollamada,LK-2109
LK-2109145,Dunuvila North,LK-2109
LK-2109150,Dunuvila South,LK-2109
LK-2109155,Palle Deegala,LK-2109
LK-2109160,Thelambugahawatta,LK-2109
LK-2109165,Waragashinna,LK-2109
LK-2109170,Kurudugahaela,LK-2109
LK-2109175,Uggala,LK-2109
LK-2112005,Yatawara,LK-2112
LK-2112010,Yatawara Kandagama,LK-2112
LK-2112015,Ihala Yatawara,LK-2112
LK-2112020,Udurawana,LK-2112
LK-2112025,Doragamuwa,LK-2112
LK-2112030,Bogahakumbura,LK-2112
LK-2112035,Deegahawathura,LK-2112
LK-2112040,Mahakumbura,LK-2112
LK-2112045,Mandandawela,LK-2112
LK-2112050,Paranagama,LK-2112
LK-2112055,Aluthgama,LK-2112
LK-2112060,Walpaladeniya,LK-2112
LK-2112065,Puwakgahadeniya,LK-2112
LK-2112070,Wattegama,LK-2112
LK-2112075,Wattegama North,LK-2112
LK-2112080,Gunembil,LK-2112
LK-2112085,Eriyagasthenna,LK-2112
LK-2112090,Pitiyegedara,LK-2112
LK-2112095,Yatirawana,LK-2112
LK-2112100,Meegammana,LK-2112
LK-2112105,Meegammana West,LK-2112
LK-2112110,Galadeniya,LK-2112
LK-2112115,Udathalavinna,LK-2112
LK-2112120,Pallethalavinna Ihala,LK-2112
LK-2112125,Moonamale,LK-2112
LK-2112130,Kendaliyadda,LK-2112
LK-2112135,Girakaduwa,LK-2112
LK-2112140,Ambathenna,LK-2112
LK-2112145,Molagodayawatta,LK-2112
LK-2112150,Megodagama,LK-2112
LK-2112155,Egodagama,LK-2112
LK-2112160,Millanga,LK-2112
LK-2112165,Pallethalavinna,LK-2112
LK-2112170,Udathalavinna Madige,LK-2112
LK-2112175,Meegamawatta,LK-2112
LK-2112180,Madawala Madige,LK-2112
LK-2112185,Madawala,LK-2112
LK-2112190,Walala,LK-2112
LK-2112195,Ketakahala,LK-2112
LK-2112200,Thalkotuwa,LK-2112
LK-2112205,Napana,LK-2112
LK-2112210,Leemagahadeniya,LK-2112
LK-2112215,Pihilladeniya,LK-2112
LK-2112220,Gunnepana Madige,LK-2112
LK-2112225,Polgolla,LK-2112
LK-2112230,Balanagala,LK-2112
LK-2112235,Nawayalathenna,LK-2112
LK-2112240,Kahalla,LK-2112
LK-2112245,Kalugalawatta,LK-2112
LK-2112250,Galewatta,LK-2112
LK-2112255,Abasingama,LK-2112
LK-2112260,Hamindagoda,LK-2112
LK-2115005,Kelebokka,LK-2115
LK-2115010,Watakele,LK-2115
LK-2115015,Mahapathana,LK-2115
LK-2115020,Kosgama,LK-2115
LK-2115025,Thawalanthenna,LK-2115
LK-2115030,Gomaraya,LK-2115
LK-2115035,Beddegama,LK-2115
LK-2115040,Arattana,LK-2115
LK-2115045,Madulkele,LK-2115
LK-2115050,Hathale,LK-2115
LK-2115055,Angammana,LK-2115
LK-2115060,Udugoda,LK-2115
LK-2115065,Pitawala,LK-2115
LK-2115070,Panvila,LK-2115
LK-2118005,Meemure,LK-2118
LK-2118010,Kumbukgolla,LK-2118
LK-2118015,Kaikawala,LK-2118
LK-2118020,Pusseela,LK-2118
LK-2118025,Karambaketiya,LK-2118
LK-2118030,Gerandigala,LK-2118
LK-2118035,Moonamalpelessa,LK-2118
LK-2118040,Kalugala,LK-2118
LK-2118045,Udailuka,LK-2118
LK-2118050,Padupola,LK-2118
LK-2118055,Udakumbura,LK-2118
LK-2118060,Kalugaloya,LK-2118
LK-2118065,Dumbaragama,LK-2118
LK-2118070,Pallewela,LK-2118
LK-2118075,Udawela,LK-2118
LK-2118080,Kandegama,LK-2118
LK-2118085,Wadawalakanda,LK-2118
LK-2118090,Kobonilla,LK-2118
LK-2118095,Pallekanda,LK-2118
LK-2118100,Hanwella,LK-2118
LK-2118105,Andideniya,LK-2118
LK-2118110,Dambagahapitiya,LK-2118
LK-2118115,Poppitiya,LK-2118
LK-2118120,Oyathenna,LK-2118
LK-2118125,Thalagune,LK-2118
LK-2118130,Gedaramada,LK-2118
LK-2118135,Kirigankumbura,LK-2118
LK-2118140,Udadumbara,LK-2118
LK-2118145,Nawanagala,LK-2118
LK-2118150,Hunnasgiriya,LK-2118
LK-2118155,Kiripattiya,LK-2118
LK-2118160,Halyala,LK-2118
LK-2118165,Mendiriya,LK-2118
LK-2118170,Gangoda,LK-2118
LK-2118175,Udapitawala,LK-2118
LK-2118180,Mahawala,LK-2118
LK-2118185,Pitawala Udagammaedda,LK-2118
LK-2118190,Godakumbura,LK-2118
LK-2118195,Mediwaka,LK-2118
LK-2118200,Karandagolla,LK-2118
LK-2118205,Rambukwella East,LK-2118
LK-2118210,Rambukwella West,LK-2118
LK-2118215,Denapitiya,LK-2118
LK-2118220,Nugethenna East,LK-2118
LK-2118225,Nugethenna West,LK-2118
LK-2118230,Kevulgama,LK-2118
LK-2118235,Ganegala,LK-2118
LK-2118240,Minuwangamuwa,LK-2118
LK-2118245,Kalalgamuwa,LK-2118
LK-2118250,Pitawala,LK-2118
LK-2118255,Dewahandiya East,LK-2118
LK-2118260,Hapukanda East,LK-2118
LK-2118265,Hapukanda West,LK-2118
LK-2118270,Madugalla Udagammedda,LK-2118
LK-2118275,Madugalla North,LK-2118
LK-2118280,Madugalla South,LK-2118
LK-2118285,Pamunethenna,LK-2118
LK-2118290,Devinnegama,LK-2118
LK-2118295,Bambarabedda East,LK-2118
LK-2118300,Bambarabedda West,LK-2118
LK-2118305,Pitigoda,LK-2118
LK-2118310,Kalawala,LK-2118
LK-2118315,Dewahandiya East,LK-2118
LK-2121005,Galamuduna,LK-2121
LK-2121010,Dungolla,LK-2121
LK-2121015,Thotillagas Ella,LK-2121
LK-2121020,Palugolla,LK-2121
LK-2121025,Wewere,LK-2121
LK-2121030,Dehemigama,LK-2121
LK-2121035,Himbutuwa,LK-2121
LK-2121040,Udattawa North,LK-2121
LK-2121045,Pallegaladebokka,LK-2121
LK-2121050,Udagaladebokka,LK-2121
LK-2121055,Udattawa,LK-2121
LK-2121060,Dambagahawela,LK-2121
LK-2121065,Kindigoda North,LK-2121
LK-2121070,Udawela,LK-2121
LK-2121075,Kindigoda South,LK-2121
LK-2121080,Ulpathagama,LK-2121
LK-2121085,Ambagolla,LK-2121
LK-2121090,Dambepitiya,LK-2121
LK-2121095,Welgahawadiya,LK-2121
LK-2121100,Mahayaya North,LK-2121
LK-2121105,08 Ela,LK-2121
LK-2121110,Welgala,LK-2121
LK-2121115,Mahayaya South,LK-2121
LK-2121120,Thorapitiya,LK-2121
LK-2121125,Keenapelessa,LK-2121
LK-2121130,Mahagalaheenna,LK-2121
LK-2121135,Hasalaka,LK-2121
LK-2121140,Pallewatta,LK-2121
LK-2121145,Hasalaka Nagaraya,LK-2121
LK-2121150,Maha Eswedduma,LK-2121
LK-2121155,Rathnella,LK-2121
LK-2121160,Gurulupotha,LK-2121
LK-2121165,Waragolla,LK-2121
LK-2121170,Weragama,LK-2121
LK-2121175,Bulathwelkandura,LK-2121
LK-2121180,Weraganthota,LK-2121
LK-2121185,Morayaya,LK-2121
LK-2121190,Lunumadalaketiya,LK-2121
LK-2121195,Diyabubula,LK-2121
LK-2121200,Handaganawa,LK-2121
LK-2121205,Batumulla,LK-2121
LK-2121210,Udayagala,LK-2121
LK-2121215,Asamodagamyaya,LK-2121
LK-2121220,Ambagahapelessa,LK-2121
LK-2121225,Muttettuthenna,LK-2121
LK-2121230,Minipe,LK-2121
LK-2121235,Kolonyaya,LK-2121
LK-2121240,Bembiya,LK-2121
LK-2124005,Elliyadda,LK-2124
LK-2124010,Thunisgala,LK-2124
LK-2124015,Gonawala,LK-2124
LK-2124020,Thangappuwa,LK-2124
LK-2124025,Kotaganga,LK-2124
LK-2124030,Bulathwatta,LK-2124
LK-2124035,Galabadawatta,LK-2124
LK-2124040,Nagolla,LK-2124
LK-2124045,Galkotuwa,LK-2124
LK-2124050,Werapitiya,LK-2124
LK-2124055,Werathenna,LK-2124
LK-2124060,Randiwela,LK-2124
LK-2124065,Bobebila,LK-2124
LK-2124070,Duckwariya,LK-2124
LK-2124075,Rangala Aluthwatta,LK-2124
LK-2124080,Ferndail,LK-2124
LK-2124085,Hakmana,LK-2124
LK-2124090,Burnside,LK-2124
LK-2124095,Rangala,LK-2124
LK-2124100,Weladaramba,LK-2124
LK-2124105,Makuldeniya,LK-2124
LK-2124110,Waradiwela,LK-2124
LK-2124115,Giddawa-Waradiwela,LK-2124
LK-2124120,Dunhinna,LK-2124
LK-2124125,Maneluwa,LK-2124
LK-2124130,Giddawa,LK-2124
LK-2124135,Weliketiya,LK-2124
LK-2124140,Putuhapuwa,LK-2124
LK-2124145,Udabage,LK-2124
LK-2124150,Amupitiya,LK-2124
LK-2124155,Godamunna,LK-2124
LK-2124160,Katugoda,LK-2124
LK-2124165,Heeloya,LK-2124
LK-2124170,Kandekumbura,LK-2124
LK-2124175,Retiyagama,LK-2124
LK-2124180,Poddalgoda,LK-2124
LK-2124185,Nilgala,LK-2124
LK-2124190,Madeniyawaka,LK-2124
LK-2124195,Embalagama,LK-2124
LK-2124200,Siridigana,LK-2124
LK-2124205,Nugepathana,LK-2124
LK-2124210,Watapana,LK-2124
LK-2124215,Ambalagala,LK-2124
LK-2124220,Gangasirigama,LK-2124
LK-2124225,Madapola,LK-2124
LK-2124230,Kandegama,LK-2124
LK-2124235,Randeniya,LK-2124
LK-2124240,Pallebage,LK-2124
LK-2124245,Gabbela,LK-2124
LK-2124250,Udispattuwa,LK-2124
LK-2124255,Ranmulla,LK-2124
LK-2124260,Maharawela,LK-2124
LK-2124265,Kurukohogama,LK-2124
LK-2124270,Kiribattalawa,LK-2124
LK-2124275,Hathiyalwela,LK-2124
LK-2124280,Mangoda,LK-2124
LK-2124285,Rambukpotha,LK-2124
LK-2124290,Namandagala,LK-2124
LK-2124295,Metideniya,LK-2124
LK-2124300,Doraliyadda South,LK-2124
LK-2124305,Wegala,LK-2124
LK-2124310,Meegahamaditta,LK-2124
LK-2124315,Rambukwella East,LK-2124
LK-2124320,Rambukwella,LK-2124
LK-2124325,Udawela,LK-2124
LK-2124330,Wellethota,LK-2124
LK-2124335,Vilamuna,LK-2124
LK-2124340,Karalliyadda,LK-2124
LK-2124345,Ambagahalanda,LK-2124
LK-2124350,Hijrapura,LK-2124
LK-2124355,Galambalama,LK-2124
LK-2124360,Maberiyathenna,LK-2124
LK-2124365,Ellepola,LK-2124
LK-2124370,Wewegama,LK-2124
LK-2124375,Senarathwela,LK-2124
LK-2124380,Nithulemada,LK-2124
LK-2124385,Udathenna,LK-2124
LK-2124390,Medamahanuwara,LK-2124
LK-2124395,Bomure,LK-2124
LK-2124400,Rajagala,LK-2124
LK-2124405,Wathuliyadda,LK-2124
LK-2124410,Moragahamula,LK-2124
LK-2124415,Mahadoraliyadda,LK-2124
LK-2124425,Puwakgahadiwela,LK-2124
LK-2124430,Ambale,LK-2124
LK-2124435,Meeriyagolla,LK-2124
LK-2124440,Bambaragahadeniya,LK-2124
LK-2124445,Meegahalanda,LK-2124
LK-2124450,Sandasiri Dunuvila,LK-2124
LK-2124455,Thennalanda,LK-2124
LK-2124460,Udagammedda,LK-2124
LK-2124465,Welapahala,LK-2124
LK-2124470,Meda Gammedda,LK-2124
LK-2127005,Dunuhappawa,LK-2127
LK-2127010,Naranpanawa West,LK-2127
LK-2127015,Kandekumbura,LK-2127
LK-2127020,Alawathugirigama,LK-2127
LK-2127025,Galpihilla,LK-2127
LK-2127030,Makkanigama,LK-2127
LK-2127035,Wavinna,LK-2127
LK-2127040,Pallegama,LK-2127
LK-2127045,Maharathenna West,LK-2127
LK-2127050,Udagama North,LK-2127
LK-2127055,Ihala Gonagama,LK-2127
LK-2127060,Delgaslanda,LK-2127
LK-2127065,Lunuketiyamaditta,LK-2127
LK-2127070,Naranpanawa East,LK-2127
LK-2127075,Kuruambemuduna,LK-2127
LK-2127080,Maluwegama,LK-2127
LK-2127085,Wepathana,LK-2127
LK-2127090,Gonawala North,LK-2127
LK-2127095,Deliwalathenna,LK-2127
LK-2127100,Heepitiya,LK-2127
LK-2127105,Udagama South,LK-2127
LK-2127110,Maharathenna East,LK-2127
LK-2127115,Manikhinna,LK-2127
LK-2127120,Hurikaduwa North,LK-2127
LK-2127125,Hurikaduwa West,LK-2127
LK-2127130,Bigaskumbura,LK-2127
LK-2127135,Pilawala North,LK-2127
LK-2127140,Amunugama North,LK-2127
LK-2127145,Amunugama South,LK-2127
LK-2127150,Udagunnepana South,LK-2127
LK-2127155,Udagunnepana North,LK-2127
LK-2127160,Gabadagama South,LK-2127
LK-2127165,Gabadagama North,LK-2127
LK-2127170,Pallegunnepana South,LK-2127
LK-2127175,Pallegunnepana North,LK-2127
LK-2127180,Sirimalwatte West,LK-2127
LK-2127185,Sirimalwatta East,LK-2127
LK-2127190,Sirimalwatte Pallegama,LK-2127
LK-2127195,Lewellagama,LK-2127
LK-2127200,Degaldoruwa,LK-2127
LK-2127205,Deekirimadawala,LK-2127
LK-2127210,Hapuwala,LK-2127
LK-2127215,Galapitaambe,LK-2127
LK-2127220,Hathamuna,LK-2127
LK-2127225,Dodamgolla,LK-2127
LK-2127230,Hurikaduwa South,LK-2127
LK-2127235,Hurikaduwa East,LK-2127
LK-2127240,Hurikaduwa Madige,LK-2127
LK-2127245,Galamuna,LK-2127
LK-2127250,Malpana,LK-2127
LK-2127255,Ahaspokuna North,LK-2127
LK-2127260,Gonawala South,LK-2127
LK-2127265,Kumbukkandura South,LK-2127
LK-2127270,Kumbukkandura North,LK-2127
LK-2127275,Rajawella North,LK-2127
LK-2127280,Ahaspokuna South,LK-2127
LK-2127285,Ihalawela,LK-2127
LK-2127290,Kengalla,LK-2127
LK-2127295,Nithulethenna,LK-2127
LK-2127300,Dambarawa,LK-2127
LK-2127305,Pilawala South,LK-2127
LK-2127310,Mahawatta East,LK-2127
LK-2127315,Mahawatta North,LK-2127
LK-2127320,Mahawatta West,LK-2127
LK-2127325,Mahawatta South,LK-2127
LK-2127330,Arangala North,LK-2127
LK-2127335,Karattamada,LK-2127
LK-2127340,Arangala South,LK-2127
LK-2127345,Galmaduwa,LK-2127
LK-2127350,Nattarampotha,LK-2127
LK-2127355,Kundasale North,LK-2127
LK-2127360,Kundasale South,LK-2127
LK-2127365,Balagolla West,LK-2127
LK-2127370,Balagolla East,LK-2127
LK-2127375,Aswalapitiya,LK-2127
LK-2127380,Diyabubula,LK-2127
LK-2127385,Rajawella South,LK-2127
LK-2127390,Aluth Pallekele,LK-2127
LK-2127395,Wijaya Sri Gama,LK-2127
LK-2127400,Ambakote,LK-2127
LK-2130005,Mavilmada,LK-2130
LK-2130010,Siyambalagasthenna,LK-2130
LK-2130015,Pitakanda Gama,LK-2130
LK-2130020,Senkadagala,LK-2130
LK-2130025,Wattaranthenna,LK-2130
LK-2130030,Nittawela,LK-2130
LK-2130035,Watapuluwa,LK-2130
LK-2130040,Mahaweli Uyana,LK-2130
LK-2130045,Watapuluwa South,LK-2130
LK-2130050,Aruppala East,LK-2130
LK-2130055,Aruppala West,LK-2130
LK-2130060,Watapuluwa West,LK-2130
LK-2130065,Mahaiyawa,LK-2130
LK-2130070,Mapanawathura,LK-2130
LK-2130075,Poorna Watta East,LK-2130
LK-2130080,Poorna Watta West,LK-2130
LK-2130085,Asgiriya,LK-2130
LK-2130090,Bahirawa Kanda,LK-2130
LK-2130095,Nuwara Dodamwala,LK-2130
LK-2130100,Aniwatta East,LK-2130
LK-2130105,Katukele West,LK-2130
LK-2130110,Katukele,LK-2130
LK-2130115,Ihala Katukele,LK-2130
LK-2130120,Mahanuwara,LK-2130
LK-2130125,Lewella,LK-2130
LK-2130130,Thalwatta,LK-2130
LK-2130135,Boowelikada,LK-2130
LK-2130140,Malwatta,LK-2130
LK-2130145,Bogambara,LK-2130
LK-2130150,Deiyannewela,LK-2130
LK-2130155,Nagasthenna,LK-2130
LK-2130160,Suduhumpala East,LK-2130
LK-2130165,Suduhumpala West,LK-2130
LK-2130170,Welata,LK-2130
LK-2130175,Aniwatta West,LK-2130
LK-2130180,Gatambe,LK-2130
LK-2130185,Pahala Eriyagama,LK-2130
LK-2130190,Godagandeniya,LK-2130
LK-2130195,Palle Peradeniya,LK-2130
LK-2130200,Uda Bowala,LK-2130
LK-2130205,Bowala,LK-2130
LK-2130210,Mulgampala,LK-2130
LK-2130215,Heeressagala,LK-2130
LK-2130220,Hanthna Pedesa,LK-2130
LK-2130225,Ampitiya South,LK-2130
LK-2130230,Ampitiya North,LK-2130
LK-2130235,Ampitiya Udagama North,LK-2130
LK-2130240,Thennakumbura,LK-2130
LK-2130245,Ampitiya Pallegama,LK-2130
LK-2130250,Meddegama,LK-2130
LK-2130255,Ampitiya Udagama South,LK-2130
LK-2130260,Wewathenna,LK-2130
LK-2130265,Ulpathakumbura,LK-2130
LK-2130270,Gurudeniya West,LK-2130
LK-2130275,Gurudeniya East,LK-2130
LK-2130280,Maligathenna,LK-2130
LK-2130285,Gurudeniya Dambawela,LK-2130
LK-2130290,Lewla,LK-2130
LK-2130295,Ketawala,LK-2130
LK-2130300,Bowalawatta,LK-2130
LK-2130305,Ogastawatta,LK-2130
LK-2130310,Uda Peradeniya,LK-2130
LK-2130315,Hindagala,LK-2130
LK-2130320,Mahakanda,LK-2130
LK-2133005,Amuwathdeniya,LK-2133
LK-2133010,Doranegama,LK-2133
LK-2133015,Ihagama,LK-2133
LK-2133020,Medawala,LK-2133
LK-2133025,Angoda,LK-2133
LK-2133030,Dombaralawa,LK-2133
LK-2133035,Bothota,LK-2133
LK-2133040,Attaragama East,LK-2133
LK-2133045,Attaragama,LK-2133
LK-2133050,Gonigoda-Palkumbura,LK-2133
LK-2133055,Gonigoda,LK-2133
LK-2133060,Attaragama South,LK-2133
LK-2133065,Hapugoda,LK-2133
LK-2133070,Udabokalawela,LK-2133
LK-2133075,Rajapihilla,LK-2133
LK-2133080,Ulladupitiya East,LK-2133
LK-2133085,Ulladupitiya West,LK-2133
LK-2133090,Arambegama,LK-2133
LK-2133095,Aladeniya,LK-2133
LK-2133100,Hedeniya,LK-2133
LK-2133105,Rajasinhagama,LK-2133
LK-2133110,Palkumbura,LK-2133
LK-2133115,Narangoda,LK-2133
LK-2133120,Kurundugolla,LK-2133
LK-2133125,Viguhumpola,LK-2133
LK-2133130,Hiriyalagammana,LK-2133
LK-2133135,Thittapajjala,LK-2133
LK-2133140,Thittapajjala North,LK-2133
LK-2133145,Nugawela,LK-2133
LK-2133150,Batuambe,LK-2133
LK-2133155,Endaruthenna,LK-2133
LK-2133160,Embulpuraya,LK-2133
LK-2133165,Uduwawala West,LK-2133
LK-2133170,Uduwawala North,LK-2133
LK-2133175,Pallebokalawela,LK-2133
LK-2133180,Ranawana West,LK-2133
LK-2133185,Ranawana East,LK-2133
LK-2133190,Uduwawala East,LK-2133
LK-2133195,Senarathgama North,LK-2133
LK-2133200,Wathuwala,LK-2133
LK-2133205,Uyanwatta,LK-2133
LK-2133210,Dadahogama,LK-2133
LK-2133215,Mapamadulla,LK-2133
LK-2133220,Malagammana,LK-2133
LK-2133225,Ruwanpuraya,LK-2133
LK-2133230,Kurunduwatta,LK-2133
LK-2133235,Karanduwawala Ihala,LK-2133
LK-2133240,Karanduwawala Pahala,LK-2133
LK-2133245,Owathenna,LK-2133
LK-2133250,Yahalathenna West,LK-2133
LK-2133255,Yahalathenna Kanda,LK-2133
LK-2133260,Kulugammana,LK-2133
LK-2133265,Uguressapitiya,LK-2133
LK-2133270,Senarathgama South,LK-2133
LK-2133275,Kondadeniya,LK-2133
LK-2133280,Etamurungagoda,LK-2133
LK-2133285,Yatiwawala,LK-2133
LK-2133290,Katugasthota,LK-2133
LK-2133295,Inigala,LK-2133
LK-2133300,Rathmale,LK-2133
LK-2133305,Hamangoda North,LK-2133
LK-2133310,Hamangoda South,LK-2133
LK-2133315,Uggalla,LK-2133
LK-2133320,Udadoolwala,LK-2133
LK-2133325,Kurundugahamada,LK-2133
LK-2133330,Seewaleekanda,LK-2133
LK-2133335,Mahathenna,LK-2133
LK-2133340,Bulathgolla,LK-2133
LK-2133345,Yatihalagala Udagama,LK-2133
LK-2133350,Pahala Doolwala,LK-2133
LK-2133355,Udamulla,LK-2133
LK-2133360,Gohagoda,LK-2133
LK-2133365,Wegiriya,LK-2133
LK-2133370,Polwatta,LK-2133
LK-2133375,Madapathagama,LK-2133
LK-2133380,Banwelgolla,LK-2133
LK-2133385,Narangaskumbura,LK-2133
LK-2133390,Pallemulla,LK-2133
LK-2133395,Haloluwa Pallegama,LK-2133
LK-2133400,Bogahakanda,LK-2133
LK-2133405,Yatihalagala Pallegama,LK-2133
LK-2133410,Haloluwa,LK-2133
LK-2133415,Kumburegedara,LK-2133
LK-2133420,Warathenna,LK-2133
LK-2134005,Paragoda,LK-2134
LK-2134010,Aludeniya North,LK-2134
LK-2134015,Aludeniya South,LK-2134
LK-2134020,Alakolamaditta,LK-2134
LK-2134025,Amboruwa,LK-2134
LK-2134030,Galdola,LK-2134
LK-2134035,Polwatta Ihalagama,LK-2134
LK-2134040,Ilpemada,LK-2134
LK-2134045,Polwatta,LK-2134
LK-2134050,Dunkumbura,LK-2134
LK-2134055,Nikathenna,LK-2134
LK-2134060,Narangaspitiya,LK-2134
LK-2134065,Godathale,LK-2134
LK-2134070,Kalotuwawa,LK-2134
LK-2134075,Dedunupitiya Pahalagama,LK-2134
LK-2134080,Damunupola,LK-2134
LK-2134085,Pallepola,LK-2134
LK-2134090,Welagama,LK-2134
LK-2134095,Weligodapola,LK-2134
LK-2134100,Hatharaliyadda,LK-2134
LK-2134105,Kanakkarapola North,LK-2134
LK-2134110,Mawathagama,LK-2134
LK-2134115,Imbulethenna,LK-2134
LK-2134120,Welivita Ihala North,LK-2134
LK-2134125,Welivita Ihalagama,LK-2134
LK-2134130,Sivurupitiya,LK-2134
LK-2134135,Eramuduliyadda,LK-2134
LK-2134140,Muruddeniya,LK-2134
LK-2134145,Walpalagolla North,LK-2134
LK-2134150,Walpalagolla East,LK-2134
LK-2134155,Walpalagolla South,LK-2134
LK-2134160,Welivita Pahalagama,LK-2134
LK-2134165,Handabowa,LK-2134
LK-2134170,Meegasthenna,LK-2134
LK-2134175,Kanakkarapola South,LK-2134
LK-2134180,Avulbodale,LK-2134
LK-2134185,Lechchimimenila,LK-2134
LK-2134190,Yaggala,LK-2134
LK-2134195,Rangamuwa,LK-2134
LK-2134200,Dedunupitiya Ihalagama,LK-2134
LK-2134205,Ambawa,LK-2134
LK-2134210,Dehideniya Madige,LK-2134
LK-2134215,Pelena Pahalagama,LK-2134
LK-2134220,Pelena,LK-2134
LK-2134225,Kandemeeya,LK-2134
LK-2134230,Alagalla Pahalagama,LK-2134
LK-2134235,Alagalla Ihala,LK-2134
LK-2134240,Mudagammana,LK-2134
LK-2134245,Pattapola Ihala,LK-2134
LK-2134250,Pattapola Pahalagama,LK-2134
LK-2134255,Welivita Pahalagama South,LK-2134
LK-2134260,Andiyathenna,LK-2134
LK-2134265,Kolugala,LK-2134
LK-2134270,Kolugala Pahalagama,LK-2134
LK-2134275,Kithuldora,LK-2134
LK-2134280,Aluthgama Pahala,LK-2134
LK-2134285,Aluthgama Ihala,LK-2134
LK-2136005,Alagalla Watta,LK-2136
LK-2136010,Kirimetiya Watta,LK-2136
LK-2136015,Pahala Yatigammana,LK-2136
LK-2136020,Yatigammana,LK-2136
LK-2136025,Thismada,LK-2136
LK-2136030,Kotaligoda North,LK-2136
LK-2136035,Udawela Nadithalawa,LK-2136
LK-2136040,Udawela Pallemaditta,LK-2136
LK-2136045,Wathurakumbura,LK-2136
LK-2136050,Gurugama,LK-2136
LK-2136055,Dehianga North,LK-2136
LK-2136060,Kobbekaduwa,LK-2136
LK-2136065,Ihala Kobbekaduwa,LK-2136
LK-2136070,Pelawa Ihalagama,LK-2136
LK-2136075,Yahalathenna,LK-2136
LK-2136080,Pelawa Ihala Meda,LK-2136
LK-2136085,Pelawa Pahalagama,LK-2136
LK-2136090,Gannoruwa West,LK-2136
LK-2136095,Dehigama East,LK-2136
LK-2136100,Dehigama South,LK-2136
LK-2136105,Dehigama North,LK-2136
LK-2136110,Dehianga South,LK-2136
LK-2136115,Pahala Dodamwala,LK-2136
LK-2136120,Ihala Dodamwala,LK-2136
LK-2136125,Udawela Pahalagama,LK-2136
LK-2136130,Munwathugoda,LK-2136
LK-2136135,Walgampaya,LK-2136
LK-2136140,Bathgoda,LK-2136
LK-2136145,Doluwa East,LK-2136
LK-2136150,Doluwa West,LK-2136
LK-2136155,Kotaligoda South,LK-2136
LK-2136160,Menikdiwela,LK-2136
LK-2136165,Pottepitiya,LK-2136
LK-2136170,Ihala Alagalla,LK-2136
LK-2136175,Godigamuwa,LK-2136
LK-2136180,Motana Dekinda,LK-2136
LK-2136185,Gondeniya,LK-2136
LK-2136190,Madiligama,LK-2136
LK-2136195,Udarathmeewala,LK-2136
LK-2136200,Pahala Rathmeewala,LK-2136
LK-2136205,Deldeniya,LK-2136
LK-2136210,Walgowwagoda,LK-2136
LK-2136215,Kavudupana,LK-2136
LK-2136220,Haliyadda,LK-2136
LK-2136225,Danthure,LK-2136
LK-2136230,Siyambalagoda,LK-2136
LK-2136235,Parakatawella,LK-2136
LK-2136240,Imbulmalgama,LK-2136
LK-2136245,Diyapalagoda,LK-2136
LK-2136250,Mangalagama,LK-2136
LK-2136255,Karuwalawatta,LK-2136
LK-2136260,Gannoruwa Central,LK-2136
LK-2136265,Dehideniya West,LK-2136
LK-2136270,Sooriyagoda,LK-2136
LK-2136275,Malgammana,LK-2136
LK-2136280,Moladanda,LK-2136
LK-2136285,Giragama,LK-2136
LK-2136290,Arambegama East,LK-2136
LK-2136295,Kudaoya,LK-2136
LK-2136300,Kurunduwatta,LK-2136
LK-2136305,Kandangama North,LK-2136
LK-2136310,Mamudawala,LK-2136
LK-2136315,Maligathenna,LK-2136
LK-2136320,Ketakumbura,LK-2136
LK-2136325,Amunupura,LK-2136
LK-2136330,Moragolla Mahakanda,LK-2136
LK-2136335,Balana,LK-2136
LK-2136340,Weralugolla,LK-2136
LK-2136345,Pahala Mudaliwatta,LK-2136
LK-2136350,Mudaliwatta,LK-2136
LK-2136355,Panabokka,LK-2136
LK-2136360,Kandangama South,LK-2136
LK-2136365,Kotabogoda,LK-2136
LK-2136370,Urapola,LK-2136
LK-2136375,Arambegama West,LK-2136
LK-2136380,Embilmeegama North,LK-2136
LK-2136385,Ranawana,LK-2136
LK-2136390,Bulumulla,LK-2136
LK-2136395,Pilapitiya,LK-2136
LK-2136400,Kiribathkumbura East,LK-2136
LK-2136405,Dehideniya East,LK-2136
LK-2136410,Kendakaduwa,LK-2136
LK-2136415,Gannoruwa East,LK-2136
LK-2136420,Uda Eriyagama East,LK-2136
LK-2136425,Uda Eriyagama West],LK-2136
LK-2136430,Edanduwawa East,LK-2136
LK-2136435,Edanduwawa West,LK-2136
LK-2136440,Kiribathkumbura West,LK-2136
LK-2136445,Embilmeegama South,LK-2136
LK-2136450,Govindala,LK-2136
LK-2136455,Pilimathalawa,LK-2136
LK-2136460,Ilukwatta,LK-2136
LK-2136465,Madarangoda,LK-2136
LK-2136470,Kadawathgama,LK-2136
LK-2136475,Kadugannawa Town,LK-2136
LK-2139005,Gangoda,LK-2139
LK-2139010,Gangoda North,LK-2139
LK-2139015,Werellamana,LK-2139
LK-2139020,Thalawatta,LK-2139
LK-2139025,Boyagama,LK-2139
LK-2139030,Gangoda South,LK-2139
LK-2139035,Gadaladeniya North,LK-2139
LK-2139040,Kiriwavula East,LK-2139
LK-2139045,Kiriwavula West,LK-2139
LK-2139050,Alanduwaka,LK-2139
LK-2139055,Pahala Koorukuttala,LK-2139
LK-2139060,Ihala Koorukuttala,LK-2139
LK-2139065,Belungala,LK-2139
LK-2139070,Lagamuwa,LK-2139
LK-2139075,Mathgamuwa,LK-2139
LK-2139080,Urulewatta,LK-2139
LK-2139085,Warakagoda,LK-2139
LK-2139090,Hepana,LK-2139
LK-2139095,Gadaladeniya South,LK-2139
LK-2139100,Deliwala,LK-2139
LK-2139105,Pamunuwa West,LK-2139
LK-2139110,Pamunuwa East,LK-2139
LK-2139115,Mampitiya,LK-2139
LK-2139120,Rajagiriya,LK-2139
LK-2139125,Hendeniya West,LK-2139
LK-2139130,Hendeniya East,LK-2139
LK-2139135,Penideniya,LK-2139
LK-2139140,Sangabogama,LK-2139
LK-2139145,Meewathura,LK-2139
LK-2139150,Angunawala East,LK-2139
LK-2139155,Angunawala West,LK-2139
LK-2139160,Yalegoda East,LK-2139
LK-2139165,Yalegoda West,LK-2139
LK-2139170,Alapalawala East,LK-2139
LK-2139175,Alapalawala West,LK-2139
LK-2139180,Walgama,LK-2139
LK-2139185,Rabbegamuwa North,LK-2139
LK-2139190,Rabbegamuwa South,LK-2139
LK-2139195,Hiddavulla East,LK-2139
LK-2139200,Ganguldeniya,LK-2139
LK-2139205,Wattappola,LK-2139
LK-2139210,Walagedara North,LK-2139
LK-2139215,Udagama,LK-2139
LK-2139220,Aluthkanda,LK-2139
LK-2139225,Sadikkawatta,LK-2139
LK-2139230,Kovilakanda,LK-2139
LK-2139235,Walagedara South,LK-2139
LK-2139240,Nikahetiya,LK-2139
LK-2139245,Panabokka,LK-2139
LK-2139250,Hiddavulla West,LK-2139
LK-2139255,Hiyarapitiya,LK-2139
LK-2139260,Heeyawala,LK-2139
LK-2139265,Imbuldeniya,LK-2139
LK-2139270,Naranwala,LK-2139
LK-2139275,Handessa,LK-2139
LK-2139280,Piligalla West,LK-2139
LK-2139285,Piligalla East,LK-2139
LK-2139290,Godapola West,LK-2139
LK-2139295,Godapola East,LK-2139
LK-2139300,Kamburadeniya,LK-2139
LK-2139305,Meewaladeniya,LK-2139
LK-2139310,Arattana,LK-2139
LK-2139315,Davulagala,LK-2139
LK-2139320,Aravuwawala,LK-2139
LK-2139325,Rangama,LK-2139
LK-2139330,Wathupola,LK-2139
LK-2139335,Manikkawa,LK-2139
LK-2139340,Elpitikanda,LK-2139
LK-2139345,Kooradeniya,LK-2139
LK-2139350,Ambanwala,LK-2139
LK-2139355,Werawala East,LK-2139
LK-2139360,Werawala West,LK-2139
LK-2139365,Siyambalagoda,LK-2139
LK-2139370,Meddegoda,LK-2139
LK-2139375,Embekka,LK-2139
LK-2139380,Ambarapola,LK-2139
LK-2139385,Eladetta West,LK-2139
LK-2139390,Ihala Pethiyagoda,LK-2139
LK-2139395,Pethiyagoda West,LK-2139
LK-2139400,Pethiyagoda East,LK-2139
LK-2139405,Palle Aludeniya,LK-2139
LK-2139410,Karamada North,LK-2139
LK-2139415,Nawa Peradeniya,LK-2139
LK-2139420,Karamada South,LK-2139
LK-2139425,Nawa Elpitiya North,LK-2139
LK-2139430,Gelioya,LK-2139
LK-2139435,Dehipagoda West,LK-2139
LK-2139440,Dehipagoda East,LK-2139
LK-2139445,Eladetta East,LK-2139
LK-2139450,Hathnagoda,LK-2139
LK-2139455,Ketakumbura,LK-2139
LK-2139460,Boowelikada,LK-2139
LK-2139465,Dodamdeniya,LK-2139
LK-2139470,Batupitiya,LK-2139
LK-2139475,Bambaradeniya,LK-2139
LK-2139480,Pilapitiya,LK-2139
LK-2139485,Rangoda,LK-2139
LK-2139490,Ambagasthenna,LK-2139
LK-2139495,Welamboda,LK-2139
LK-2139500,Liyangaha Watta,LK-2139
LK-2139505,Maveekumbura North,LK-2139
LK-2139510,Maveekumbura South,LK-2139
LK-2139515,Watadeniya,LK-2139
LK-2139520,Viharagama,LK-2139
LK-2139525,Ganhatha,LK-2139
LK-2139530,Daskara,LK-2139
LK-2139535,Wegiriya East,LK-2139
LK-2139540,Thalawathura,LK-2139
LK-2139545,Muruthagahamula,LK-2139
LK-2139550,Pitawalawatta,LK-2139
LK-2139555,Nawa Elpitiya South,LK-2139
LK-2139560,Polgahaanga,LK-2139
LK-2139565,Delgahapitiya,LK-2139
LK-2139570,Weligalla,LK-2139
LK-2139575,Uda Aludeniya,LK-2139
LK-2139580,Palkumbura,LK-2139
LK-2139585,Lunugama,LK-2139
LK-2139590,Hondiyadeniya,LK-2139
LK-2139595,Wegiriya West,LK-2139
LK-2139600,Kotagaloluwa,LK-2139
LK-2139605,Deldeniya,LK-2139
LK-2139610,Dihitideniya,LK-2139
LK-2139615,Appallagoda East,LK-2139
LK-2139620,Appallagoda West,LK-2139
LK-2142005,Galoya,LK-2142
LK-2142010,Haloya,LK-2142
LK-2142015,Wariyagala,LK-2142
LK-2142020,Megoda Kalugamuwa,LK-2142
LK-2142025,Ganegoda,LK-2142
LK-2142030,Godawela,LK-2142
LK-2142035,Nawa Gurukele,LK-2142
LK-2142040,Nillamba,LK-2142
LK-2142045,Nawa Nillamba,LK-2142
LK-2142050,Palledelthota,LK-2142
LK-2142055,Gurukele,LK-2142
LK-2142060,Lagumdeniya,LK-2142
LK-2142065,Orayanwatta,LK-2142
LK-2142070,Doluwa,LK-2142
LK-2142075,Inguruwatta,LK-2142
LK-2142080,Naranvita,LK-2142
LK-2142085,Atuwewatta,LK-2142
LK-2142090,Gampolawatta,LK-2142
LK-2142095,Wewathenna,LK-2142
LK-2142100,Thundeniya,LK-2142
LK-2142105,Kahawatta,LK-2142
LK-2142110,Gothatuwela,LK-2142
LK-2142115,Millagahamula,LK-2142
LK-2142120,Pabadeniya,LK-2142
LK-2142125,Panvilathenna,LK-2142
LK-2142130,Masgolla,LK-2142
LK-2142135,Thumpelawaka,LK-2142
LK-2142140,Mulgama,LK-2142
LK-2142145,Ududeniya,LK-2142
LK-2142150,Hunugala,LK-2142
LK-2142155,Rajathalawa,LK-2142
LK-2142160,Pupuressa,LK-2142
LK-2142165,Pitawala,LK-2142
LK-2145005,Uduwelawatta Colony,LK-2145
LK-2145010,Galthenna,LK-2145
LK-2145015,Wathuliyedda,LK-2145
LK-2145020,Monarangala,LK-2145
LK-2145025,Nehiniwela,LK-2145
LK-2145030,Godompitiya,LK-2145
LK-2145035,Hippola,LK-2145
LK-2145040,Kossinna,LK-2145
LK-2145045,Thalathuoya  West,LK-2145
LK-2145050,Pussathenna,LK-2145
LK-2145055,Pinnagolla,LK-2145
LK-2145060,Singharagama,LK-2145
LK-2145065,Haragama,LK-2145
LK-2145070,Kapuliyadda East,LK-2145
LK-2145075,Kapuliyadda West,LK-2145
LK-2145080,Doolmure,LK-2145
LK-2145085,Bootawatta North,LK-2145
LK-2145090,Thalathuoya  East,LK-2145
LK-2145095,Ankelipitiya,LK-2145
LK-2145100,Batagalla,LK-2145
LK-2145105,Ethulgama East,LK-2145
LK-2145110,Ethulgama North,LK-2145
LK-2145115,Uduwela Pallegama East,LK-2145
LK-2145120,Uduwela Pallegama West,LK-2145
LK-2145125,Uduwela Pallegama South,LK-2145
LK-2145130,Uduwela Udagama West,LK-2145
LK-2145135,Uduwela Udagama East,LK-2145
LK-2145140,Ratemulla,LK-2145
LK-2145145,Pooliyadda,LK-2145
LK-2145150,Ethulgama West,LK-2145
LK-2145155,Ethulgama South,LK-2145
LK-2145160,Haputhale Egodagama,LK-2145
LK-2145165,Haputhale Udagama,LK-2145
LK-2145170,Moragolla,LK-2145
LK-2145175,Haputhale Pallegama,LK-2145
LK-2145180,Nugaliyadda Ihala,LK-2145
LK-2145185,Nugaliyadda Pahala,LK-2145
LK-2145190,Bootawatta South,LK-2145
LK-2145195,Godamunna West,LK-2145
LK-2145200,Narangasthenna,LK-2145
LK-2145205,Godalawela,LK-2145
LK-2145210,Bolepa,LK-2145
LK-2145215,Pathamailapitiya South,LK-2145
LK-2145220,Pathamailapitiya North,LK-2145
LK-2145225,Udamailapitiya North,LK-2145
LK-2145230,Damunugolla,LK-2145
LK-2145235,Marassana,LK-2145
LK-2145240,Medadeniya,LK-2145
LK-2145245,Welegama,LK-2145
LK-2145250,Godamunna East,LK-2145
LK-2145255,Letiyagolla,LK-2145
LK-2145260,Sriyagama,LK-2145
LK-2145265,Medagama Udagama,LK-2145
LK-2145270,Medagama Pallegama,LK-2145
LK-2145275,Kandewela,LK-2145
LK-2145280,Elikewela,LK-2145
LK-2145285,Meeruppa,LK-2145
LK-2145290,Kethigannawela,LK-2145
LK-2145295,Udamailapitiya South,LK-2145
LK-2145300,Galagoda,LK-2145
LK-2145305,Hewavissa East,LK-2145
LK-2145310,Hewavissa West,LK-2145
LK-2145315,Bawlana,LK-2145
LK-2145320,Oluwawatta,LK-2145
LK-2145325,Kiriwanagoda,LK-2145
LK-2145330,Ududeniya Madige,LK-2145
LK-2145335,Unuvinna East,LK-2145
LK-2145340,Unuvinna West,LK-2145
LK-2145345,Ududeniya,LK-2145
LK-2145350,Bopitiya,LK-2145
LK-2145355,Pothgoda,LK-2145
LK-2145360,Kahambiliyawa,LK-2145
LK-2145365,Neelawala,LK-2145
LK-2148005,Perawatta West,LK-2148
LK-2148010,Perawatta East,LK-2148
LK-2148015,Palugama,LK-2148
LK-2148020,Udadelthota,LK-2148
LK-2148025,Galaha,LK-2148
LK-2148030,Suduwella,LK-2148
LK-2148035,Greatweliya,LK-2148
LK-2148040,Bawlanawatta Janapadaya,LK-2148
LK-2148045,Maussawa,LK-2148
LK-2148050,Wanahapuwa,LK-2148
LK-2148055,Bopitiya Nagaraya,LK-2148
LK-2148060,Medakekila,LK-2148
LK-2148065,Karagaskada South,LK-2148
LK-2148070,Karagaskada North,LK-2148
LK-2148075,Gonangoda,LK-2148
LK-2148080,Kandegama,LK-2148
LK-2148085,Wetakepotha,LK-2148
LK-2148090,Pattiyagama Pallegama,LK-2148
LK-2148095,Kiriwanaketiya,LK-2148
LK-2148100,Kolambissa West,LK-2148
LK-2148105,Murapola West,LK-2148
LK-2148110,Murapola East,LK-2148
LK-2148115,Kolambissa East,LK-2148
LK-2148120,Nawaneliya,LK-2148
LK-2148125,Kotagepitiya,LK-2148
LK-2148130,Wadiyagoda,LK-2148
LK-2148135,Pattiyagama Udagama,LK-2148
LK-2148140,Pattiyagama Gabadama North,LK-2148
LK-2148145,Pattiyagama Gabadama South,LK-2148
LK-2151005,Egoda Kalugamuwa,LK-2151
LK-2151010,Udovita,LK-2151
LK-2151015,Kirinda,LK-2151
LK-2151020,Galgediyawa,LK-2151
LK-2151025,Ranawala,LK-2151
LK-2151030,Bowala,LK-2151
LK-2151035,Rathmalkaduwa,LK-2151
LK-2151040,Hapugaspitiya,LK-2151
LK-2151045,Unambuwa,LK-2151
LK-2151050,Ilangawatta,LK-2151
LK-2151055,Kahatapitiya,LK-2151
LK-2151060,Bothalapitiya,LK-2151
LK-2151065,Gampola East,LK-2151
LK-2151070,Mount Temple,LK-2151
LK-2151075,Keerapane,LK-2151
LK-2151080,Sinhapitiya North,LK-2151
LK-2151085,Sinhapitiya South,LK-2151
LK-2151090,Gampola West,LK-2151
LK-2151095,Polkumbura,LK-2151
LK-2151100,Illawathura,LK-2151
LK-2151105,Angammana East,LK-2151
LK-2151110,Angammana West,LK-2151
LK-2151115,Aregoda,LK-2151
LK-2151120,Kurukude,LK-2151
LK-2151125,Kudamake,LK-2151
LK-2151130,Godagama,LK-2151
LK-2151135,Jayamalapura,LK-2151
LK-2151140,Amumupuraya,LK-2151
LK-2151145,Wattehena,LK-2151
LK-2151150,Millagaspitiya,LK-2151
LK-2151155,Udagama,LK-2151
LK-2151160,Hunukotugama,LK-2151
LK-2151165,Dunukeulla,LK-2151
LK-2151170,Wanahapuwa,LK-2151
LK-2151175,Ihalagama,LK-2151
LK-2151180,Paradeka,LK-2151
LK-2151185,Amuhena,LK-2151
LK-2151190,Delpitiya,LK-2151
LK-2151195,Nawadevita,LK-2151
LK-2151200,Galatha,LK-2151
LK-2151205,Pallegama,LK-2151
LK-2151210,Pussellawa,LK-2151
LK-2151215,Wahugapitiya,LK-2151
LK-2151220,Pussellawagama,LK-2151
LK-2151225,Doragala,LK-2151
LK-2151230,Kekulanda,LK-2151
LK-2151235,Weliganga,LK-2151
LK-2151240,Kalugalhinna,LK-2151
LK-2151245,Mawathura,LK-2151
LK-2154005,Kohowala,LK-2154
LK-2154010,Polmalagama,LK-2154
LK-2154015,Galpaya,LK-2154
LK-2154020,Herakola,LK-2154
LK-2154025,Wallahagoda,LK-2154
LK-2154030,Maligapurana,LK-2154
LK-2154035,Gampolawela,LK-2154
LK-2154040,Ethgala North,LK-2154
LK-2154045,Thembiligala,LK-2154
LK-2154050,Pellapitiya North,LK-2154
LK-2154055,Malwattagama,LK-2154
LK-2154060,Giraulla,LK-2154
LK-2154065,Karagala,LK-2154
LK-2154070,Wetakedeniya,LK-2154
LK-2154075,Uduwella,LK-2154
LK-2154080,Patithalawa,LK-2154
LK-2154085,Kelly Group,LK-2154
LK-2154090,Alugolla,LK-2154
LK-2154095,Gemunupura,LK-2154
LK-2154100,Yatapana,LK-2154
LK-2154105,Pellapitiya South,LK-2154
LK-2154110,Ulapane North,LK-2154
LK-2154115,Udagama,LK-2154
LK-2154120,Ethgala West,LK-2154
LK-2154125,Ethgala  East,LK-2154
LK-2154130,Sinhapura,LK-2154
LK-2154135,Ulapane South,LK-2154
LK-2154140,Pitakanda,LK-2154
LK-2154145,Udahenthenna,LK-2154
LK-2154150,Rakshawa,LK-2154
LK-2154155,Miyanagolla,LK-2154
LK-2157005,Pallegama,LK-2157
LK-2157010,Warakawa,LK-2157
LK-2157015,Weligodawatta,LK-2157
LK-2157020,Dandubediruppa,LK-2157
LK-2157025,Penithuduwa,LK-2157
LK-2157030,Pahala Rambukpitiya,LK-2157
LK-2157035,Uda Rambukpitiya,LK-2157
LK-2157040,Balanthota North,LK-2157
LK-2157045,Weligampola,LK-2157
LK-2157050,Karahandungala,LK-2157
LK-2157055,Nawalapitiya South,LK-2157
LK-2157060,Nawalapitiya North,LK-2157
LK-2157065,Nawalapitiya West,LK-2157
LK-2157070,Nawalapitiya East,LK-2157
LK-2157075,Imbulpitiya,LK-2157
LK-2157080,Greenwood,LK-2157
LK-2157085,Bawwagama,LK-2157
LK-2157090,Kendopitiya,LK-2157
LK-2157095,Aluthgama,LK-2157
LK-2157100,Balanthota South,LK-2157
LK-2157105,Dekinda,LK-2157
LK-2157110,Mapakanda North,LK-2157
LK-2157115,Inguruoya North,LK-2157
LK-2157120,Kadiyanlena,LK-2157
LK-2157125,Westhole,LK-2157
LK-2157130,Inguruoya South,LK-2157
LK-2157135,Mapakanda South,LK-2157
LK-2157140,Wewegama,LK-2157
LK-2157145,Hydree,LK-2157
LK-2203005,Wetakoluwewa,LK-2203
LK-2203010,Dewahoowa Colony 2,LK-2203
LK-2203015,Makulugaswewa,LK-2203
LK-2203020,Ibbankatuwa,LK-2203
LK-2203025,Thalakiriyagama,LK-2203
LK-2203030,Thennakonpura,LK-2203
LK-2203035,Dandubendiruppa,LK-2203
LK-2203040,Dewahoowa Colony 1,LK-2203
LK-2203045,Bulanawewa,LK-2203
LK-2203050,Pahala Diggala,LK-2203
LK-2203055,Meewalapathaha,LK-2203
LK-2203060,Pahala Wewa,LK-2203
LK-2203065,Yatigalpotta,LK-2203
LK-2203070,Kumbukgolla,LK-2203
LK-2203075,Kosgahahinna,LK-2203
LK-2203080,Ralalerotawewa,LK-2203
LK-2203085,Moragolla,LK-2203
LK-2203090,Pibidunugama,LK-2203
LK-2203095,Aluthwewa,LK-2203
LK-2203100,Bambaragaswewa,LK-2203
LK-2203105,Beliyakanda,LK-2203
LK-2203110,Silwathgama,LK-2203
LK-2203115,Walaswewa,LK-2203
LK-2203120,Galapamula,LK-2203
LK-2203125,Damunumulla,LK-2203
LK-2203130,Pattiwela,LK-2203
LK-2203135,Nilagama,LK-2203
LK-2203140,Hombawa,LK-2203
LK-2203145,Palu Hombawa,LK-2203
LK-2203150,Dambawatawana,LK-2203
LK-2203155,Puwakpitiya,LK-2203
LK-2203160,Weragalawatta,LK-2203
LK-2203165,Nabadagahawatta,LK-2203
LK-2203170,Galewela Town,LK-2203
LK-2203175,Pathkolagolla,LK-2203
LK-2203180,Kospotha,LK-2203
LK-2203185,Ranwediyawa,LK-2203
LK-2203190,Pahala Bambawa,LK-2203
LK-2203195,Danduyaya,LK-2203
LK-2203200,Dambagolla,LK-2203
LK-2203205,Ihala Bambawa,LK-2203
LK-2203210,Siyambalagahawela,LK-2203
LK-2203215,Pihilyaya,LK-2203
LK-2203220,Medabedda North,LK-2203
LK-2203225,Divulgaskotuwa,LK-2203
LK-2203230,Hathadukkuwa,LK-2203
LK-2203235,Beligamuwa,LK-2203
LK-2203240,Medabedda South,LK-2203
LK-2203245,Wahakotte,LK-2203
LK-2203250,Galgodayaya,LK-2203
LK-2203255,Palapathwala,LK-2203
LK-2203260,Dembawa,LK-2203
LK-2203265,Elamalpotha,LK-2203
LK-2203270,Yatiwehera,LK-2203
LK-2203275,Lenawala,LK-2203
LK-2203280,Hewanwela,LK-2203
LK-2203285,Wegodapola,LK-2203
LK-2203290,Kendangamuwa,LK-2203
LK-2203295,Madipola,LK-2203
LK-2206005,Siyambala Wewa,LK-2206
LK-2206010,Avudangawa,LK-2206
LK-2206015,Gedigaswalana,LK-2206
LK-2206020,Pidurangala,LK-2206
LK-2206025,Thalkote,LK-2206
LK-2206030,Digampathaha,LK-2206
LK-2206035,Inamaluwa,LK-2206
LK-2206040,Nagalawewa,LK-2206
LK-2206045,Pothana,LK-2206
LK-2206050,Kimbissa,LK-2206
LK-2206055,Egodawewa,LK-2206
LK-2206060,Palutawa,LK-2206
LK-2206065,Sigiriya,LK-2206
LK-2206070,Mailattawa,LK-2206
LK-2206075,Pol Attawa,LK-2206
LK-2206080,Nikawatawana,LK-2206
LK-2206085,Kumbukkandanwala,LK-2206
LK-2206090,Bellanneoya,LK-2206
LK-2206095,Rathmalkatuwa,LK-2206
LK-2206100,Welihena,LK-2206
LK-2206105,Etawarahena,LK-2206
LK-2206110,Pallegama,LK-2206
LK-2206115,Bulagala,LK-2206
LK-2206120,Pelvehera,LK-2206
LK-2206125,Kandalama,LK-2206
LK-2206130,Pahala Erevula,LK-2206
LK-2206135,Ihala Ereula,LK-2206
LK-2206140,Welangolla,LK-2206
LK-2206145,Wewala Wewa,LK-2206
LK-2206150,Yakkuragala North,LK-2206
LK-2206155,Vilhatha,LK-2206
LK-2206160,Athuparayaya,LK-2206
LK-2206165,Pahala Wewa,LK-2206
LK-2206170,Dambulla Town,LK-2206
LK-2206175,Dambulugama,LK-2206
LK-2206180,Haluapullana Wewa,LK-2206
LK-2206185,Pohoranwewa,LK-2206
LK-2206190,Yapagama,LK-2206
LK-2206195,Rathmalgaha Ela,LK-2206
LK-2206200,Yakkuragala South,LK-2206
LK-2206205,Kalundewa Aluthgama,LK-2206
LK-2206210,Angunawel Pelessa,LK-2206
LK-2206215,Kalogaha Ela,LK-2206
LK-2206220,Thittawelgolla,LK-2206
LK-2206225,Moragollewa,LK-2206
LK-2206230,Kapuwatta,LK-2206
LK-2206235,Kiralagolla,LK-2206
LK-2206240,Wavulambe,LK-2206
LK-2206245,Embulambe,LK-2206
LK-2206250,Puwak Attawala,LK-2206
LK-2206255,Kalundewa Paranagama,LK-2206
LK-2206260,Walgamwewa,LK-2206
LK-2206265,Kiralessa,LK-2206
LK-2206270,Pannampitiya,LK-2206
LK-2206275,Welamitiyawa,LK-2206
LK-2206280,Etha Bandiwewa,LK-2206
LK-2206285,Lenadora North,LK-2206
LK-2206290,Lenadora South,LK-2206
LK-2206295,Nayakumbura,LK-2206
LK-2209005,Ussattawa,LK-2209
LK-2209010,Nikula,LK-2209
LK-2209015,Serudandapola,LK-2209
LK-2209020,Haduwa,LK-2209
LK-2209025,Bambaragahawatta,LK-2209
LK-2209030,Dambagolla,LK-2209
LK-2209035,Helambagahawatta,LK-2209
LK-2209040,Pubbiliya,LK-2209
LK-2209045,Thalagoda,LK-2209
LK-2209050,Maragamuwa,LK-2209
LK-2209055,Haduwela,LK-2209
LK-2209060,Dodamattawela,LK-2209
LK-2209065,Karavilahena,LK-2209
LK-2209070,Bobella,LK-2209
LK-2209075,Bibila,LK-2209
LK-2209080,Murutholuwa,LK-2209
LK-2209085,Mailpitiya,LK-2209
LK-2209090,Wawattawa,LK-2209
LK-2209095,Penalaboda,LK-2209
LK-2209100,Naula,LK-2209
LK-2209105,Meegaha Ela,LK-2209
LK-2209110,Bowathenna Watta,LK-2209
LK-2209115,Koombiyangahaela,LK-2209
LK-2209120,Millagahamula Thenna,LK-2209
LK-2209125,Medapihilla,LK-2209
LK-2209130,Kadawatha,LK-2209
LK-2209135,Galporugolla,LK-2209
LK-2209140,Elagamuwa,LK-2209
LK-2209145,Kongahawela,LK-2209
LK-2209150,Rajawela,LK-2209
LK-2209155,Gan Imayaya,LK-2209
LK-2209160,Moragahamada,LK-2209
LK-2209165,Pilihudugolla Pahalagama,LK-2209
LK-2209170,Pilihudugolla Ihalagama,LK-2209
LK-2209175,Arangala,LK-2209
LK-2209180,Habaragahamada,LK-2209
LK-2209185,Elhena,LK-2209
LK-2209190,Diyankaduwa,LK-2209
LK-2209195,Alugolla,LK-2209
LK-2209200,Nalanda,LK-2209
LK-2209205,Wambatuyaya,LK-2209
LK-2209210,Meegolla,LK-2209
LK-2209215,Ududeniya,LK-2209
LK-2209220,Hapugasyaya,LK-2209
LK-2209225,Lihinipitiya,LK-2209
LK-2209230,Senagama,LK-2209
LK-2209235,Andawala,LK-2209
LK-2209240,Opalgala,LK-2209
LK-2209245,Ambana,LK-2209
LK-2209250,Moragolla,LK-2209
LK-2209255,Galboda,LK-2209
LK-2209260,Kambarawa,LK-2209
LK-2212005,Janakagama,LK-2212
LK-2212010,Nilannoruwa Colony,LK-2212
LK-2212015,Aluthgama,LK-2212
LK-2212020,Demada Oya,LK-2212
LK-2212025,Mananwatta,LK-2212
LK-2212030,Nilannoruwa,LK-2212
LK-2212035,Thalakiriyawa,LK-2212
LK-2212040,Kirioruwa,LK-2212
LK-2212045,Kosgolla,LK-2212
LK-2212050,Nagahapola,LK-2212
LK-2212055,Bomeruwa,LK-2212
LK-2212060,Kobbevehera,LK-2212
LK-2212065,Millawana Pahalagama,LK-2212
LK-2212070,Millawana Medagama,LK-2212
LK-2212075,Kandewatta,LK-2212
LK-2212080,Mahayayawatta,LK-2212
LK-2212085,Medalanda,LK-2212
LK-2212090,Walmoruwa,LK-2212
LK-2212095,Moragaspitiya,LK-2212
LK-2212100,Akuramboda,LK-2212
LK-2212105,Dewarammulla,LK-2212
LK-2212110,Millawana Ihalagama,LK-2212
LK-2212115,Ambokka,LK-2212
LK-2212120,Maningamuwa West,LK-2212
LK-2212125,Maningamuwa East,LK-2212
LK-2212130,Koswatta,LK-2212
LK-2212135,Ekamuthugama,LK-2212
LK-2212140,Ambokudena,LK-2212
LK-2212145,Koholanwala,LK-2212
LK-2212150,Udurampelessa,LK-2212
LK-2212155,Ehelepola,LK-2212
LK-2212160,Pallepola North,LK-2212
LK-2212165,Monaravila,LK-2212
LK-2212170,Galahitiyagama,LK-2212
LK-2212175,Rusigama Ihalagama,LK-2212
LK-2212180,Rusigama Pahalagama,LK-2212
LK-2212185,Pallepola South,LK-2212
LK-2212190,Kinigama,LK-2212
LK-2212195,Paldeniya,LK-2212
LK-2212200,Dodamgasyaya,LK-2212
LK-2212205,Ariyagama,LK-2212
LK-2212210,Polwatta,LK-2212
LK-2212215,Thembilideniya North,LK-2212
LK-2212220,Dimbulgamuwa,LK-2212
LK-2215005,Udagama West,LK-2215
LK-2215010,Selagama,LK-2215
LK-2215015,Selagama East,LK-2215
LK-2215020,Thembilideniya,LK-2215
LK-2215025,Matale North,LK-2215
LK-2215030,Kavudupelella,LK-2215
LK-2215035,Mahawela,LK-2215
LK-2215040,Mahawela West,LK-2215
LK-2215045,Delgolla,LK-2215
LK-2215050,Galagama,LK-2215
LK-2215055,Nagolla,LK-2215
LK-2215060,Udagama,LK-2215
LK-2215065,Urulewatta,LK-2215
LK-2215070,Yatawatta,LK-2215
LK-2215075,Mediyapola,LK-2215
LK-2215080,Nikagolla,LK-2215
LK-2215085,Nikagolla North,LK-2215
LK-2215090,Dikkumbura West,LK-2215
LK-2215095,Rathalawewa,LK-2215
LK-2215100,Dikkumbura,LK-2215
LK-2215105,Wattegedara,LK-2215
LK-2215110,Galaliyadda,LK-2215
LK-2215115,Muruthawatta,LK-2215
LK-2215120,Deevilla North,LK-2215
LK-2215125,Deevilla,LK-2215
LK-2215130,Dangan Place,LK-2215
LK-2215135,Alokagama,LK-2215
LK-2215140,Walpola,LK-2215
LK-2215145,Maligathenna,LK-2215
LK-2215150,Aluthwatta,LK-2215
LK-2215155,Ambanpola,LK-2215
LK-2215160,Lakshahena,LK-2215
LK-2215165,Deevilla South,LK-2215
LK-2215170,Gammulla,LK-2215
LK-2215175,Mottuwela,LK-2215
LK-2215180,Idamgama,LK-2215
LK-2215185,Udasgiriya,LK-2215
LK-2215190,Ethipallawala,LK-2215
LK-2215195,Aluthgama North,LK-2215
LK-2215200,Aluthgama,LK-2215
LK-2215205,Pamunuwa,LK-2215
LK-2215210,Walawela,LK-2215
LK-2215215,Unaweruwa,LK-2215
LK-2215220,Madadeniya,LK-2215
LK-2215225,Mathalapitiya,LK-2215
LK-2215230,Mathalapitiya South,LK-2215
LK-2215235,Rathninda,LK-2215
LK-2215240,Asgiri Dorakumbura,LK-2215
LK-2215245,Asgiri Dorakumbura East,LK-2215
LK-2215250,Polwatta,LK-2215
LK-2215255,Dullewa,LK-2215
LK-2215260,Dullewa East,LK-2215
LK-2215265,Thalgahagoda,LK-2215
LK-2215270,Daluwela,LK-2215
LK-2215275,Ethipola,LK-2215
LK-2215280,Ethipola West,LK-2215
LK-2218005,Narangamuwa,LK-2218
LK-2218010,Madawala Ulpatha,LK-2218
LK-2218015,Thalagasyaya,LK-2218
LK-2218020,Madawala,LK-2218
LK-2218025,Rajjammana,LK-2218
LK-2218030,Moragahamada,LK-2218
LK-2218035,Hathamunagala,LK-2218
LK-2218040,Ankanda,LK-2218
LK-2218045,Puwakpitiya,LK-2218
LK-2218050,Walliwela,LK-2218
LK-2218055,Galwadukumbura,LK-2218
LK-2218060,Dombawela,LK-2218
LK-2218065,Kawatayamuna,LK-2218
LK-2218070,Eriyagolla,LK-2218
LK-2218075,Imbulandanda,LK-2218
LK-2218080,Golahenwatta,LK-2218
LK-2218085,Parana Dombawela,LK-2218
LK-2218090,Ellepola,LK-2218
LK-2218095,Palapathwala,LK-2218
LK-2218100,Kottagoda,LK-2218
LK-2218105,Owala Polwatta,LK-2218
LK-2218110,Makulgaharuppa,LK-2218
LK-2218115,Udugama,LK-2218
LK-2218120,Kirigalpotta,LK-2218
LK-2218125,Dunkalawatta,LK-2218
LK-2218130,Dorakumbura,LK-2218
LK-2218135,Beridewala,LK-2218
LK-2218140,Aluvihare,LK-2218
LK-2218145,Dikkiriya,LK-2218
LK-2218150,Parawatta,LK-2218
LK-2218155,Kaludewala,LK-2218
LK-2218160,Mandandawela,LK-2218
LK-2218165,Bogahakotuwa,LK-2218
LK-2218170,Harasgama,LK-2218
LK-2218175,Kandegedara,LK-2218
LK-2218180,Malwatta,LK-2218
LK-2218185,Vihara Road,LK-2218
LK-2218190,Muslim Town,LK-2218
LK-2218195,Oya Pahala,LK-2218
LK-2218200,Gongawela,LK-2218
LK-2218205,Sinhala Town,LK-2218
LK-2218210,Dodamdeniya,LK-2218
LK-2218215,Hulangamuwa South,LK-2218
LK-2218220,Hulangamuwa North,LK-2218
LK-2218225,Diyabubula,LK-2218
LK-2218230,Maligathenna,LK-2218
LK-2218235,Nagolla,LK-2218
LK-2218240,Pandivita,LK-2218
LK-2218245,Pandivita Welagama,LK-2218
LK-2218250,Kotuwegedara North,LK-2218
LK-2218255,Koombiyangoda,LK-2218
LK-2218260,Kotuwegedara South,LK-2218
LK-2221005,Kumbaloluwa,LK-2221
LK-2221010,Gammaduwa,LK-2221
LK-2221015,Kalugalthenna,LK-2221
LK-2221020,Naguliyadda,LK-2221
LK-2221025,Kosgolla,LK-2221
LK-2221030,Imbulgolla,LK-2221
LK-2221035,Ranmuthugama,LK-2221
LK-2221040,Raithalawa,LK-2221
LK-2221045,Thibbatukanatha,LK-2221
LK-2221050,Palle Eswedduma,LK-2221
LK-2221055,Pallethenna,LK-2221
LK-2221060,Pussella,LK-2221
LK-2221065,Sirangahawatta,LK-2221
LK-2221070,Kavudagammana,LK-2221
LK-2221075,Narangolla,LK-2221
LK-2221080,Hunukete,LK-2221
LK-2221085,Metihakka,LK-2221
LK-2221090,Aluthwela,LK-2221
LK-2221095,Cloda,LK-2221
LK-2221100,Gurubebila,LK-2221
LK-2224005,Maoya,LK-2224
LK-2224010,Kandepitawela,LK-2224
LK-2224015,Dewaladeniya,LK-2224
LK-2224020,Kaluganga,LK-2224
LK-2224025,Akarahediya,LK-2224
LK-2224030,Hattota Amuna,LK-2224
LK-2224035,Dasgiriya,LK-2224
LK-2224040,Morathenna,LK-2224
LK-2224045,Wellewala,LK-2224
LK-2224050,Weliwaranagolla,LK-2224
LK-2224055,Leloya,LK-2224
LK-2224060,Pottatawela,LK-2224
LK-2224065,Dammanthenna,LK-2224
LK-2224070,Gangalapuwakpitiya,LK-2224
LK-2224075,Divulgas Pathana,LK-2224
LK-2224080,Pitawala,LK-2224
LK-2224085,Kahagala,LK-2224
LK-2224090,Ilukkumbura,LK-2224
LK-2224095,Mahalakotuwa,LK-2224
LK-2224100,Ganga Henwala,LK-2224
LK-2224105,Karandamulla,LK-2224
LK-2224110,Gonawala,LK-2224
LK-2224115,Laggala Pallegama,LK-2224
LK-2224120,Miniranketiya,LK-2224
LK-2224125,Rawanagama,LK-2224
LK-2224130,Galgedawala,LK-2224
LK-2224135,Guruwela,LK-2224
LK-2224140,Kivulawadiya,LK-2224
LK-2224145,Halminiya,LK-2224
LK-2224150,Imaduwa,LK-2224
LK-2224155,Rambukoluwa,LK-2224
LK-2224160,Meda Ela,LK-2224
LK-2224165,Rathninda,LK-2224
LK-2224170,Etanwala,LK-2224
LK-2224175,Ranamuregama,LK-2224
LK-2224180,Narangamuwa,LK-2224
LK-2224185,Lakegala,LK-2224
LK-2227005,Kumbukoya,LK-2227
LK-2227010,Thunhiriyawewa,LK-2227
LK-2227015,Palupitiya,LK-2227
LK-2227020,Rattotayaya,LK-2227
LK-2227025,Dunuvilapitiya,LK-2227
LK-2227030,Medakanda,LK-2227
LK-2227035,Aliwanguwa,LK-2227
LK-2227040,Viharagama,LK-2227
LK-2227045,Handungamuwa,LK-2227
LK-2227050,Topwalapitiya,LK-2227
LK-2227055,Gemburuoya,LK-2227
LK-2227060,Kumbukandana,LK-2227
LK-2227065,Lediyangala,LK-2227
LK-2227070,Karawgahawewa,LK-2227
LK-2227075,Radunnewewa,LK-2227
LK-2227080,Maraka,LK-2227
LK-2227085,Malgammana,LK-2227
LK-2227090,Bogahawewa,LK-2227
LK-2227095,Aliyawala,LK-2227
LK-2227100,Veheragala,LK-2227
LK-2227105,Himbiliyakada,LK-2227
LK-2227110,Hettipola,LK-2227
LK-2227115,Naminioya,LK-2227
LK-2227120,Dewagiriya,LK-2227
LK-2227125,Piduruella,LK-2227
LK-2227130,Guruwelayaya,LK-2227
LK-2227135,Naminigama,LK-2227
LK-2227140,Perakanatta,LK-2227
LK-2227145,Wilgamuwa,LK-2227
LK-2227150,Wanarawa,LK-2227
LK-2227155,Bathgampala,LK-2227
LK-2227160,Nagolla,LK-2227
LK-2227165,Moragaha Ulpatha,LK-2227
LK-2227170,Nugagolla,LK-2227
LK-2227175,Meewaobe,LK-2227
LK-2227180,80 Yaya,LK-2227
LK-2227185,Sonutta,LK-2227
LK-2227190,Uduwelwala,LK-2227
LK-2227195,Sulugune,LK-2227
LK-2230005,Ikirigolla,LK-2230
LK-2230010,Pahala Owala,LK-2230
LK-2230015,Ihala Owala,LK-2230
LK-2230020,Kaikawala,LK-2230
LK-2230025,Nikawella,LK-2230
LK-2230030,Kuruwawa,LK-2230
LK-2230035,Rattota,LK-2230
LK-2230040,Bodhikotuwa,LK-2230
LK-2230045,Dankanda,LK-2230
LK-2230050,Kirimetiya,LK-2230
LK-2230055,Polwattakanda,LK-2230
LK-2230060,Dambagolla,LK-2230
LK-2230065,Medawatta,LK-2230
LK-2230070,Weralugasthenna,LK-2230
LK-2230075,Madakumbura,LK-2230
LK-2230080,Maussagolla,LK-2230
LK-2230085,Wanaraniya,LK-2230
LK-2230090,Lonvil,LK-2230
LK-2230095,Maradurawala,LK-2230
LK-2230100,Pallegama,LK-2230
LK-2230105,Koswana  North,LK-2230
LK-2230110,Palle Weragama,LK-2230
LK-2230115,Viharagama,LK-2230
LK-2230120,Kaineka,LK-2230
LK-2230125,Uda Weragama,LK-2230
LK-2230130,Meda Weragama,LK-2230
LK-2230135,Koswana South,LK-2230
LK-2230140,Bogambara,LK-2230
LK-2230145,Galekoluwa,LK-2230
LK-2230150,Welangahawatta,LK-2230
LK-2230155,Horagolla,LK-2230
LK-2230160,Bambarakiriella,LK-2230
LK-2230165,Alakolamada,LK-2230
LK-2230170,Udagama,LK-2230
LK-2230175,Pitakanda,LK-2230
LK-2230180,Gansarapola,LK-2230
LK-2230185,Epitamulla,LK-2230
LK-2230190,Wetasyaya,LK-2230
LK-2230195,Godapala,LK-2230
LK-2230200,Ulpothapitiya,LK-2230
LK-2230205,Bandarapola,LK-2230
LK-2230210,Muwandeniya,LK-2230
LK-2230215,Palleyaya,LK-2230
LK-2230220,Neluwakanda,LK-2230
LK-2230225,Punchiseluwakanda,LK-2230
LK-2230230,Thambalagala,LK-2230
LK-2230235,Kandenuwara West,LK-2230
LK-2230240,Kandenuwara East,LK-2230
LK-2230245,Alwatta,LK-2230
LK-2230250,Warapitiya,LK-2230
LK-2230255,Dombagoda,LK-2230
LK-2230260,Pahala Hapuvida,LK-2230
LK-2230265,Uda Hapuvida,LK-2230
LK-2230270,Hangarankanda,LK-2230
LK-2233005,Galaudahena,LK-2233
LK-2233010,Makulemada,LK-2233
LK-2233015,Pathingolla,LK-2233
LK-2233020,Wademada,LK-2233
LK-2233025,Wattegedara,LK-2233
LK-2233030,Watagoda,LK-2233
LK-2233035,Pallekumbura,LK-2233
LK-2233040,Katuattamada,LK-2233
LK-2233045,Panwatta,LK-2233
LK-2233050,Alawathuwala,LK-2233
LK-2233055,Horagahapitiya,LK-2233
LK-2233060,Ovilikanda,LK-2233
LK-2233065,Kirimetiyawa,LK-2233
LK-2233070,Thenna,LK-2233
LK-2233075,Muwagala,LK-2233
LK-2233080,Ovilla,LK-2233
LK-2233085,Enasalmada,LK-2233
LK-2233090,Thibbatuwawa,LK-2233
LK-2233095,Dombagasdeniya,LK-2233
LK-2233100,Kendagolla,LK-2233
LK-2233105,Kohombiliwela,LK-2233
LK-2233110,Wariyapola Watta,LK-2233
LK-2233115,Wariyapola,LK-2233
LK-2233120,Pananthadiya,LK-2233
LK-2233125,Nawarathnagoda,LK-2233
LK-2233130,Eriyagolla,LK-2233
LK-2233135,Katudeniya,LK-2233
LK-2233140,Elwala,LK-2233
LK-2233145,Pahalawela,LK-2233
LK-2233150,Dehipitiya,LK-2233
LK-2233155,Purijjala,LK-2233
LK-2233160,Udupihilla,LK-2233
LK-2233165,Halangoda,LK-2233
LK-2233170,Nagahathenna,LK-2233
LK-2233175,Warakamura,LK-2233
LK-2233180,Meedeniya,LK-2233
LK-2233185,Nagolla,LK-2233
LK-2233190,Thawalankoya,LK-2233
LK-2233195,Dumbukola,LK-2233
LK-2233200,Ukuwela,LK-2233
LK-2233205,Udupitiya,LK-2233
LK-2233210,Kalalpitiya,LK-2233
LK-2233215,Balakaduwa,LK-2233
LK-2233220,Bowatta,LK-2233
LK-2233225,Manaboda,LK-2233
LK-2233230,Paragahawela,LK-2233
LK-2233235,Udathenna,LK-2233
LK-2233240,Hunuketawala,LK-2233
LK-2233245,Leliambe,LK-2233
LK-2233250,Elkaduwa Watta,LK-2233
LK-2233255,Elkaduwa,LK-2233
LK-2233260,Udangamuwa,LK-2233
LK-2233265,Kendagollamada,LK-2233
LK-2233270,Wehigala,LK-2233
LK-2233275,Rathwatta,LK-2233
LK-2233280,Weligala,LK-2233
LK-2233285,Kureewela,LK-2233
LK-2233290,Maberiya,LK-2233
LK-2233295,Marukona,LK-2233
LK-2233300,Gurulawela South,LK-2233
LK-2233305,Gurulawela North,LK-2233
LK-2233310,Nugapitiya,LK-2233
LK-2233315,Kandemada,LK-2233
LK-2233320,Ulpathapitiya,LK-2233
LK-2233325,Raithalawela,LK-2233
LK-2233330,Kaduwela,LK-2233
LK-2233335,Pujagoda,LK-2233
LK-2233340,Pahala Wehigala,LK-2233
LK-2233345,Talingamada,LK-2233
LK-2233350,Hunnasgiriyawatta,LK-2233
LK-2233355,Karagahahinna,LK-2233
LK-2233360,Imbulpitiya,LK-2233
LK-2233365,Rangama,LK-2233
LK-2303005,Doruwadeniya,LK-2303
LK-2303010,Polwathura,LK-2303
LK-2303015,Pahala Gorakaoya,LK-2303
LK-2303020,Dambagolla,LK-2303
LK-2303025,Nayapana,LK-2303
LK-2303030,Kadadora,LK-2303
LK-2303035,Kotagepitiya North,LK-2303
LK-2303040,Nawa Morape,LK-2303
LK-2303045,Nawa Kadadora,LK-2303
LK-2303050,Deltagemunupura,LK-2303
LK-2303055,Hellboda,LK-2303
LK-2303060,Karagasthalawa,LK-2303
LK-2303065,Frotoft,LK-2303
LK-2303070,Ramboda,LK-2303
LK-2303075,Sangilipalama,LK-2303
LK-2303080,Panangammana,LK-2303
LK-2303085,Katukithula,LK-2303
LK-2303090,Helsirigama,LK-2303
LK-2303095,Kothmalgama,LK-2303
LK-2303100,Raja Ela,LK-2303
LK-2303105,Mawela East,LK-2303
LK-2303110,Mawela West,LK-2303
LK-2303115,Kotagepitiya South,LK-2303
LK-2303120,Ranwanthalawa,LK-2303
LK-2303125,Thispane Kanda,LK-2303
LK-2303130,Harangala,LK-2303
LK-2303135,Hapugasthalawa,LK-2303
LK-2303140,Kaludemada,LK-2303
LK-2303145,Ihala Gorakaoya,LK-2303
LK-2303150,Mallanda,LK-2303
LK-2303155,Ruwanpura,LK-2303
LK-2303160,Werella Pathana,LK-2303
LK-2303165,Halgolla,LK-2303
LK-2303170,Harangala South,LK-2303
LK-2303175,Kirimetiyawa,LK-2303
LK-2303180,Hunugaloya,LK-2303
LK-2303185,Godamaditta,LK-2303
LK-2303190,Wataddara,LK-2303
LK-2303195,Maswela,LK-2303
LK-2303200,Nawangama,LK-2303
LK-2303205,Mawela Kanda,LK-2303
LK-2303210,Wethalawa,LK-2303
LK-2303215,Gomburuoya,LK-2303
LK-2303220,Wewahinna,LK-2303
LK-2303225,Delunthalamada,LK-2303
LK-2303230,Ambathalawa,LK-2303
LK-2303235,Malhewa,LK-2303
LK-2303240,Rambodagama,LK-2303
LK-2303245,Wedamulla,LK-2303
LK-2303250,Palagolla,LK-2303
LK-2303255,Niyamgamdora,LK-2303
LK-2303260,Hedunuwewa,LK-2303
LK-2303265,Kalapitiya East,LK-2303
LK-2303270,Kottunugoda,LK-2303
LK-2303275,Kalapitiya West,LK-2303
LK-2303280,Weerasekarapura,LK-2303
LK-2303285,Rojersangama South,LK-2303
LK-2303290,Rojersangama North,LK-2303
LK-2303295,Dombagasthalawa,LK-2303
LK-2303300,Katugolla,LK-2303
LK-2303305,Thelissagala,LK-2303
LK-2303310,Ketabulawa,LK-2303
LK-2303315,Wijayabahu Kanda,LK-2303
LK-2303320,Rawanagoda West,LK-2303
LK-2303325,Udagama,LK-2303
LK-2303330,Rawanagoda East,LK-2303
LK-2303335,Methagama,LK-2303
LK-2303340,Maldeniya,LK-2303
LK-2303345,Katarandana,LK-2303
LK-2303350,Kirindiwela,LK-2303
LK-2303355,Kumbaloluwa,LK-2303
LK-2303360,Medakanda,LK-2303
LK-2303365,Egodawela,LK-2303
LK-2303370,Pundaluoya North,LK-2303
LK-2303375,Labukele,LK-2303
LK-2303380,Kudaoya,LK-2303
LK-2303385,Samaneliya,LK-2303
LK-2303390,Kikiliyamana,LK-2303
LK-2303395,Dunsinane,LK-2303
LK-2303400,Sheen,LK-2303
LK-2303405,Sheengama,LK-2303
LK-2303410,Pundaluoya South,LK-2303
LK-2303415,Kadadorapitiya,LK-2303
LK-2303420,Kosgaha pathana,LK-2303
LK-2303425,Karagahayatathenna,LK-2303
LK-2303430,Bogahawela,LK-2303
LK-2303435,Halpola,LK-2303
LK-2303440,Madakumbura,LK-2303
LK-2303445,Beramana,LK-2303
LK-2303450,Beramana North,LK-2303
LK-2303455,Kolapathana,LK-2303
LK-2303460,Queensberry,LK-2303
LK-2303465,Beramana South,LK-2303
LK-2303470,Weerapura,LK-2303
LK-2303475,Dunukedeniya,LK-2303
LK-2303480,Medakumbura North,LK-2303
LK-2306005,Hingurukaduwa,LK-2306
LK-2306010,Ambewela,LK-2306
LK-2306015,Welikada,LK-2306
LK-2306020,Idamalanda,LK-2306
LK-2306025,Adikarigama,LK-2306
LK-2306030,Karalliyadda,LK-2306
LK-2306035,Bogahalanda,LK-2306
LK-2306040,Hakuruthale,LK-2306
LK-2306045,Maliyadda,LK-2306
LK-2306050,Mirahampe,LK-2306
LK-2306055,Pussalamankada,LK-2306
LK-2306060,Yati Hanguranketha,LK-2306
LK-2306065,Delgahapitiya,LK-2306
LK-2306070,Sangaraja Gama,LK-2306
LK-2306075,Mudunapita,LK-2306
LK-2306080,Ganga Udagama,LK-2306
LK-2306085,Malulla,LK-2306
LK-2306090,Udawatta East,LK-2306
LK-2306095,Hilpenkandura,LK-2306
LK-2306100,Galauda North,LK-2306
LK-2306105,Endiribedda,LK-2306
LK-2306110,Happawara,LK-2306
LK-2306115,Galauda South,LK-2306
LK-2306120,Udakanda,LK-2306
LK-2306125,Udawatta West,LK-2306
LK-2306130,Udawatta Kumbura,LK-2306
LK-2306135,Pallemaluwa,LK-2306
LK-2306140,Hanguranketha,LK-2306
LK-2306145,Damunumeya North,LK-2306
LK-2306150,Arattana,LK-2306
LK-2306155,Ambaliyadda,LK-2306
LK-2306160,Dampola,LK-2306
LK-2306165,Rekitipe,LK-2306
LK-2306170,Hapuwala,LK-2306
LK-2306175,Dolugala,LK-2306
LK-2306180,Deliwala,LK-2306
LK-2306185,Madanwala,LK-2306
LK-2306190,Damunumeya,LK-2306
LK-2306195,Kottala,LK-2306
LK-2306200,Diya - Udagama,LK-2306
LK-2306205,Uda Galauda,LK-2306
LK-2306210,Illagolla,LK-2306
LK-2306215,Rammalakandura,LK-2306
LK-2306220,Moragolla,LK-2306
LK-2306225,Dodamkumbura,LK-2306
LK-2306230,Walalawela,LK-2306
LK-2306235,Rathmetiya,LK-2306
LK-2306240,Hapugasdeniya,LK-2306
LK-2306245,Diggalpotta,LK-2306
LK-2306250,Unanthenna,LK-2306
LK-2306255,Kosgaha Debala,LK-2306
LK-2306260,Warapitiya,LK-2306
LK-2306265,Medagama,LK-2306
LK-2306270,Bowala,LK-2306
LK-2306275,Kithulpe,LK-2306
LK-2306280,Makempe,LK-2306
LK-2306285,Puranagama,LK-2306
LK-2306290,Ekiriya,LK-2306
LK-2306295,Poramadulla,LK-2306
LK-2306300,Labuhena,LK-2306
LK-2306305,Udawela Pathana,LK-2306
LK-2306310,Welampagoda,LK-2306
LK-2306315,Denike,LK-2306
LK-2306320,Rikillagaskada,LK-2306
LK-2306325,Alawattegama,LK-2306
LK-2306330,Uda Makuruppa,LK-2306
LK-2306335,Palle Makuruppa,LK-2306
LK-2306340,Bogamuwa,LK-2306
LK-2306345,Dimbulkumbura,LK-2306
LK-2306350,Bodhiwela,LK-2306
LK-2306355,Pallewela,LK-2306
LK-2306360,Kaluattanagolla,LK-2306
LK-2306365,Wadawala,LK-2306
LK-2306370,Udalumada,LK-2306
LK-2306375,Bulugahapitiya,LK-2306
LK-2306380,Wegama,LK-2306
LK-2306385,Agappala,LK-2306
LK-2306390,Bambaragama,LK-2306
LK-2306395,Bambaragama East,LK-2306
LK-2306400,Bambaragama West,LK-2306
LK-2306405,Malanwatta,LK-2306
LK-2306410,Gannewa Udagama,LK-2306
LK-2306415,Gedereiyawa,LK-2306
LK-2306420,Daraoya,LK-2306
LK-2306425,Kirimetiya,LK-2306
LK-2306430,Hope,LK-2306
LK-2306435,Wetesthenna,LK-2306
LK-2306440,Handawalapitiya,LK-2306
LK-2306445,Karamidula,LK-2306
LK-2306450,Madumana,LK-2306
LK-2306455,Rahathungoda,LK-2306
LK-2306460,Enasal Arawa,LK-2306
LK-2306465,Kawatayamana,LK-2306
LK-2306470,Ehelamalpe,LK-2306
LK-2306475,Rathukurusa Janapadaya,LK-2306
LK-2306480,Wilwala,LK-2306
LK-2306485,Dehipe,LK-2306
LK-2306490,Deniyagama,LK-2306
LK-2306495,Bodhimalkada,LK-2306
LK-2306500,Welapahala,LK-2306
LK-2306505,Uda Padiyapelella,LK-2306
LK-2306510,Okandagala,LK-2306
LK-2306515,Rookwood Estate,LK-2306
LK-2306520,Muloya,LK-2306
LK-2306525,Rathyaya,LK-2306
LK-2306530,Godigamuwa,LK-2306
LK-2306535,Manakola,LK-2306
LK-2306540,Marthuwela,LK-2306
LK-2306545,Idampitiya,LK-2306
LK-2306550,Mathurata,LK-2306
LK-2306555,Udagama,LK-2306
LK-2306560,Merrygold,LK-2306
LK-2306565,Ketayapathana,LK-2306
LK-2306570,Gonakele,LK-2306
LK-2306575,Gonapitiya,LK-2306
LK-2306580,Bomellagoda,LK-2306
LK-2306585,Dunukebedda,LK-2306
LK-2306590,Wellagiriya,LK-2306
LK-2306595,Ampitigoda,LK-2306
LK-2306600,Wewathenna,LK-2306
LK-2306605,Metibembiya,LK-2306
LK-2306610,Goodwood,LK-2306
LK-2306615,Hunukotuwa,LK-2306
LK-2306620,Medawela,LK-2306
LK-2306625,Labuhenwala,LK-2306
LK-2306630,Ketahira,LK-2306
LK-2306635,Deegalahinna,LK-2306
LK-2306640,Elamulla,LK-2306
LK-2306645,Udawela,LK-2306
LK-2306650,Mandaram Nuwara,LK-2306
LK-2306655,Malsara Nuwara,LK-2306
LK-2309005,Serasunthenna,LK-2309
LK-2309010,Morangathenna,LK-2309
LK-2309015,Hegasulla,LK-2309
LK-2309020,Bolagandawela,LK-2309
LK-2309025,Ambagahathenna,LK-2309
LK-2309030,Helagama,LK-2309
LK-2309035,Mallagama,LK-2309
LK-2309040,Dulana,LK-2309
LK-2309045,Galketiwela,LK-2309
LK-2309050,Ellakumbura,LK-2309
LK-2309055,Muganagahapitiya,LK-2309
LK-2309060,Hapugahapitiya,LK-2309
LK-2309065,Ketakandura,LK-2309
LK-2309070,Batagolla,LK-2309
LK-2309075,Thennehenwala,LK-2309
LK-2309080,Deliwela South,LK-2309
LK-2309085,Deliwela North,LK-2309
LK-2309090,Pannala,LK-2309
LK-2309095,Serupitiya,LK-2309
LK-2309100,Mailagasthenna,LK-2309
LK-2309105,Andawala,LK-2309
LK-2309110,Naranthalawa,LK-2309
LK-2309115,Ihala Pannala,LK-2309
LK-2309120,Wewakele,LK-2309
LK-2309125,Kumbalgamuwa,LK-2309
LK-2309130,Kumbalgamuwa East,LK-2309
LK-2309135,Mulhalkele,LK-2309
LK-2309140,Manelwala,LK-2309
LK-2309145,Wathumulla,LK-2309
LK-2309150,Kendagolla,LK-2309
LK-2309155,Arampitiya,LK-2309
LK-2309160,Yombuwelthenna,LK-2309
LK-2309165,Udawela,LK-2309
LK-2309170,Kalaganwatta,LK-2309
LK-2309175,Theripehe,LK-2309
LK-2309180,Udamadura North,LK-2309
LK-2309185,Galkadawela,LK-2309
LK-2309190,yatimadura,LK-2309
LK-2309195,Kandeyaya,LK-2309
LK-2309200,Madulla North,LK-2309
LK-2309205,Thunhitiyawa,LK-2309
LK-2309210,Wewathenna,LK-2309
LK-2309215,Kosgolla,LK-2309
LK-2309220,Udamadura,LK-2309
LK-2309225,Ambanella,LK-2309
LK-2309230,Dabbare,LK-2309
LK-2309235,Nildandaheenna,LK-2309
LK-2309240,Rambuke,LK-2309
LK-2309245,Watambe,LK-2309
LK-2309250,Thibbatugoda,LK-2309
LK-2309255,Egodakanda,LK-2309
LK-2309260,Kandegama,LK-2309
LK-2309265,Walapane,LK-2309
LK-2309270,Kurunduoya,LK-2309
LK-2309275,Liyanwela Ihalagama,LK-2309
LK-2309280,Madumana,LK-2309
LK-2309285,Ilukpelessa,LK-2309
LK-2309290,Unagolla,LK-2309
LK-2309295,Liyanwela Pahalagama,LK-2309
LK-2309300,Medakandura,LK-2309
LK-2309305,Galabada,LK-2309
LK-2309310,Ambagaspitiya,LK-2309
LK-2309315,Munwatta,LK-2309
LK-2309320,Landupita,LK-2309
LK-2309325,Wetekegama,LK-2309
LK-2309330,Padiyapelella,LK-2309
LK-2309335,Napatawela,LK-2309
LK-2309340,Ukuthule,LK-2309
LK-2309345,Yatiwella,LK-2309
LK-2309350,Wetakepatha,LK-2309
LK-2309355,Ukuthule East,LK-2309
LK-2309360,Alakolawewa,LK-2309
LK-2309365,High Forest,LK-2309
LK-2309370,Mahakudugala,LK-2309
LK-2309375,Brookside,LK-2309
LK-2309380,High Forest,LK-2309
LK-2309385,Binganthalawa,LK-2309
LK-2309390,Maha Uva,LK-2309
LK-2309395,Werellapathana,LK-2309
LK-2309400,Thibbatugoda South,LK-2309
LK-2309405,Goradiyagolla,LK-2309
LK-2309410,Denambure,LK-2309
LK-2309415,Purankumbura,LK-2309
LK-2309420,Hegama,LK-2309
LK-2309425,Dambagolla,LK-2309
LK-2309430,Demataarawa,LK-2309
LK-2309435,Madulla South,LK-2309
LK-2309440,Morahela,LK-2309
LK-2309445,Meepanawa,LK-2309
LK-2309450,Roopaha East,LK-2309
LK-2309455,Pallewela,LK-2309
LK-2309460,Palugama,LK-2309
LK-2309465,Kotambe,LK-2309
LK-2309470,Karandagolla,LK-2309
LK-2309475,Udagama,LK-2309
LK-2309480,Kumbukwela,LK-2309
LK-2309485,Morabedda,LK-2309
LK-2309490,Harasbedda North,LK-2309
LK-2309495,Mahapathana,LK-2309
LK-2309500,Harasbedda South,LK-2309
LK-2309505,Palalpathana,LK-2309
LK-2309510,Rathnayakapura,LK-2309
LK-2309515,Ragala Watta,LK-2309
LK-2309520,Manthreethenna,LK-2309
LK-2309525,Pandithaya Kumbura,LK-2309
LK-2309530,Roopaha,LK-2309
LK-2309535,Mathetilla,LK-2309
LK-2309540,Embulampaha,LK-2309
LK-2309545,Maliyadda,LK-2309
LK-2309550,Kurupanawela,LK-2309
LK-2309555,Wathulanda East,LK-2309
LK-2309560,Wathulanda West,LK-2309
LK-2309565,Ambaliyadda,LK-2309
LK-2309570,Galkadapathana,LK-2309
LK-2309575,Senarathpura,LK-2309
LK-2309580,St. Leonard,LK-2309
LK-2309585,Ragala,LK-2309
LK-2309590,Ekangapura,LK-2309
LK-2309595,Samagipura,LK-2309
LK-2309600,Delmar,LK-2309
LK-2309605,Sooriyagahapathana Ihala,LK-2309
LK-2309610,Sooriyagahapathana Pahala,LK-2309
LK-2309615,Udapussellawa South,LK-2309
LK-2309620,St. Magret,LK-2309
LK-2309625,Udapussellawa North,LK-2309
LK-2312005,Bogahawatta,LK-2312
LK-2312010,Mount Vernon,LK-2312
LK-2312015,Watagoda,LK-2312
LK-2312020,Hollyrood,LK-2312
LK-2312025,Great Western,LK-2312
LK-2312030,Bangalahatha,LK-2312
LK-2312035,Toppass,LK-2312
LK-2312040,Park,LK-2312
LK-2312045,Concordia,LK-2312
LK-2312050,Kandapola,LK-2312
LK-2312055,Kandapola Central,LK-2312
LK-2312060,Hawaeliya East,LK-2312
LK-2312065,Bambarakele,LK-2312
LK-2312070,Nuwaraeliya West,LK-2312
LK-2312075,Shanthipura,LK-2312
LK-2312080,Kalapura,LK-2312
LK-2312085,Barewell,LK-2312
LK-2312090,Thalawakele,LK-2312
LK-2312095,Devon,LK-2312
LK-2312100,Dimbula,LK-2312
LK-2312105,Stonycliff,LK-2312
LK-2312110,Kuduoya,LK-2312
LK-2312115,Kotagala,LK-2312
LK-2312120,Drayton,LK-2312
LK-2312125,Yulefield,LK-2312
LK-2312130,Coombewood,LK-2312
LK-2312135,Lindula,LK-2312
LK-2312140,Rathnagiriya,LK-2312
LK-2312145,Waltrim,LK-2312
LK-2312150,Summerset,LK-2312
LK-2312155,Nanuoya,LK-2312
LK-2312160,Windicorner,LK-2312
LK-2312165,Nuwaraeliya,LK-2312
LK-2312170,Nuwaraeliya Central,LK-2312
LK-2312175,Hawaeliya North,LK-2312
LK-2312180,Hawaeliya West,LK-2312
LK-2312185,Bulu Ela,LK-2312
LK-2312190,Galpalama,LK-2312
LK-2312195,Jayalanka,LK-2312
LK-2312200,Kandapola East,LK-2312
LK-2312205,Pedro,LK-2312
LK-2312210,Goredihela,LK-2312
LK-2312215,Seethaeliya,LK-2312
LK-2312220,Sandathenna,LK-2312
LK-2312225,Kelegala,LK-2312
LK-2312230,Kalukele,LK-2312
LK-2312235,Magasthota,LK-2312
LK-2312240,Ruwaneliya,LK-2312
LK-2312245,Perakumpura,LK-2312
LK-2312250,Kirimetiya,LK-2312
LK-2312255,Nagasena,LK-2312
LK-2312260,Eildonhall,LK-2312
LK-2312265,Rahanwatta,LK-2312
LK-2312270,Balmoral,LK-2312
LK-2312275,Hallbrook,LK-2312
LK-2312280,Henfold,LK-2312
LK-2312285,Thangakele,LK-2312
LK-2312290,Magoda,LK-2312
LK-2312295,Mihindupura,LK-2312
LK-2312300,Meepilimana,LK-2312
LK-2312305,Ambewela,LK-2312
LK-2312310,Pattipola,LK-2312
LK-2312315,Lippakelle,LK-2312
LK-2312320,Dayagama West,LK-2312
LK-2312325,Sandrinham,LK-2312
LK-2312330,Glasgow,LK-2312
LK-2312335,Braemore,LK-2312
LK-2312340,Albian,LK-2312
LK-2312345,Elbedda,LK-2312
LK-2312350,Agarapathana,LK-2312
LK-2312355,Weverly,LK-2312
LK-2312360,Dayagama East,LK-2312
LK-2315005,Kalugala,LK-2315
LK-2315010,Pitawala,LK-2315
LK-2315015,Bulathgama,LK-2315
LK-2315020,Gonawala,LK-2315
LK-2315025,Ambagamuwa North,LK-2315
LK-2315030,Sellipigama,LK-2315
LK-2315035,Ambagamuwa East,LK-2315
LK-2315040,Ambagamuwa South,LK-2315
LK-2315045,Rampadeniya,LK-2315
LK-2315050,Millagahamula,LK-2315
LK-2315055,Dagampitiya,LK-2315
LK-2315060,Polpitiya,LK-2315
LK-2315065,Minuwandeniya,LK-2315
LK-2315070,Hitigegama,LK-2315
LK-2315075,Kehelwarawa,LK-2315
LK-2315080,Homagama,LK-2315
LK-2315085,Hebbekanda,LK-2315
LK-2315090,Samansirigama,LK-2315
LK-2315095,Theeniyagala,LK-2315
LK-2315100,Ginigathhena,LK-2315
LK-2315105,Dehigasthenna,LK-2315
LK-2315110,Kalaweldeniya,LK-2315
LK-2315115,Morahenagama,LK-2315
LK-2315120,Hangarapitiya,LK-2315
LK-2315125,Jambuthenna,LK-2315
LK-2315130,Kottellena,LK-2315
LK-2315135,Waggama,LK-2315
LK-2315140,Lakshapana,LK-2315
LK-2315145,Kiriwaneliya,LK-2315
LK-2315150,Vidulipura South,LK-2315
LK-2315155,Vidulipura North,LK-2315
LK-2315160,Watawala,LK-2315
LK-2315165,Rosella,LK-2315
LK-2315170,Welioya,LK-2315
LK-2315175,Maussakele,LK-2315
LK-2315180,Lethant,LK-2315
LK-2315185,Shanon,LK-2315
LK-2315190,Hatton East,LK-2315
LK-2315195,Hatton South,LK-2315
LK-2315200,Panmur,LK-2315
LK-2315205,Ruwanpura,LK-2315
LK-2315210,Hatton West,LK-2315
LK-2315215,Hatton North,LK-2315
LK-2315220,Dickoya,LK-2315
LK-2315225,Annfield,LK-2315
LK-2315230,Dickoya South,LK-2315
LK-2315235,Injustry,LK-2315
LK-2315240,Wanarajah,LK-2315
LK-2315245,New Weligama,LK-2315
LK-2315250,Norwood,LK-2315
LK-2315255,Maskeliya,LK-2315
LK-2315260,Brownlow,LK-2315
LK-2315265,Seethagangula,LK-2315
LK-2315270,Moray,LK-2315
LK-2315275,Moca,LK-2315
LK-2315280,Brownswick,LK-2315
LK-2315285,Gawarawila,LK-2315
LK-2315290,Mahanelu,LK-2315
LK-2315295,Venture,LK-2315
LK-2315300,Tillary,LK-2315
LK-2315305,Kirkoswald,LK-2315
LK-2315310,Bogawana,LK-2315
LK-2315315,Loinon,LK-2315
LK-2315320,Kotiyagala,LK-2315
LK-2315325,Bagawanthalawa South,LK-2315
LK-2315330,Aulton Watta,LK-2315
LK-2315335,Strathspey,LK-2315
LK-3103005,Pahurumulla,LK-3103
LK-3103010,Sinharoopagama,LK-3103
LK-3103015,Yathramulla,LK-3103
LK-3103020,Kommala,LK-3103
LK-3103025,Bodhimaluwa,LK-3103
LK-3103030,Dope,LK-3103
LK-3103035,Angagoda,LK-3103
LK-3103040,Warahena,LK-3103
LK-3103045,Kahagalla,LK-3103
LK-3103050,Hunganthota Wadumulla,LK-3103
LK-3103055,Dedduwa,LK-3103
LK-3103060,Athuruwella,LK-3103
LK-3103065,Galbada,LK-3103
LK-3103070,Galagama,LK-3103
LK-3103075,Mullegoda,LK-3103
LK-3103080,Sooriyagama,LK-3103
LK-3103085,Haburugala,LK-3103
LK-3103090,Thunduwa West,LK-3103
LK-3103095,Thunduwa East,LK-3103
LK-3103100,Thotakanatta,LK-3103
LK-3103105,Elakaka,LK-3103
LK-3103110,Ethungagoda,LK-3103
LK-3103115,Gonagalapura,LK-3103
LK-3103120,Olaganduwa,LK-3103
LK-3103125,Yalegama,LK-3103
LK-3103130,Kaikawala,LK-3103
LK-3103135,Habakkala,LK-3103
LK-3103140,Etawalawatta West,LK-3103
LK-3103145,Etawalawatta East,LK-3103
LK-3103150,Dombagahawatta,LK-3103
LK-3103155,Akadegoda,LK-3103
LK-3103160,Kahawegammedda,LK-3103
LK-3103165,Warakamulla,LK-3103
LK-3103170,Kandemulla,LK-3103
LK-3103175,Galthuduwa,LK-3103
LK-3103180,Kolaniya,LK-3103
LK-3103185,Miriswatta,LK-3103
LK-3103190,Viyandoowa,LK-3103
LK-3103195,Mahagoda,LK-3103
LK-3103200,Pilekumbura,LK-3103
LK-3103205,Mahavila West,LK-3103
LK-3103210,Mahavila East,LK-3103
LK-3103215,Moragoda,LK-3103
LK-3103220,Ranthotuvila,LK-3103
LK-3103225,Malawala,LK-3103
LK-3103230,Ihala Malawala,LK-3103
LK-3103235,Kotuwabendahena,LK-3103
LK-3103240,Kuda Uragaha,LK-3103
LK-3103245,Maha Uragaha,LK-3103
LK-3103250,Delkabalagoda,LK-3103
LK-3103255,Hipanwatta,LK-3103
LK-3106005,Doowemodara,LK-3106
LK-3106010,Nanathota Palatha,LK-3106
LK-3106015,Pelegas Palatha,LK-3106
LK-3106020,Wathurawela,LK-3106
LK-3106025,Boraluketiya,LK-3106
LK-3106030,Pathiraja Pedesa,LK-3106
LK-3106035,Polathu Palatha,LK-3106
LK-3106040,Katuvila,LK-3106
LK-3106045,Mahapitiya,LK-3106
LK-3106050,Nape,LK-3106
LK-3106055,Kudagodagama,LK-3106
LK-3106060,Hegalla-Piyagama,LK-3106
LK-3106065,Godapitiya,LK-3106
LK-3106070,Kosgoda,LK-3106
LK-3106075,Ahungalla,LK-3106
LK-3106080,Middaramulla,LK-3106
LK-3106085,Bogahapitiya,LK-3106
LK-3106090,Galvehera,LK-3106
LK-3106095,Pathirajagama,LK-3106
LK-3106100,Madoowa,LK-3106
LK-3106105,Kadiragonna,LK-3106
LK-3106110,Makumbura,LK-3106
LK-3106115,Wathuregama,LK-3106
LK-3106120,Wellabada,LK-3106
LK-3106125,Pathegangoda,LK-3106
LK-3106130,Weliwathugoda,LK-3106
LK-3106135,Brahmanawatta North,LK-3106
LK-3106140,Brahmanawatta South,LK-3106
LK-3106145,Galmangoda,LK-3106
LK-3106150,Wandadoowa,LK-3106
LK-3106155,Heenatiya North,LK-3106
LK-3106160,Mahaladoowa,LK-3106
LK-3106165,Seenigoda,LK-3106
LK-3106170,Heenatiya South,LK-3106
LK-3106175,Mahakarawa,LK-3106
LK-3106180,Elathota,LK-3106
LK-3106185,Balapitiya,LK-3106
LK-3106190,Berathuduwa,LK-3106
LK-3106195,Andadola,LK-3106
LK-3106200,Petiwatta,LK-3106
LK-3106205,Wathugedara,LK-3106
LK-3106210,Paragahathota,LK-3106
LK-3106215,Wathugedara South,LK-3106
LK-3106220,Kurunduwatta,LK-3106
LK-3106225,Walagedara,LK-3106
LK-3106230,Randombe North,LK-3106
LK-3106235,Wadumulla,LK-3106
LK-3106240,Viharagoda,LK-3106
LK-3106245,Kandegoda,LK-3106
LK-3106250,Bogahawatta,LK-3106
LK-3106255,Randombe South,LK-3106
LK-3109005,Walinguruketiya,LK-3109
LK-3109010,Uragasmanhandiya North,LK-3109
LK-3109015,Galpottawala,LK-3109
LK-3109020,Meegaspitiya,LK-3109
LK-3109025,Mendorawala,LK-3109
LK-3109030,Uragasmanhandiya South,LK-3109
LK-3109035,Yatagala,LK-3109
LK-3109040,Uragasmanhandiya East,LK-3109
LK-3109045,Mabingoda,LK-3109
LK-3109050,Hipankanda,LK-3109
LK-3109055,Siripura,LK-3109
LK-3109060,Beligaswella,LK-3109
LK-3109065,Halgahawella,LK-3109
LK-3109070,Lenagal Palatha,LK-3109
LK-3109075,Magala North,LK-3109
LK-3109080,Kaluwalagoda,LK-3109
LK-3109085,Diyapitagallana,LK-3109
LK-3109090,Angulugalla,LK-3109
LK-3109095,Magala South,LK-3109
LK-3109100,Pehembiyakanda,LK-3109
LK-3109105,Unagaswela,LK-3109
LK-3109110,Madakumbura,LK-3109
LK-3109115,Thalgahawatta,LK-3109
LK-3109120,Mandakanda,LK-3109
LK-3109125,Anganaketiya,LK-3109
LK-3109130,Borakanda,LK-3109
LK-3109135,Mahaedanda,LK-3109
LK-3109140,Karandeniya North,LK-3109
LK-3109145,Randenigama,LK-3109
LK-3109150,Mahagoda,LK-3109
LK-3109155,Karandeniya South,LK-3109
LK-3109160,Dangahavila,LK-3109
LK-3109165,Egodawela,LK-3109
LK-3109170,Diviyagahawela,LK-3109
LK-3109175,Kirinuge,LK-3109
LK-3109180,Kiripedda,LK-3109
LK-3109185,Galagoda Atta,LK-3109
LK-3109190,Ihala Kiripedda,LK-3109
LK-3109195,Kurundugaha Hethekma,LK-3109
LK-3109200,Jayabima,LK-3109
LK-3112005,Avittawa,LK-3112
LK-3112010,Pahala Omatta,LK-3112
LK-3112015,Omatta,LK-3112
LK-3112020,Metiviliya,LK-3112
LK-3112025,Himbutugoda,LK-3112
LK-3112030,Indipalegoda,LK-3112
LK-3112035,Dikhena,LK-3112
LK-3112040,Delpona,LK-3112
LK-3112045,Ihala Omatta,LK-3112
LK-3112050,Digala Nagahathenna,LK-3112
LK-3112055,Opatha,LK-3112
LK-3112060,Goluwamulla North,LK-3112
LK-3112065,Goluwamulla West,LK-3112
LK-3112070,Goluwamulla,LK-3112
LK-3112075,Atakohota,LK-3112
LK-3112080,Elpitiya North,LK-3112
LK-3112085,Elpitiya East,LK-3112
LK-3112090,Poojagallena,LK-3112
LK-3112095,Ketandola Udovita,LK-3112
LK-3112100,Sittaragoda,LK-3112
LK-3112105,Amugoda,LK-3112
LK-3112110,Kellapatha,LK-3112
LK-3112115,Thalagaspe,LK-3112
LK-3112120,Thalagaspe West,LK-3112
LK-3112125,Wallambagala North,LK-3112
LK-3112130,Elpitiya South,LK-3112
LK-3112135,Elpitiya Central,LK-3112
LK-3112140,Nawadagala,LK-3112
LK-3112145,Batuwanhena,LK-3112
LK-3112150,Igala,LK-3112
LK-3112155,Igala East,LK-3112
LK-3112160,Pelendagoda,LK-3112
LK-3112165,Wallambagala,LK-3112
LK-3112170,Ambana,LK-3112
LK-3112175,Ambana North,LK-3112
LK-3112180,Pituwala South,LK-3112
LK-3112185,Pituwala North,LK-3112
LK-3112190,Kudagala Kadirandola,LK-3112
LK-3112195,Igala Thalawa East,LK-3112
LK-3112200,Igala Thalawa,LK-3112
LK-3112205,Ella,LK-3112
LK-3112210,Ella Thanabaddegama,LK-3112
LK-3112215,Mahawela Abhayapura,LK-3112
LK-3112220,Pituwala West,LK-3112
LK-3112225,Eramulla,LK-3112
LK-3112230,Pinikahana,LK-3112
LK-3112235,Kahadoowa,LK-3112
LK-3112240,Thibbotuwawa,LK-3112
LK-3112245,Wathuruvila,LK-3112
LK-3112250,Rekadahena,LK-3112
LK-3112255,Kahadoowa South,LK-3112
LK-3115005,Pitigala North,LK-3115
LK-3115010,Uhanovita,LK-3115
LK-3115015,Hattaka,LK-3115
LK-3115020,Kaluarachchigoda,LK-3115
LK-3115025,Pitigala,LK-3115
LK-3115030,Karawwa,LK-3115
LK-3115035,Boraluwahena,LK-3115
LK-3115040,Bangamukanda,LK-3115
LK-3115045,Godamuna North,LK-3115
LK-3115050,Marthupitiya,LK-3115
LK-3115055,Godamuna South,LK-3115
LK-3115060,Liyanagamakanda,LK-3115
LK-3115065,Usbim Colony,LK-3115
LK-3115070,Bambarawana,LK-3115
LK-3115075,Mattaka,LK-3115
LK-3115080,Weihena,LK-3115
LK-3115085,Amaragama,LK-3115
LK-3115090,Naranovita,LK-3115
LK-3115095,Porawagama,LK-3115
LK-3115100,Kimbulawala,LK-3115
LK-3115105,Poddiwala West,LK-3115
LK-3115110,Poddiwala East,LK-3115
LK-3115115,Maraggoda,LK-3115
LK-3115120,Duwegoda,LK-3115
LK-3115125,Porawagama South,LK-3115
LK-3115130,Wattehena,LK-3115
LK-3115135,Manampita,LK-3115
LK-3115140,Niyagama,LK-3115
LK-3115145,Niyagama West,LK-3115
LK-3115150,Polpelaketiya,LK-3115
LK-3115155,Horangalla West,LK-3115
LK-3115160,Horangalla Thalawa,LK-3115
LK-3115165,Horangalla(Akulavila),LK-3115
LK-3115170,Niyagama South,LK-3115
LK-3118005,Ela Ihala,LK-3118
LK-3118010,Ela Ihala North,LK-3118
LK-3118015,Kumburegoda,LK-3118
LK-3118020,Habarakada East,LK-3118
LK-3118025,Habarakada West,LK-3118
LK-3118030,Kudugalpala,LK-3118
LK-3118035,Batahena,LK-3118
LK-3118040,Thawalama  North,LK-3118
LK-3118045,Thawalama Mookalana,LK-3118
LK-3118050,Thawalama South,LK-3118
LK-3118055,Hiniduma North,LK-3118
LK-3118060,Hiniduma West,LK-3118
LK-3118065,Hiniduma South,LK-3118
LK-3118070,Malgalla,LK-3118
LK-3118075,Halvitigala Colony Step 1,LK-3118
LK-3118080,Halvitigala Step 2,LK-3118
LK-3118085,Dammala Colony,LK-3118
LK-3118090,Thalangalla East,LK-3118
LK-3118095,Thalangalla West,LK-3118
LK-3118100,Malhathawa,LK-3118
LK-3118105,Panangala West,LK-3118
LK-3118110,Panangala  North,LK-3118
LK-3118115,Panangala East,LK-3118
LK-3118120,Thalangalla,LK-3118
LK-3118125,Dammala,LK-3118
LK-3118130,Opatha North,LK-3118
LK-3118135,Opatha West,LK-3118
LK-3118140,Koralegama,LK-3118
LK-3118145,Eppala,LK-3118
LK-3118150,Gallandala,LK-3118
LK-3118155,Opatha South,LK-3118
LK-3118160,Opatha East,LK-3118
LK-3118165,Weerapana North,LK-3118
LK-3118170,Weerapana West,LK-3118
LK-3118175,Weerapana South,LK-3118
LK-3118180,Weerapana East,LK-3118
LK-3121005,Danawala,LK-3121
LK-3121010,Mavita West,LK-3121
LK-3121015,Batuwangala West,LK-3121
LK-3121020,Kosmulla,LK-3121
LK-3121025,Thambalagama,LK-3121
LK-3121030,Ehelapitiya,LK-3121
LK-3121035,Batuwangala,LK-3121
LK-3121040,Mavita East,LK-3121
LK-3121045,Koswatta,LK-3121
LK-3121050,Ebalagedara North,LK-3121
LK-3121055,Embalegedara South,LK-3121
LK-3121060,Mawanana,LK-3121
LK-3121065,Neluwa,LK-3121
LK-3121070,Pahala Maddegama,LK-3121
LK-3121075,Maddegama East,LK-3121
LK-3121080,Happitiya,LK-3121
LK-3121085,Madugeta,LK-3121
LK-3121090,Warukandeniya,LK-3121
LK-3121095,Lankagama,LK-3121
LK-3121100,Dellawa,LK-3121
LK-3121105,Miyanawathura,LK-3121
LK-3121110,Pannimulla,LK-3121
LK-3121115,Ihala Maddegama,LK-3121
LK-3121120,Medagama,LK-3121
LK-3121125,Pahala Gigummaduwa,LK-3121
LK-3121130,Ihala Gigummaduwa,LK-3121
LK-3121135,Lelwala,LK-3121
LK-3121140,Ihala Lelwala,LK-3121
LK-3121145,Panagoda,LK-3121
LK-3121150,Dewalegama West,LK-3121
LK-3121155,Dewalegama East,LK-3121
LK-3121160,Millawa West,LK-3121
LK-3121165,Ihala Millawa,LK-3121
LK-3121170,Pahala Millawa,LK-3121
LK-3124005,Thalgaswala,LK-3124
LK-3124010,Marakanda,LK-3124
LK-3124015,Malamura,LK-3124
LK-3124020,Aluth Thanayamgoda Pahala West,LK-3124
LK-3124025,Mapalagama,LK-3124
LK-3124030,Aluth Thanayamgoda Pahala,LK-3124
LK-3124035,Aluth Thanayamgoda Ihala South,LK-3124
LK-3124040,Aluth Thanayamgoda Ihala,LK-3124
LK-3124045,Ketagoda South,LK-3124
LK-3124050,Ketagoda North,LK-3124
LK-3124055,Parana Thanayamgoda,LK-3124
LK-3124060,Parana Thanayamgoda Central,LK-3124
LK-3124065,Parana Thanayamgoda Pahala,LK-3124
LK-3124070,Gonalagoda East,LK-3124
LK-3124075,Gonalagoda,LK-3124
LK-3124080,Gammeddegoda,LK-3124
LK-3124085,Gammeddegoda South,LK-3124
LK-3124090,Nagoda Ihala,LK-3124
LK-3124095,Nagoda,LK-3124
LK-3124100,Kurupanawa,LK-3124
LK-3124105,Gonadeniya,LK-3124
LK-3124110,Ukovita North,LK-3124
LK-3124115,Udugama West,LK-3124
LK-3124120,Udugama North,LK-3124
LK-3124125,Homadola,LK-3124
LK-3124130,Udugama East,LK-3124
LK-3124135,Udugama,LK-3124
LK-3124140,Ukovita,LK-3124
LK-3124145,Gonadeniya South,LK-3124
LK-3124150,Udalamatta East,LK-3124
LK-3124155,Udalamatta North,LK-3124
LK-3124160,Keppitiyagoda,LK-3124
LK-3124165,Udawelivitiya,LK-3124
LK-3124170,Udawelivitithalawa East,LK-3124
LK-3124175,Udawelivitithalawa,LK-3124
LK-3124180,Udawelivitiya West,LK-3124
LK-3124185,Keppitiyagoda North,LK-3124
LK-3124190,Budapanagama,LK-3124
LK-3124195,Unanvitiya,LK-3124
LK-3124200,Unanvitiya East,LK-3124
LK-3124205,Urala North,LK-3124
LK-3124210,Urala Pahala,LK-3124
LK-3124215,Yatalamatta,LK-3124
LK-3124220,Yatalamatta East,LK-3124
LK-3124225,Udalamatta South,LK-3124
LK-3124230,Udugama South,LK-3124
LK-3124235,Udugama Central,LK-3124
LK-3124240,Aluthwatta,LK-3124
LK-3124245,Hangaranwala,LK-3124
LK-3124250,Yatalamatta West,LK-3124
LK-3124255,Urala Central,LK-3124
LK-3124260,Urala South,LK-3124
LK-3124265,Urala East,LK-3124
LK-3127005,Wavulagala,LK-3127
LK-3127010,Halpathota Central,LK-3127
LK-3127015,Halpathota,LK-3127
LK-3127020,Baddegama Town,LK-3127
LK-3127025,Baddegama North,LK-3127
LK-3127030,Nayapamula,LK-3127
LK-3127035,Kotagoda,LK-3127
LK-3127040,Hemmeliya,LK-3127
LK-3127045,Ellakanda Wathurawa,LK-3127
LK-3127050,Baddegama East,LK-3127
LK-3127055,Yahaladoowa,LK-3127
LK-3127060,Baddegama South,LK-3127
LK-3127065,Gothatuwa,LK-3127
LK-3127070,Majuwana,LK-3127
LK-3127075,Weweldeniya,LK-3127
LK-3127080,Keradewala,LK-3127
LK-3127085,Madoldoowa,LK-3127
LK-3127090,Bataketiya,LK-3127
LK-3127095,Ganegama North,LK-3127
LK-3127100,Sandarawala,LK-3127
LK-3127105,Boralukada,LK-3127
LK-3127110,Mahahengoda,LK-3127
LK-3127115,Weihena,LK-3127
LK-3127120,Mahalapitiya,LK-3127
LK-3127125,Polgahavila,LK-3127
LK-3127130,Indurupathvila,LK-3127
LK-3127135,Thilaka Udagama,LK-3127
LK-3127140,Pilagoda,LK-3127
LK-3127145,Ganegama East,LK-3127
LK-3127150,Ganegama South,LK-3127
LK-3127155,Ganegama West,LK-3127
LK-3127160,Lelkada,LK-3127
LK-3127165,Ginimellagaha West,LK-3127
LK-3127170,Ginimellagaha East,LK-3127
LK-3127175,Dodangoda,LK-3127
LK-3127180,Thelikada,LK-3127
LK-3127185,Walpita North,LK-3127
LK-3127190,Keembiela,LK-3127
LK-3127195,Kohombanadeniya,LK-3127
LK-3127200,Kasideniya,LK-3127
LK-3127205,Kirindalahena,LK-3127
LK-3127210,Pahala Lelwala,LK-3127
LK-3127215,Ihala Lelwala,LK-3127
LK-3127220,Kumbalamalahena,LK-3127
LK-3127225,Wanduramba,LK-3127
LK-3127230,Gulugahakanda,LK-3127
LK-3127235,Panvila,LK-3127
LK-3127240,Kokawala,LK-3127
LK-3127245,Pahala Keembiya,LK-3127
LK-3127250,Warakapitikanda,LK-3127
LK-3127255,Adurathvila,LK-3127
LK-3127260,Walpita South,LK-3127
LK-3127265,Balagoda,LK-3127
LK-3127270,Ginimellagaha South,LK-3127
LK-3127275,Pituwalgoda,LK-3127
LK-3127280,Thelikada Nagaraya,LK-3127
LK-3127285,Horagampita Central,LK-3127
LK-3127290,Gonapura,LK-3127
LK-3127295,Horagampita,LK-3127
LK-3127300,Meda Keembiya,LK-3127
LK-3127305,Deiyandara,LK-3127
LK-3127310,Wanduramba South,LK-3127
LK-3127315,Thalawa,LK-3127
LK-3127320,Mabotuwana,LK-3127
LK-3127325,Nattewela,LK-3127
LK-3127330,Thiruwanaketiya,LK-3127
LK-3127335,Pitiharawa,LK-3127
LK-3127340,Meda Keembiya East,LK-3127
LK-3127345,Ihala Keembiya South,LK-3127
LK-3127350,Ihala Keembiya,LK-3127
LK-3130005,Ethkandura,LK-3130
LK-3130010,Old Colony,LK-3130
LK-3130015,Thanabaddegama,LK-3130
LK-3130020,Maddevila,LK-3130
LK-3130025,Miriswatta,LK-3130
LK-3130030,Nambara Atta,LK-3130
LK-3130035,Divithura East,LK-3130
LK-3130040,Polgahavila,LK-3130
LK-3130045,Divithura,LK-3130
LK-3130050,Ampegama,LK-3130
LK-3130055,Hamingala,LK-3130
LK-3130060,Nugethota,LK-3130
LK-3130065,Agaliya,LK-3130
LK-3130070,Divithura South,LK-3130
LK-3130075,Galahenkanda,LK-3130
LK-3130080,Kuttiyawatta,LK-3130
LK-3130085,Pathawelivitiya North,LK-3130
LK-3130090,Waduwelivitiya North,LK-3130
LK-3130095,Pathawelivitiya,LK-3130
LK-3130100,Waduwelivitiya,LK-3130
LK-3133005,Heppumulla,LK-3133
LK-3133010,Patabendimulla,LK-3133
LK-3133015,Karittakanda,LK-3133
LK-3133020,Kaluwadumulla,LK-3133
LK-3133025,Okanda,LK-3133
LK-3133030,Keraminiya,LK-3133
LK-3133035,Polwatta,LK-3133
LK-3133040,Thalgasgoda,LK-3133
LK-3133045,Thilakapura,LK-3133
LK-3133050,Thanipolgahalanga,LK-3133
LK-3133055,Batapola Central,LK-3133
LK-3133060,Kondagala,LK-3133
LK-3133065,Batapola North,LK-3133
LK-3133070,Kobeithuduwa,LK-3133
LK-3133075,Godahena,LK-3133
LK-3133080,Poramba,LK-3133
LK-3133085,Vilegoda,LK-3133
LK-3133090,Paniyandoowa,LK-3133
LK-3133095,Hirewatta,LK-3133
LK-3133100,Maha Ambalangoda,LK-3133
LK-3133105,Batadoowa,LK-3133
LK-3133110,Batapola West,LK-3133
LK-3133115,Batapola South,LK-3133
LK-3133120,Dorala,LK-3133
LK-3133125,Batapola East,LK-3133
LK-3133130,Polhunnawa,LK-3133
LK-3133135,Nawagama,LK-3133
LK-3133140,Nindana,LK-3133
LK-3133145,Lewdoowa,LK-3133
LK-3133150,Udakerewa,LK-3133
LK-3133155,Domanvila,LK-3133
LK-3133160,Diddeliya,LK-3133
LK-3133165,Eranavila,LK-3133
LK-3133170,Meetiyagoda,LK-3133
LK-3133175,Metiwala,LK-3133
LK-3133180,Walakada,LK-3133
LK-3134005,Karuwalabedda,LK-3134
LK-3134010,Manampita,LK-3134
LK-3134015,Dangaragaha Udumulla,LK-3134
LK-3134020,Banwelgodella,LK-3134
LK-3134025,Eriyagahamulla,LK-3134
LK-3134030,Aluthwala,LK-3134
LK-3134035,Mahagangoda,LK-3134
LK-3134040,Kirindiela,LK-3134
LK-3134045,Thilakagama,LK-3134
LK-3134050,Henagoda,LK-3134
LK-3134055,Gonapeenuwala Central,LK-3134
LK-3134060,Woodland Watta,LK-3134
LK-3134065,Berathuduwa,LK-3134
LK-3134070,Hikkaduwa East,LK-3134
LK-3134075,Arachchikanda,LK-3134
LK-3134080,Gonapeenuwala East,LK-3134
LK-3134085,Gonapeenuwala West,LK-3134
LK-3134090,Dodamkahavila,LK-3134
LK-3134095,Kaluwagaha Colony,LK-3134
LK-3136005,Urawatta,LK-3136
LK-3136010,Dewagoda West,LK-3136
LK-3136015,Dewagoda East,LK-3136
LK-3136020,Deldoowa,LK-3136
LK-3136025,Idanthota,LK-3136
LK-3136030,Kuleegoda West,LK-3136
LK-3136035,Galagoda East,LK-3136
LK-3136040,Galagoda West,LK-3136
LK-3136045,Kuleegoda East,LK-3136
LK-3136050,Wellabada,LK-3136
LK-3136055,Usmudulawa,LK-3136
LK-3136060,Wenamulla,LK-3136
LK-3136065,Dimbuldoowa,LK-3136
LK-3136070,Andurangoda,LK-3136
LK-3136075,Galdoowa,LK-3136
LK-3136080,Akurala,LK-3136
LK-3136085,Akurala North,LK-3136
LK-3136090,Akurala South,LK-3136
LK-3136095,Uduwaragoda North,LK-3136
LK-3136100,Uduwaragoda South,LK-3136
LK-3136105,Kahawa,LK-3136
LK-3136110,Weragoda,LK-3136
LK-3136115,Delmar Colony,LK-3136
LK-3136120,Harannagala,LK-3136
LK-3136125,Godagama South,LK-3136
LK-3136130,Godagama North,LK-3136
LK-3136135,Daluwathumulla,LK-3136
LK-3136140,Thelwatta,LK-3136
LK-3136145,Pereliya North,LK-3136
LK-3136150,Pereliya South,LK-3136
LK-3136155,Seenigama,LK-3136
LK-3136160,Seenigama East,LK-3136
LK-3136165,Malawenna,LK-3136
LK-3136170,Kalupe,LK-3136
LK-3136175,Udumulla,LK-3136
LK-3136180,Medagoda,LK-3136
LK-3136185,Werellana,LK-3136
LK-3136190,Thotagamuwa,LK-3136
LK-3136195,Wellawatta,LK-3136
LK-3136200,Hikkaduwa Nagarikaya,LK-3136
LK-3136205,Wavulagoda West,LK-3136
LK-3136210,Wavulagoda East,LK-3136
LK-3136215,Hikkaduwa West,LK-3136
LK-3136220,Nakanda,LK-3136
LK-3136225,Hikkaduwa Central,LK-3136
LK-3136230,Nalagasdeniya,LK-3136
LK-3136235,Millagoda,LK-3136
LK-3136240,Pannamgoda,LK-3136
LK-3136245,Wewala,LK-3136
LK-3136250,Narigama Wellabada,LK-3136
LK-3136255,Narigama,LK-3136
LK-3136260,Kuda Wewala,LK-3136
LK-3136265,Delgahadoowa,LK-3136
LK-3136270,Katukoliha,LK-3136
LK-3136275,Thiranagama,LK-3136
LK-3136280,Wellabada- Thiranagama,LK-3136
LK-3136285,Patuwatha,LK-3136
LK-3136290,Gammaduwatta,LK-3136
LK-3136295,Hennathota,LK-3136
LK-3136300,Pinkanda,LK-3136
LK-3136305,Handaudumulla,LK-3136
LK-3136310,Thotavila,LK-3136
LK-3136315,Mawadavila,LK-3136
LK-3136320,Panvila Pahalagoda,LK-3136
LK-3136325,Rejjipura,LK-3136
LK-3136330,Imbula,LK-3136
LK-3136335,Katudampe,LK-3136
LK-3136340,Dodandugoda,LK-3136
LK-3136345,Modara Patuwatha,LK-3136
LK-3136350,Dodandoowa,LK-3136
LK-3136355,Uduhalpitiya,LK-3136
LK-3136360,Karawegoda,LK-3136
LK-3136365,Devinigoda,LK-3136
LK-3136370,Bopagoda,LK-3136
LK-3136375,Kandegoda,LK-3136
LK-3136380,Ranapanadeniya,LK-3136
LK-3136385,Mahahegoda,LK-3136
LK-3136390,Medawala,LK-3136
LK-3136395,Hegoda,LK-3136
LK-3136400,Palanthriyagoda,LK-3136
LK-3136405,Maliduwa,LK-3136
LK-3136410,Rathna Udagama,LK-3136
LK-3136415,Ganegoda,LK-3136
LK-3136420,Rathgama Hegoda,LK-3136
LK-3136425,Palliyapitiya,LK-3136
LK-3136430,Gammeddegoda,LK-3136
LK-3136435,Gammeddegoda East,LK-3136
LK-3136440,Gammeddegoda-Rajgama,LK-3136
LK-3136445,Owakanda,LK-3136
LK-3136450,Kapumulugoda,LK-3136
LK-3136455,Dolikanda,LK-3136
LK-3136460,Boossa,LK-3136
LK-3136465,Rupeewala,LK-3136
LK-3136470,Kedala,LK-3136
LK-3136475,Pitiwella South,LK-3136
LK-3136480,Pitiwella North,LK-3136
LK-3136485,Kadurupe,LK-3136
LK-3139005,Ukwatta East,LK-3139
LK-3139010,Ukwatta West,LK-3139
LK-3139015,Maha Hapugala,LK-3139
LK-3139020,Kurunduwatta,LK-3139
LK-3139025,Welipitimodara,LK-3139
LK-3139030,Ginthota West,LK-3139
LK-3139035,Ginthota East,LK-3139
LK-3139040,Piyadigama,LK-3139
LK-3139045,Bope North,LK-3139
LK-3139050,Bope  East,LK-3139
LK-3139055,Kumbalwella North,LK-3139
LK-3139060,Madawalamulla North,LK-3139
LK-3139065,Madawalamulla South,LK-3139
LK-3139070,Deddugoda North,LK-3139
LK-3139075,Deddugoda South,LK-3139
LK-3139080,Maitipe,LK-3139
LK-3139085,Welipatha,LK-3139
LK-3139090,Maligaspe,LK-3139
LK-3139095,Dangedara East,LK-3139
LK-3139100,Dangedara West,LK-3139
LK-3139105,Bataganvila,LK-3139
LK-3139110,Galwadugoda,LK-3139
LK-3139115,Richmond Kanda,LK-3139
LK-3139120,Bope West,LK-3139
LK-3139125,Siyambalagahawatta,LK-3139
LK-3139130,Dadalla East,LK-3139
LK-3139135,Dadalla West,LK-3139
LK-3139140,Walawwatta,LK-3139
LK-3139145,Kumbalwella South,LK-3139
LK-3139150,Mahamodara,LK-3139
LK-3139155,Osanagoda,LK-3139
LK-3139160,Kandewatta,LK-3139
LK-3139165,Sanghamittapura,LK-3139
LK-3139170,Madapathala,LK-3139
LK-3139175,Pokunawatta,LK-3139
LK-3139180,Milidduwa,LK-3139
LK-3139185,Ettiligoda South,LK-3139
LK-3139190,Makuluwa,LK-3139
LK-3139195,Pettigalawatta,LK-3139
LK-3139200,Thalapitiya,LK-3139
LK-3139205,Kongaha,LK-3139
LK-3139210,Weliwatta,LK-3139
LK-3139215,Minuwangoda,LK-3139
LK-3139220,Kaluwella,LK-3139
LK-3139225,Cheena Koratuwa,LK-3139
LK-3139230,Fort,LK-3139
LK-3139235,Magalle,LK-3139
LK-3139240,Dewathura,LK-3139
LK-3139245,Katugoda,LK-3139
LK-3139250,Dewata,LK-3139
LK-3142005,Poddala,LK-3142
LK-3142010,Pannamaga,LK-3142
LK-3142015,Mulana West,LK-3142
LK-3142020,Mulana East,LK-3142
LK-3142025,Panvila,LK-3142
LK-3142030,Narawala,LK-3142
LK-3142035,Walawatta,LK-3142
LK-3142040,Magadeniya,LK-3142
LK-3142045,Baswatta,LK-3142
LK-3142050,Addaragoda,LK-3142
LK-3142055,Meepawala,LK-3142
LK-3142060,Penideniya,LK-3142
LK-3142065,Opatha,LK-3142
LK-3142070,Wakwella,LK-3142
LK-3142075,Niladeniya,LK-3142
LK-3142080,Hapugala,LK-3142
LK-3142085,Beraliyadola,LK-3142
LK-3142090,Silvagewatta,LK-3142
LK-3142095,Uluvitike,LK-3142
LK-3142100,Holuwagoda,LK-3142
LK-3142105,Labudoowa,LK-3142
LK-3142110,Kurunda Kanda,LK-3142
LK-3142115,Kurunda,LK-3142
LK-3142120,Thotagoda,LK-3142
LK-3142125,Galketiya,LK-3142
LK-3142130,Godakanda,LK-3142
LK-3142135,Bangalawatta,LK-3142
LK-3142140,Bokaramullagoda,LK-3142
LK-3142145,Thunhiripana,LK-3142
LK-3142150,Abeysundarawatta,LK-3142
LK-3142155,Watareka  East,LK-3142
LK-3142160,Pelawatta,LK-3142
LK-3142165,Mampitiya,LK-3142
LK-3142170,Kalegana South,LK-3142
LK-3142175,Kalegana North,LK-3142
LK-3142180,Kithulampitiya,LK-3142
LK-3142185,Kahadoowawatta,LK-3142
LK-3142190,Navinna,LK-3142
LK-3142195,Hirimburagama,LK-3142
LK-3142200,Karapitiya,LK-3142
LK-3142205,Ambagahawatta,LK-3142
LK-3142210,Kapuhempala,LK-3142
LK-3142215,Kerenvila,LK-3142
LK-3142220,Paliwathugoda,LK-3142
LK-3145005,Thalgasyaya,LK-3145
LK-3145010,Niyagama,LK-3145
LK-3145015,Ambagahavila,LK-3145
LK-3145020,Ihalagoda East,LK-3145
LK-3145025,Amalgama,LK-3145
LK-3145030,Ketandola,LK-3145
LK-3145035,Hiyare North,LK-3145
LK-3145040,Kandahena,LK-3145
LK-3145045,Welihena,LK-3145
LK-3145050,Kadurugashena,LK-3145
LK-3145055,Hiyare East,LK-3145
LK-3145060,Ihala Hiyare,LK-3145
LK-3145065,Hiyare South,LK-3145
LK-3145070,Etambagasmulla,LK-3145
LK-3145075,Ihalagoda Colony,LK-3145
LK-3145080,Ihalagoda South,LK-3145
LK-3145085,Ihalagoda West,LK-3145
LK-3145090,Akmeemana,LK-3145
LK-3145095,Ganegoda,LK-3145
LK-3145100,Ganegoda West,LK-3145
LK-3145105,Kirindagoda,LK-3145
LK-3145110,Badungoda Colony,LK-3145
LK-3145115,Badungoda,LK-3145
LK-3145120,Pinnadoowa Colony,LK-3145
LK-3145125,Weliketiya,LK-3145
LK-3145130,Halgasmulla,LK-3145
LK-3145135,Amukotuwa,LK-3145
LK-3145140,Nivithipitigoda,LK-3145
LK-3145145,Thalahitiyawa,LK-3145
LK-3145150,Ankokkawala,LK-3145
LK-3145155,Pinnadoowa,LK-3145
LK-3145160,Manavila,LK-3145
LK-3145165,Walahanduwa,LK-3145
LK-3145170,Yakgaha,LK-3145
LK-3145175,Meegoda,LK-3145
LK-3145180,Pilana,LK-3145
LK-3145185,Pedinnoruwa,LK-3145
LK-3145190,Melegoda,LK-3145
LK-3145195,Bambaragoda,LK-3145
LK-3145200,Anangoda,LK-3145
LK-3145205,Hinidumgoda,LK-3145
LK-3145210,Kerenvila Colony,LK-3145
LK-3145215,Haliwala,LK-3145
LK-3145220,Ettiligoda North,LK-3145
LK-3145225,Ambalanwatta,LK-3145
LK-3145230,Jambuketiya,LK-3145
LK-3145235,Batadoowa,LK-3145
LK-3145240,Kaduruduwa,LK-3145
LK-3145245,Panagamuwa,LK-3145
LK-3145250,Galgamuwa,LK-3145
LK-3145255,Divulana Colony,LK-3145
LK-3145260,Handugoda,LK-3145
LK-3145265,Kalahe,LK-3145
LK-3145270,Wanchawala,LK-3145
LK-3145275,Attaragoda,LK-3145
LK-3145280,Nugadoowa,LK-3145
LK-3145285,Batadoowa west,LK-3145
LK-3145290,Thalpegoda,LK-3145
LK-3145295,Yatagama,LK-3145
LK-3145300,Rathkindagoda,LK-3145
LK-3145305,Metaramba,LK-3145
LK-3145310,Thalpe North,LK-3145
LK-3145315,Nagahawatta,LK-3145
LK-3148005,Nawala,LK-3148
LK-3148010,Thellambura North,LK-3148
LK-3148015,Nakiyadeniya,LK-3148
LK-3148020,Nakiyadeniya North,LK-3148
LK-3148025,Wattehena,LK-3148
LK-3148030,Wathogala,LK-3148
LK-3148035,Moraketiya,LK-3148
LK-3148040,Gahalakoladeniya,LK-3148
LK-3148045,Udumalagala,LK-3148
LK-3148050,Ihala Nakiyadeniya,LK-3148
LK-3148055,Pahala Thellambura,LK-3148
LK-3148060,Ihala Thellambura,LK-3148
LK-3148065,Nevungala,LK-3148
LK-3148070,Nevungala South,LK-3148
LK-3148075,Kottawa,LK-3148
LK-3148080,Thellambura South,LK-3148
LK-3148085,Yakkalamulla East,LK-3148
LK-3148090,Nabadawa,LK-3148
LK-3148095,Yatamalagala,LK-3148
LK-3148100,Ihala Karagoda,LK-3148
LK-3148105,Magedara North,LK-3148
LK-3148110,Magedara East,LK-3148
LK-3148115,Ella Ihala,LK-3148
LK-3148120,Magedara,LK-3148
LK-3148125,Uduwella,LK-3148
LK-3148130,Karagoda,LK-3148
LK-3148135,Pahala Karagoda,LK-3148
LK-3148140,Polpagoda,LK-3148
LK-3148145,Beranagoda,LK-3148
LK-3148150,Yakkalamulla,LK-3148
LK-3148155,Kottawa East,LK-3148
LK-3148160,Kottawa West,LK-3148
LK-3148165,Thalgampala North,LK-3148
LK-3148170,Udubettawa,LK-3148
LK-3148175,Udubettawa West,LK-3148
LK-3148180,Thalgampala,LK-3148
LK-3148185,Hiriyamalkumbura,LK-3148
LK-3148190,Polpagoda West,LK-3148
LK-3148195,Kaludiyawala,LK-3148
LK-3148200,Badungala,LK-3148
LK-3148205,Rathamalaketiya,LK-3148
LK-3148210,Welendawa,LK-3148
LK-3148215,Pahala Walpola,LK-3148
LK-3148220,Ihala Walpala,LK-3148
LK-3151005,Pituwalahena,LK-3151
LK-3151010,Mayakaduwa,LK-3151
LK-3151015,Kabaragala,LK-3151
LK-3151020,Danduwana,LK-3151
LK-3151025,Hatangala,LK-3151
LK-3151030,Bedipita,LK-3151
LK-3151035,Puswelkada,LK-3151
LK-3151040,Ihala Kombala,LK-3151
LK-3151045,Kombala,LK-3151
LK-3151050,Imaduwa Athireka,LK-3151
LK-3151055,Paragoda,LK-3151
LK-3151060,Wathawana,LK-3151
LK-3151065,Hawpe North,LK-3151
LK-3151070,Hawpe,LK-3151
LK-3151075,Angulugaha,LK-3151
LK-3151080,Rangoda,LK-3151
LK-3151085,Dorape,LK-3151
LK-3151090,Welikonda,LK-3151
LK-3151095,Pelawatta,LK-3151
LK-3151100,Polhena,LK-3151
LK-3151105,Kahanda,LK-3151
LK-3151110,Kahanda Athireka 1,LK-3151
LK-3151115,Godaudamandiya,LK-3151
LK-3151120,Mawella,LK-3151
LK-3151125,Deegoda Athireka 1,LK-3151
LK-3151130,Imaduwa,LK-3151
LK-3151135,Hettigoda,LK-3151
LK-3151140,Deegoda,LK-3151
LK-3151145,Kalugalagoda,LK-3151
LK-3151150,Ihala Mawella,LK-3151
LK-3151155,Thittagalla East,LK-3151
LK-3151160,Ampavila,LK-3151
LK-3151165,Malalgodapitiya,LK-3151
LK-3151170,Dikkumbura,LK-3151
LK-3151175,Kodagoda South,LK-3151
LK-3151180,Kodagoda East,LK-3151
LK-3151185,Horadugoda,LK-3151
LK-3151190,Ellalagoda,LK-3151
LK-3151195,Andugoda,LK-3151
LK-3151200,Panugalgoda,LK-3151
LK-3151205,Indurannavila,LK-3151
LK-3151210,Atanikitha,LK-3151
LK-3151215,Thittagalla West,LK-3151
LK-3154005,Yaddehimulla,LK-3154
LK-3154010,Bonavistawa,LK-3154
LK-3154015,Unawatuna West,LK-3154
LK-3154020,Unawatuna East,LK-3154
LK-3154025,Maharamba,LK-3154
LK-3154030,Dalawella,LK-3154
LK-3154035,Unawatuna Central,LK-3154
LK-3154040,Thalpe South,LK-3154
LK-3154045,Heenatigala South,LK-3154
LK-3154050,Wellethota,LK-3154
LK-3154055,Halloluwagoda,LK-3154
LK-3154060,Handugoda,LK-3154
LK-3154065,Dodampe,LK-3154
LK-3154070,Attaragoda,LK-3154
LK-3154075,Thalpe East,LK-3154
LK-3154080,Kahawennagama,LK-3154
LK-3154085,Morampitigoda,LK-3154
LK-3154090,Uragasgoda,LK-3154
LK-3154095,Pitidoowa,LK-3154
LK-3154100,Meepe,LK-3154
LK-3154105,Bogahamulugoda,LK-3154
LK-3154110,Happawana,LK-3154
LK-3154115,Annasiwathugoda,LK-3154
LK-3154120,Harumalgoda West,LK-3154
LK-3154125,Lanumodara,LK-3154
LK-3154130,Liyanagoda,LK-3154
LK-3154135,Katukurunda,LK-3154
LK-3154140,Harumalgoda Central,LK-3154
LK-3154145,Godawatta,LK-3154
LK-3154150,Harumalgoda East,LK-3154
LK-3154155,Koggala Athireka 1,LK-3154
LK-3154160,Koggala Athireka 2,LK-3154
LK-3154165,Koggala,LK-3154
LK-3154170,Kathaluwa West,LK-3154
LK-3154175,Atadahewathugoda,LK-3154
LK-3154180,Kathaluwa East,LK-3154
LK-3154185,Welhengoda,LK-3154
LK-3154190,Kathaluwa Central,LK-3154
LK-3154195,Alawathuthisgoda,LK-3154
LK-3154200,Pelessa,LK-3154
LK-3154205,Korahedigoda,LK-3154
LK-3154210,Ahangama Nakanda,LK-3154
LK-3154215,Kalapuwa,LK-3154
LK-3154220,Ahangamgoda,LK-3154
LK-3154225,Danduhela,LK-3154
LK-3154230,Meegahagoda,LK-3154
LK-3154235,Kahawathugoda,LK-3154
LK-3154240,Meliyagoda,LK-3154
LK-3154245,Piyadigama West,LK-3154
LK-3154250,Wadugegoda,LK-3154
LK-3154255,Karandugoda,LK-3154
LK-3154260,Kalahegoda,LK-3154
LK-3154265,Dommannegoda,LK-3154
LK-3154270,Piyadigama East,LK-3154
LK-3154275,Ahangama Central,LK-3154
LK-3154280,Digaredda,LK-3154
LK-3154285,Thaldoowa,LK-3154
LK-3154290,Ahangama East,LK-3154
LK-3154295,Goviyapana,LK-3154
LK-3203005,Kalubovitiyana,LK-3203
LK-3203010,Galabada,LK-3203
LK-3203015,Ambewela,LK-3203
LK-3203020,Dangala West,LK-3203
LK-3203025,Banagala East,LK-3203
LK-3203030,Dangala East,LK-3203
LK-3203035,Banagala West,LK-3203
LK-3203040,Edandukitha West,LK-3203
LK-3203045,Edandukitha East,LK-3203
LK-3203050,Alapaladeniya South,LK-3203
LK-3203055,Alapaladeniya North,LK-3203
LK-3203060,Kiriwelkele North,LK-3203
LK-3203065,Rambukana West,LK-3203
LK-3203070,Kodikaragoda West,LK-3203
LK-3203075,Kodikaragoda East,LK-3203
LK-3203080,Weliwa,LK-3203
LK-3203085,Rambukana East,LK-3203
LK-3203090,Thalapekumbura,LK-3203
LK-3203095,Kudagalahena,LK-3203
LK-3203100,Kiriwelkele South,LK-3203
LK-3203105,Derangala,LK-3203
LK-3203110,Thennahena,LK-3203
LK-3203115,Gorakawela,LK-3203
LK-3203120,Siyambalagoda West,LK-3203
LK-3203125,Kosnilgoda,LK-3203
LK-3203130,Aluwana,LK-3203
LK-3203135,Paradupalla,LK-3203
LK-3203140,Mahapothuvila,LK-3203
LK-3203145,Dankoluwa,LK-3203
LK-3203150,Pitabeddara,LK-3203
LK-3203155,Kaduruwana,LK-3203
LK-3203160,Dehigaspa,LK-3203
LK-3203165,Kotagala,LK-3203
LK-3203170,Siyambalagoda East,LK-3203
LK-3203175,Wanasinkanda,LK-3203
LK-3203180,Diyadawa,LK-3203
LK-3203185,Ihala Ainagama,LK-3203
LK-3203190,Elamaldeniya,LK-3203
LK-3203195,Wathurakumbura,LK-3203
LK-3203200,Puwakbadovita,LK-3203
LK-3206005,Mederipitiya,LK-3206
LK-3206010,Keeriwalagama,LK-3206
LK-3206015,Kiriweldola,LK-3206
LK-3206020,Kandilpana,LK-3206
LK-3206025,Viharahena,LK-3206
LK-3206030,Adaradeniya,LK-3206
LK-3206035,Ihalagama,LK-3206
LK-3206040,Bateyaya,LK-3206
LK-3206045,Pussawela,LK-3206
LK-3206050,Pallegama North,LK-3206
LK-3206055,Pathawala Nadakanda,LK-3206
LK-3206060,Poddana,LK-3206
LK-3206065,Kolawenigama,LK-3206
LK-3206070,Pallegama South,LK-3206
LK-3206075,Deniyaya West,LK-3206
LK-3206080,Deniyaya,LK-3206
LK-3206085,Kalugalahena,LK-3206
LK-3206090,Thenipita,LK-3206
LK-3206095,Mugunumulla,LK-3206
LK-3206100,Nawalahena,LK-3206
LK-3206105,Kotapola North,LK-3206
LK-3206110,Nishshankapura,LK-3206
LK-3206115,Beliattakumbura,LK-3206
LK-3206120,Morawaka,LK-3206
LK-3206125,Porupitiya,LK-3206
LK-3206130,Waralla,LK-3206
LK-3206135,Koodaludeniya,LK-3206
LK-3206140,Kotapola South,LK-3206
LK-3206145,Usamalagoda,LK-3206
LK-3206150,Lindagawahena,LK-3206
LK-3206155,Kosmodara,LK-3206
LK-3206160,Ilukpitiya,LK-3206
LK-3206165,Horagala East,LK-3206
LK-3206170,Horagala West,LK-3206
LK-3206175,Uvaragala,LK-3206
LK-3206180,Pelawatta,LK-3206
LK-3206185,Paragala,LK-3206
LK-3209005,Batandura South,LK-3209
LK-3209010,Batandura North,LK-3209
LK-3209015,Thalapalakanda,LK-3209
LK-3209020,Kekundeniya,LK-3209
LK-3209025,Ketawala,LK-3209
LK-3209030,Ginnaliya North,LK-3209
LK-3209035,Pattigala,LK-3209
LK-3209040,Beralapanathara South,LK-3209
LK-3209045,Beralapanathara North,LK-3209
LK-3209050,Wijayagama,LK-3209
LK-3209055,Pathavita,LK-3209
LK-3209060,Kirilipana,LK-3209
LK-3209065,Moragala,LK-3209
LK-3209070,Keeripitiya East,LK-3209
LK-3209075,Urubokka,LK-3209
LK-3209080,Ginnaliya West,LK-3209
LK-3209085,Ginnaliya South,LK-3209
LK-3209090,Ginnaliya East,LK-3209
LK-3209095,Mekiliyathenna,LK-3209
LK-3209100,Heegoda,LK-3209
LK-3209105,Keeripitiya West,LK-3209
LK-3209110,Pothdeniya,LK-3209
LK-3209115,Mologgamuwa North,LK-3209
LK-3209120,Mologgamuwa South,LK-3209
LK-3209125,Bengamuwa West,LK-3209
LK-3209130,Bengamuwa East,LK-3209
LK-3209135,Dampahala West,LK-3209
LK-3209140,Hulankanda,LK-3209
LK-3209145,Dampahala East,LK-3209
LK-3209150,Pasgoda,LK-3209
LK-3209155,Bengamuwa South,LK-3209
LK-3209160,Denkandaliya,LK-3209
LK-3209165,Panakaduwa Wast,LK-3209
LK-3209170,Rotumba East,LK-3209
LK-3209175,Napathella,LK-3209
LK-3209180,Andaluwa,LK-3209
LK-3209185,Ehelakanda,LK-3209
LK-3209190,Galketikanda,LK-3209
LK-3209195,Rotumba West,LK-3209
LK-3209200,Panakaduwa East,LK-3209
LK-3209205,Gomila,LK-3209
LK-3209210,Puwakgahahena,LK-3209
LK-3209215,Mawarala,LK-3209
LK-3212005,Gombaddala North,LK-3212
LK-3212010,Kudapana,LK-3212
LK-3212015,Ketapalakanda,LK-3212
LK-3212020,Gammedagama,LK-3212
LK-3212025,Ketiyape North,LK-3212
LK-3212030,Athapattukanda,LK-3212
LK-3212035,Parapamulla East,LK-3212
LK-3212040,Ketiyape South,LK-3212
LK-3212045,Galetumba,LK-3212
LK-3212050,Neralampitiya,LK-3212
LK-3212055,Mulatiyana,LK-3212
LK-3212060,Diddenipotha North,LK-3212
LK-3212065,Beragama North,LK-3212
LK-3212070,Gombaddala South,LK-3212
LK-3212075,Beragama West,LK-3212
LK-3212080,Beragama South,LK-3212
LK-3212085,Makandura West,LK-3212
LK-3212090,Beragama East,LK-3212
LK-3212095,Diddenipotha East,LK-3212
LK-3212100,Diddenipotha South,LK-3212
LK-3212105,Seenipella West,LK-3212
LK-3212110,Maduwala,LK-3212
LK-3212115,Seenipella East,LK-3212
LK-3212120,Deiyandara,LK-3212
LK-3212125,Parapamulla West,LK-3212
LK-3212130,Parapamulla South,LK-3212
LK-3212135,Dewalegama West,LK-3212
LK-3212140,Dewalegama East,LK-3212
LK-3212145,Batadola,LK-3212
LK-3212150,Kithsiripura,LK-3212
LK-3212155,Radawela West,LK-3212
LK-3212160,Belpamulla,LK-3212
LK-3212165,Bamunugama West,LK-3212
LK-3212170,Makandura  East,LK-3212
LK-3212175,Ransegoda East,LK-3212
LK-3212180,Meepavita,LK-3212
LK-3212185,Mudaligedara,LK-3212
LK-3212190,Rathkekulawa,LK-3212
LK-3212195,Ransegoda North,LK-3212
LK-3212200,Ransegoda South,LK-3212
LK-3212205,Ransegoda West,LK-3212
LK-3212210,Koramburuwana,LK-3212
LK-3212215,Horapavita South,LK-3212
LK-3212220,Horapavita North,LK-3212
LK-3212225,Bamunugama East,LK-3212
LK-3212230,Radawela East,LK-3212
LK-3212235,Pallawela,LK-3212
LK-3212240,Pitawalgamuwa,LK-3212
LK-3215005,kehelwala,LK-3215
LK-3215010,Urumutta,LK-3215
LK-3215015,Urumutta South,LK-3215
LK-3215020,Dematapassa,LK-3215
LK-3215025,Divithura,LK-3215
LK-3215030,Welihena,LK-3215
LK-3215035,Hawpe,LK-3215
LK-3215040,Thalahagama West,LK-3215
LK-3215045,Wenagama,LK-3215
LK-3215050,Thalahagama East,LK-3215
LK-3215055,Uggashena,LK-3215
LK-3215060,Vilpita West,LK-3215
LK-3215065,Kanahalagama,LK-3215
LK-3215070,Godapitiya,LK-3215
LK-3215075,Maragoda,LK-3215
LK-3215080,Panadugama,LK-3215
LK-3215085,Thibbotuwawa North,LK-3215
LK-3215090,Walagepiyadda,LK-3215
LK-3215095,Vilpita East 1,LK-3215
LK-3215100,Vilpita East 11,LK-3215
LK-3215105,Yahamulla,LK-3215
LK-3215110,Namburukanda,LK-3215
LK-3215115,Ihala Athuraliya,LK-3215
LK-3215120,Balakawala,LK-3215
LK-3215125,Thibbotuwawa,LK-3215
LK-3215130,Athuraliya West,LK-3215
LK-3215135,Athuraliya East,LK-3215
LK-3215140,Pahala Athuraliya,LK-3215
LK-3218005,Diganahena,LK-3218
LK-3218010,Lenama North,LK-3218
LK-3218015,Hulandawa,LK-3218
LK-3218020,Maramba North,LK-3218
LK-3218025,Peddapitiya North,LK-3218
LK-3218030,Idikatudeniya,LK-3218
LK-3218035,Lenama South,LK-3218
LK-3218040,Udupitiya,LK-3218
LK-3218045,Weliketiya,LK-3218
LK-3218050,Dediyagala,LK-3218
LK-3218055,Vilagama,LK-3218
LK-3218060,Ehelape,LK-3218
LK-3218065,Dolamawatha,LK-3218
LK-3218070,Kohugoda,LK-3218
LK-3218075,Ihala Maliduwa,LK-3218
LK-3218080,Ketanvila,LK-3218
LK-3218085,Nawalagoda,LK-3218
LK-3218090,Ellewela,LK-3218
LK-3218095,Minipogoda,LK-3218
LK-3218100,Peddapitiya South,LK-3218
LK-3218105,Maramba South,LK-3218
LK-3218110,Ganhela,LK-3218
LK-3218115,Asmagoda,LK-3218
LK-3218120,Higgoda,LK-3218
LK-3218125,Diyalape,LK-3218
LK-3218130,Eramudugoda,LK-3218
LK-3218135,Manikgoda,LK-3218
LK-3218140,Pahala Maliduwa,LK-3218
LK-3218145,Bopitiya,LK-3218
LK-3218150,Iluppella,LK-3218
LK-3218155,Imbulgoda,LK-3218
LK-3218160,Poramba,LK-3218
LK-3218165,Akuressa,LK-3218
LK-3218170,Yakabedda,LK-3218
LK-3218175,Galabadahena,LK-3218
LK-3218180,Ihala Kiyanduwa,LK-3218
LK-3218185,Melewwa,LK-3218
LK-3218190,Paraduwa North,LK-3218
LK-3218195,Paraduwa East,LK-3218
LK-3218200,Paraduwa South,LK-3218
LK-3218205,Henegama,LK-3218
LK-3218210,Henegama West,LK-3218
LK-3218215,Gallala,LK-3218
LK-3218220,Nimalawa East,LK-3218
LK-3218225,Nimalawa,LK-3218
LK-3218230,paragahawatta,LK-3218
LK-3221005,Wahala Kananke North,LK-3221
LK-3221010,Nivithiwelbokka,LK-3221
LK-3221015,Poramba Kananke North,LK-3221
LK-3221020,Puhulahena,LK-3221
LK-3221025,Poramba Kananke South,LK-3221
LK-3221030,Wahala Kananke South,LK-3221
LK-3221035,Nalawana,LK-3221
LK-3221040,Penetiyana West,LK-3221
LK-3221045,Penetiyana East,LK-3221
LK-3221050,Wellana,LK-3221
LK-3221055,Udukawa North,LK-3221
LK-3221060,Udukawa South,LK-3221
LK-3221065,Hallala,LK-3221
LK-3221070,Bathalahena,LK-3221
LK-3221075,Kokmaduwa North,LK-3221
LK-3221080,Sahabandu Kokmaduwa,LK-3221
LK-3221085,Jamburegoda East,LK-3221
LK-3221090,Padili Kokmaduwa,LK-3221
LK-3221095,Beraleliya,LK-3221
LK-3221100,Jayawickramapura,LK-3221
LK-3221105,Warakapitiya North,LK-3221
LK-3221110,Warakapitiya East,LK-3221
LK-3221115,Warakapitiya South,LK-3221
LK-3221120,Meeruppa,LK-3221
LK-3221125,Uruvitiya,LK-3221
LK-3221130,Watagedaramulla,LK-3221
LK-3221135,Moonamalpe,LK-3221
LK-3221140,Welipitiya,LK-3221
LK-3221145,Palalla,LK-3221
LK-3221150,Jamburegoda West,LK-3221
LK-3221155,Ibbawala,LK-3221
LK-3221160,Vilegoda,LK-3221
LK-3221165,Borala,LK-3221
LK-3221170,Maduragoda,LK-3221
LK-3221175,Kapuwatta,LK-3221
LK-3221180,Denipitiya Central,LK-3221
LK-3221185,Denipitiya West,LK-3221
LK-3221190,Denipitiya East,LK-3221
LK-3224005,Elgiriya,LK-3224
LK-3224010,Pahala Kiyaduwa,LK-3224
LK-3224015,Maragoda,LK-3224
LK-3224020,Kekunawela,LK-3224
LK-3224025,Kadduwa,LK-3224
LK-3224030,Dampella,LK-3224
LK-3224035,Horagoda East,LK-3224
LK-3224040,Horagoda West,LK-3224
LK-3224045,Horagoda South,LK-3224
LK-3224050,Kadukanna,LK-3224
LK-3224055,Welandagoda,LK-3224
LK-3224060,Uninduwela,LK-3224
LK-3224065,Thelijjavila,LK-3224
LK-3224070,Nape,LK-3224
LK-3224075,Akurugoda North,LK-3224
LK-3224080,Akurugoda East,LK-3224
LK-3224085,Kirimetimulla South,LK-3224
LK-3224090,Kirimetimulla North,LK-3224
LK-3224095,Malimbada West,LK-3224
LK-3224100,Katuwangoda,LK-3224
LK-3224105,Malimbada East,LK-3224
LK-3224110,Malimbada North,LK-3224
LK-3224115,Malimbada South,LK-3224
LK-3224120,Galpamuna,LK-3224
LK-3224125,Akurugoda South,LK-3224
LK-3224130,Akurugoda West,LK-3224
LK-3224135,Sulthanagoda Wast,LK-3224
LK-3224140,Sulthanagoda East,LK-3224
LK-3224145,Sulthanagoda South,LK-3224
LK-3227005,Gathara West,LK-3227
LK-3227010,Gathara North,LK-3227
LK-3227015,Gathra East,LK-3227
LK-3227020,Beragammulla,LK-3227
LK-3227025,Eriyathota,LK-3227
LK-3227030,Ganegama,LK-3227
LK-3227035,Narandeniya East,LK-3227
LK-3227040,Narandeniya West,LK-3227
LK-3227045,Malana,LK-3227
LK-3227050,Magamure,LK-3227
LK-3227055,Sapugoda,LK-3227
LK-3227060,Lenabatuwa,LK-3227
LK-3227065,Bibulewela,LK-3227
LK-3227070,Godawa,LK-3227
LK-3227075,Pitakatuwana,LK-3227
LK-3227080,Kamburupitiya,LK-3227
LK-3227085,Ullala East,LK-3227
LK-3227090,Thumbe,LK-3227
LK-3227095,Karaputugala North,LK-3227
LK-3227100,Karaputugala South,LK-3227
LK-3227105,Ullala Masmulla,LK-3227
LK-3227110,Ullala West,LK-3227
LK-3227115,Mapalana Mangin Ihala,LK-3227
LK-3227120,Mapalana Mangin Pahala,LK-3227
LK-3227125,Seewelgama,LK-3227
LK-3227130,Ihala Vitiyala North,LK-3227
LK-3227135,Karagoda Uyangoda 1 Atha East,LK-3227
LK-3227140,Karagoda Uyangoda 1 Atha West,LK-3227
LK-3227145,Karagoda Uyangoda 2 West,LK-3227
LK-3227150,Karagoda Uyangoda 2 East,LK-3227
LK-3227155,Ihala Vitiyala West,LK-3227
LK-3227160,Ihala Vitiyala South,LK-3227
LK-3227165,Ihala Vitiyala East,LK-3227
LK-3227170,Akurugoda,LK-3227
LK-3227175,Kahagala,LK-3227
LK-3227180,Kahagala South,LK-3227
LK-3227185,Urapola East,LK-3227
LK-3227190,Palolpitiya,LK-3227
LK-3227195,Urapola West,LK-3227
LK-3230005,Denagama East,LK-3230
LK-3230010,Denagama North,LK-3230
LK-3230015,Denagama West,LK-3230
LK-3230020,Badabadda,LK-3230
LK-3230025,Meeella,LK-3230
LK-3230030,Pananwela East,LK-3230
LK-3230035,Pananwela West,LK-3230
LK-3230040,Kohuliyadda,LK-3230
LK-3230045,Kebiliyapola North,LK-3230
LK-3230050,Wepathaira North,LK-3230
LK-3230055,Wepathaira West,LK-3230
LK-3230060,Kandegoda,LK-3230
LK-3230065,Narawelpita East,LK-3230
LK-3230070,Narawelpita North,LK-3230
LK-3230075,Ellewela East,LK-3230
LK-3230080,Ellewela West,LK-3230
LK-3230085,Narawelpita South,LK-3230
LK-3230090,Beruwela,LK-3230
LK-3230095,Muruthamuraya,LK-3230
LK-3230100,Muruthamuraya West,LK-3230
LK-3230105,Muruthamuraya East,LK-3230
LK-3230110,Wepathaira South,LK-3230
LK-3230115,Kebiliyapola South,LK-3230
LK-3230120,Gangodagama,LK-3230
LK-3230125,Pottewela,LK-3230
LK-3230130,Lalpe,LK-3230
LK-3230135,Gammedapitiya,LK-3230
LK-3230140,Udupeellegoda East,LK-3230
LK-3230145,Udupeellegoda West,LK-3230
LK-3230150,Kongala East,LK-3230
LK-3230155,Kongala South,LK-3230
LK-3230160,Kongala Central,LK-3230
LK-3230165,Kongala West,LK-3230
LK-3230170,Narawelpita West,LK-3230
LK-3233005,Ovitigamuwa South,LK-3233
LK-3233010,Ovitigamuwa North,LK-3233
LK-3233015,Malwathugoda,LK-3233
LK-3233020,Galkanda,LK-3233
LK-3233025,Kirinda Mangin Pahala,LK-3233
LK-3233030,Kirinda Mangin Ihala North,LK-3233
LK-3233035,Hettiyawala West,LK-3233
LK-3233040,Hettiyawala North,LK-3233
LK-3233045,Boraluketiya,LK-3233
LK-3233050,Karathota,LK-3233
LK-3233055,Naradda,LK-3233
LK-3233060,Kumbalgoda,LK-3233
LK-3233065,Hettiyawala East,LK-3233
LK-3233070,Hettiyawala South,LK-3233
LK-3233075,Wavulanbokka,LK-3233
LK-3233080,puhulwella East,LK-3233
LK-3233085,Puhulwella West,LK-3233
LK-3233090,Kirinda Mangin Ihala South,LK-3233
LK-3233095,Kirinda Mangin Ihala Central,LK-3233
LK-3233100,Kirinda Mangin Ihala East,LK-3233
LK-3233105,Wathukolakanda East,LK-3233
LK-3233110,Walakanda South,LK-3233
LK-3233115,Walakanda West,LK-3233
LK-3233120,Walakanda East,LK-3233
LK-3233125,Wathukolakanda North,LK-3233
LK-3236005,Pahala Vitiyala West,LK-3236
LK-3236010,Pahala Vitiyala Central,LK-3236
LK-3236015,Pahala Vitiyala East,LK-3236
LK-3236020,Polathugoda,LK-3236
LK-3236025,Batuvita 1,LK-3236
LK-3236030,Batuvita 2,LK-3236
LK-3236035,Medauyangoda,LK-3236
LK-3236040,Akkara panaha,LK-3236
LK-3236045,Yatiyana,LK-3236
LK-3236050,Kottawatta,LK-3236
LK-3236055,Komangoda 2,LK-3236
LK-3236060,Komangoda 1,LK-3236
LK-3236065,Thihagoda East,LK-3236
LK-3236070,Thihagoda,LK-3236
LK-3236075,Kithalagama East 2,LK-3236
LK-3236080,Kithalagama East 3,LK-3236
LK-3236085,Kithalagama Central,LK-3236
LK-3236090,Narangala,LK-3236
LK-3236095,Wellethota,LK-3236
LK-3236100,Kithalagama West,LK-3236
LK-3236105,Kithalagama East 1,LK-3236
LK-3236110,Naimbala 1,LK-3236
LK-3236115,Kapudoowa,LK-3236
LK-3236120,Kapudoowa East,LK-3236
LK-3236125,Uduwa West,LK-3236
LK-3236130,Uduwa East,LK-3236
LK-3236135,Galbada,LK-3236
LK-3236140,Naimbala 2,LK-3236
LK-3236145,Bandattara 2,LK-3236
LK-3236150,Watagedara East,LK-3236
LK-3236155,Attudawa,LK-3236
LK-3236160,Attudawa West,LK-3236
LK-3236165,Watagedara,LK-3236
LK-3236170,Nadugala 2,LK-3236
LK-3236175,Nadugala 1,LK-3236
LK-3236180,Bandattara 1,LK-3236
LK-3236185,Elambathalagoda,LK-3236
LK-3236190,Palatuwa,LK-3236
LK-3236195,Unella,LK-3236
LK-3236200,Dematahettigoda,LK-3236
LK-3239005,Midigama North,LK-3239
LK-3239010,Pathegama,LK-3239
LK-3239015,Moodugamuwa West,LK-3239
LK-3239020,Moodugamuwa East,LK-3239
LK-3239025,Kohunugamuwa,LK-3239
LK-3239030,Walana,LK-3239
LK-3239035,Wekada,LK-3239
LK-3239040,Denuwala,LK-3239
LK-3239045,Midigama West,LK-3239
LK-3239050,Midigama East,LK-3239
LK-3239055,Hetti  Weediya,LK-3239
LK-3239060,Aluth Weediya,LK-3239
LK-3239065,Polwatta,LK-3239
LK-3239070,Nidangala,LK-3239
LK-3239075,Kotavila West,LK-3239
LK-3239080,Kotavila North,LK-3239
LK-3239085,Kamburugamuwa North,LK-3239
LK-3239090,Kotavila South,LK-3239
LK-3239095,Henwala East,LK-3239
LK-3239100,Polwathumodara,LK-3239
LK-3239105,Pelena North,LK-3239
LK-3239110,Pelena West,LK-3239
LK-3239115,Galbokka East,LK-3239
LK-3239120,Galbokka West,LK-3239
LK-3239125,Paranakade,LK-3239
LK-3239130,Walliwala East,LK-3239
LK-3239135,Pitidoowa,LK-3239
LK-3239140,Gurubebila,LK-3239
LK-3239145,Walliwala West,LK-3239
LK-3239150,Walliwala South,LK-3239
LK-3239155,Maha Weediya,LK-3239
LK-3239160,Pelena South,LK-3239
LK-3239165,Henwala West,LK-3239
LK-3239170,Garanduwa,LK-3239
LK-3239175,Mirissa Udumulla,LK-3239
LK-3239180,Mirissa Udupila,LK-3239
LK-3239185,Mirissa North,LK-3239
LK-3239190,Mirissa South 2,LK-3239
LK-3239195,Kapparathota South,LK-3239
LK-3239200,Kapparathota North,LK-3239
LK-3239205,Mirissa South 1,LK-3239
LK-3239210,Bandaramulla,LK-3239
LK-3239215,Thal Aramba North,LK-3239
LK-3239220,Thudella,LK-3239
LK-3239225,Kamburugamuwa South,LK-3239
LK-3239230,Kamburugamuwa West,LK-3239
LK-3239235,Thal Aramba East,LK-3239
LK-3239240,Thal Aramba South,LK-3239
LK-3242005,Deeyagaha East,LK-3242
LK-3242010,Kekanadura East,LK-3242
LK-3242015,Kokawala,LK-3242
LK-3242020,Parawahera East,LK-3242
LK-3242025,Parawahera North,LK-3242
LK-3242030,Kekanadura North,LK-3242
LK-3242035,Kekanadura Central,LK-3242
LK-3242040,Deeyagaha West,LK-3242
LK-3242045,Navimana North,LK-3242
LK-3242050,Pahalagoda,LK-3242
LK-3242055,Navimana South,LK-3242
LK-3242060,Thudawa East,LK-3242
LK-3242065,Thudawa North,LK-3242
LK-3242070,Thudawa South,LK-3242
LK-3242075,Sudarshi Place,LK-3242
LK-3242080,Hittetiya East,LK-3242
LK-3242085,Hittetiya Meda,LK-3242
LK-3242090,Godagama,LK-3242
LK-3242095,Eduwa - Madurudoowa,LK-3242
LK-3242100,Kanattagoda North,LK-3242
LK-3242105,Wewahamandoowa,LK-3242
LK-3242110,Hittetiya West,LK-3242
LK-3242115,Isadeen Town,LK-3242
LK-3242120,Weliweriya West,LK-3242
LK-3242125,Weliweriya East,LK-3242
LK-3242130,Walpala,LK-3242
LK-3242135,Weragampita,LK-3242
LK-3242140,Ruwan Ella,LK-3242
LK-3242145,Kekanadura West,LK-3242
LK-3242150,Kekanadura South,LK-3242
LK-3242155,Parawahera South,LK-3242
LK-3242160,Thalpavila North,LK-3242
LK-3242165,Nakuttiya,LK-3242
LK-3242170,Veherahena,LK-3242
LK-3242175,Makavita,LK-3242
LK-3242180,Weradoowa,LK-3242
LK-3242185,Uyanwatta,LK-3242
LK-3242190,Uyanwatta North,LK-3242
LK-3242195,Kadeweediya East,LK-3242
LK-3242200,Kadeweediya West,LK-3242
LK-3242205,Welegoda East,LK-3242
LK-3242210,Welegoda West,LK-3242
LK-3242215,Mathotagama,LK-3242
LK-3242220,Walgama North,LK-3242
LK-3242225,Kanattagoda South,LK-3242
LK-3242230,Madiha West,LK-3242
LK-3242235,Walgama,LK-3242
LK-3242240,Walgama Meda,LK-3242
LK-3242245,Walgama South,LK-3242
LK-3242250,Madiha East,LK-3242
LK-3242255,Polhena,LK-3242
LK-3242260,Pamburana,LK-3242
LK-3242265,Noope,LK-3242
LK-3242270,Kadeweediya South,LK-3242
LK-3242275,Thotamuna,LK-3242
LK-3242280,Fort,LK-3242
LK-3242285,Kotuwegoda North,LK-3242
LK-3242290,Eliyakanda North,LK-3242
LK-3242295,Meddawatta,LK-3242
LK-3242300,Rassanadeniya,LK-3242
LK-3242305,Wewa Ihalagoda,LK-3242
LK-3242310,Thalpavila South,LK-3242
LK-3242315,Gandarawatta,LK-3242
LK-3242320,Meddawatta South,LK-3242
LK-3242325,Eliyakanda South,LK-3242
LK-3242330,Kotuwegoda South,LK-3242
LK-3245005,Kadawedduwa West,LK-3245
LK-3245010,Kadawedduwa East,LK-3245
LK-3245015,Walbulughahena,LK-3245
LK-3245020,Aparekka North,LK-3245
LK-3245025,Uda Aparekka East,LK-3245
LK-3245030,Uda Aparekka,LK-3245
LK-3245035,Palle Aparekka,LK-3245
LK-3245040,Agarawala,LK-3245
LK-3245045,Beddegammedda,LK-3245
LK-3245050,Pathegama East,LK-3245
LK-3245055,Pathegama North,LK-3245
LK-3245060,Naotunna,LK-3245
LK-3245065,Naotunna North,LK-3245
LK-3245070,Thalalla North,LK-3245
LK-3245075,Thalalla East,LK-3245
LK-3245080,Thalalla South,LK-3245
LK-3245085,Naotunna Central,LK-3245
LK-3245090,Naotunna South,LK-3245
LK-3245095,Thalalla Central,LK-3245
LK-3245100,Delgalla,LK-3245
LK-3245105,Kapugama North,LK-3245
LK-3245110,Kapugama West,LK-3245
LK-3245115,Gandarawatta South,LK-3245
LK-3245120,Kapugama Central,LK-3245
LK-3245125,Kapugama East,LK-3245
LK-3245130,Gandara East,LK-3245
LK-3245135,Thalalla,LK-3245
LK-3245140,Gandara South,LK-3245
LK-3245145,Gandara Central,LK-3245
LK-3245150,Gandara West,LK-3245
LK-3245155,Devinuwara North,LK-3245
LK-3245160,Devinuwara Central,LK-3245
LK-3245165,Devinuwara Nugegoda,LK-3245
LK-3245170,Devinuwara West,LK-3245
LK-3245175,Devinuwara East,LK-3245
LK-3245180,Devinuwara Wawwa,LK-3245
LK-3245185,Devinuwara Pradeepagara pedesa,LK-3245
LK-3245190,Devinuwara,LK-3245
LK-3245195,Devinuwara Welegoda,LK-3245
LK-3245200,Devinuwara Sinhasana pedesa,LK-3245
LK-3245205,Devinuwara  south,LK-3245
LK-3248005,Urugamuwa North,LK-3248
LK-3248010,Bodarakanda,LK-3248
LK-3248015,Urugamuwa East,LK-3248
LK-3248020,Urugamuwa Central,LK-3248
LK-3248025,Urugamuwa West,LK-3248
LK-3248030,Dandeniya North,LK-3248
LK-3248035,Urugamuwa South,LK-3248
LK-3248040,Rannawala,LK-3248
LK-3248045,Urugamuwa,LK-3248
LK-3248050,Wehella,LK-3248
LK-3248055,Wehella North,LK-3248
LK-3248060,Dandeniya South,LK-3248
LK-3248065,Bambarenda North,LK-3248
LK-3248070,Pohosathugoda,LK-3248
LK-3248075,Rathmale,LK-3248
LK-3248080,Bambarenda Central,LK-3248
LK-3248085,Wehella south,LK-3248
LK-3248090,Wattegama,LK-3248
LK-3248095,Wattegama North,LK-3248
LK-3248100,Walasgala West,LK-3248
LK-3248105,Walasgala East,LK-3248
LK-3248110,Wevurukannala,LK-3248
LK-3248115,Dickwella North,LK-3248
LK-3248120,Dodampahala North,LK-3248
LK-3248125,Dodampahala East,LK-3248
LK-3248130,Dodampahala Central,LK-3248
LK-3248135,Dodampahala West,LK-3248
LK-3248140,Dodampahala South,LK-3248
LK-3248145,Dickwella East,LK-3248
LK-3248150,Dickwella Central,LK-3248
LK-3248155,Dickwella Muslim Yonakapura East,LK-3248
LK-3248160,Dickwella Muslim Yonakapura West,LK-3248
LK-3248165,Dickwella South,LK-3248
LK-3248170,Wattegama South,LK-3248
LK-3248175,Batheegama East,LK-3248
LK-3248180,Batheegama  Central,LK-3248
LK-3248185,Batheegama West,LK-3248
LK-3248190,Bambarenda East,LK-3248
LK-3248195,Bambarenda South,LK-3248
LK-3248200,Bambarenda West,LK-3248
LK-3248205,Belideniya,LK-3248
LK-3248210,Pathegama Central,LK-3248
LK-3248215,Pathegama South,LK-3248
LK-3248220,Beliwatta,LK-3248
LK-3248225,Suduwella,LK-3248
LK-3248230,Kottagoda,LK-3248
LK-3248235,Godauda,LK-3248
LK-3248240,Lunukalapuwa,LK-3248
LK-3303005,Ihala Kumbukwewa,LK-3303
LK-3303010,Mahagalwewa,LK-3303
LK-3303015,Meegaha Jabura,LK-3303
LK-3303020,Ranmuduwewa,LK-3303
LK-3303025,Weliwewa,LK-3303
LK-3303030,Suravirugama,LK-3303
LK-3303035,Samajasewapura,LK-3303
LK-3303040,Weeriyagama,LK-3303
LK-3303045,Hathporuwa,LK-3303
LK-3303050,Weniwel Ara,LK-3303
LK-3303055,Aliolu Ara,LK-3303
LK-3303060,Sooriyawewa Town,LK-3303
LK-3303065,Viharagala,LK-3303
LK-3303070,Beddewewa,LK-3303
LK-3303075,Mahawelikada Ara,LK-3303
LK-3303080,Andarawewa,LK-3303
LK-3303085,Namadagaswewa,LK-3303
LK-3303090,Mahapelessa,LK-3303
LK-3303095,Bediganthota,LK-3303
LK-3303100,Habarattawala,LK-3303
LK-3303105,Wediwewa,LK-3303
LK-3306005,Maha Aluth Gam Ara,LK-3306
LK-3306010,Angunakolawewa,LK-3306
LK-3306015,Veheragala,LK-3306
LK-3306020,Ranawarnawa,LK-3306
LK-3306025,Dewramvehera,LK-3306
LK-3306030,Bogahawewa,LK-3306
LK-3306035,Padavigama,LK-3306
LK-3306040,Punchiappujandura,LK-3306
LK-3306045,Lunugamvehera New Town,LK-3306
LK-3306050,Seenimunna,LK-3306
LK-3306055,Kendagasmankada,LK-3306
LK-3306060,Mahanagapura,LK-3306
LK-3306065,Muwanwewa,LK-3306
LK-3306070,Weeravil Ara,LK-3306
LK-3306075,Ittanwekada,LK-3306
LK-3306080,Mattala,LK-3306
LK-3306085,Pahala Mattala,LK-3306
LK-3306090,Mihindupura,LK-3306
LK-3306095,Abhayapura,LK-3306
LK-3306100,Singhapura,LK-3306
LK-3306105,Senapura,LK-3306
LK-3306110,Agbopura,LK-3306
LK-3306115,Karambawewa,LK-3306
LK-3306120,Rambukwewa,LK-3306
LK-3306125,Keerthipura,LK-3306
LK-3306130,Samanpura,LK-3306
LK-3306135,Ranasiripura,LK-3306
LK-3306140,Weeravila,LK-3306
LK-3306145,Weligatta,LK-3306
LK-3306150,Beralihela,LK-3306
LK-3306155,Dutugemunupura,LK-3306
LK-3306160,Jayagama,LK-3306
LK-3306165,Parakramapura,LK-3306
LK-3306170,Saddhathissapura,LK-3306
LK-3306175,Saddhathissapura New Town,LK-3306
LK-3306180,Saliyapura,LK-3306
LK-3309005,Kawanthissapura,LK-3309
LK-3309010,Kirinda,LK-3309
LK-3309015,Uddhakandara,LK-3309
LK-3309020,Joolpallama,LK-3309
LK-3309025,Weerahela,LK-3309
LK-3309030,Vijithapura,LK-3309
LK-3309035,Ellagala,LK-3309
LK-3309040,Anjaligala,LK-3309
LK-3309045,Pannagamuwa,LK-3309
LK-3309050,Dambewelena,LK-3309
LK-3309055,Mahindapura,LK-3309
LK-3309060,Gemunupura,LK-3309
LK-3309065,Ekamuthugama,LK-3309
LK-3309070,Sandungama,LK-3309
LK-3309075,Debarawewa,LK-3309
LK-3309080,Kachcheriyagama,LK-3309
LK-3309085,Sandagiripura,LK-3309
LK-3309090,Mahasenpura,LK-3309
LK-3309095,Shuddha Nagaraya,LK-3309
LK-3309100,Medawelena,LK-3309
LK-3309105,Rohanapura,LK-3309
LK-3309110,Senapura,LK-3309
LK-3309115,Gangasiripura,LK-3309
LK-3309120,Polgahawelena,LK-3309
LK-3309125,Randunu Watta,LK-3309
LK-3309130,Molakepoopathana,LK-3309
LK-3309135,Thissapura,LK-3309
LK-3309140,Uduvila,LK-3309
LK-3309145,Rubberwatta,LK-3309
LK-3309150,Thissamaharama,LK-3309
LK-3309155,Gotabhayapura,LK-3309
LK-3309160,Rana Keliya,LK-3309
LK-3309165,Viharamahadevipura,LK-3309
LK-3309170,Yodhakandiya,LK-3309
LK-3309175,Welipothewala,LK-3309
LK-3309180,Halmillawa,LK-3309
LK-3309185,Rathnelumwalayaya,LK-3309
LK-3309190,Gonagamuwa,LK-3309
LK-3309195,Saliyapura,LK-3309
LK-3309200,Nedigamvila,LK-3309
LK-3309205,Wijayapura,LK-3309
LK-3309210,Konwelena,LK-3309
LK-3309215,Magama,LK-3309
LK-3309220,Andaragasyaya,LK-3309
LK-3312005,Elalla,LK-3312
LK-3312010,Ketenwewa,LK-3312
LK-3312015,Thammennawa,LK-3312
LK-3312020,Badagiriya,LK-3312
LK-3312025,Yahangala East,LK-3312
LK-3312030,Joolgamuwa,LK-3312
LK-3312035,Yahangala West,LK-3312
LK-3312040,Keliyapura,LK-3312
LK-3312045,Gonnoruwa,LK-3312
LK-3312050,Bellagaswewa,LK-3312
LK-3312055,Galwewa,LK-3312
LK-3312060,Siyambalagasvila South,LK-3312
LK-3312065,Siyambalagasvila  North,LK-3312
LK-3312070,Udaberagama,LK-3312
LK-3312075,Arawanamulla,LK-3312
LK-3312080,Pahala Beragama,LK-3312
LK-3312085,Dehigahalanda,LK-3312
LK-3312090,Walawa,LK-3312
LK-3312095,Godawaya,LK-3312
LK-3312100,Sisilasagama,LK-3312
LK-3312105,Manajjawa,LK-3312
LK-3312110,Samodagama,LK-3312
LK-3312115,Mirijjavila,LK-3312
LK-3312120,Hambantota West,LK-3312
LK-3312125,Hambantota East,LK-3312
LK-3312130,Siribopura,LK-3312
LK-3312135,Koholankala,LK-3312
LK-3312140,Pallemalala,LK-3312
LK-3312145,Bundala,LK-3312
LK-3312150,Siriyagama,LK-3312
LK-3315005,Siyambalakote,LK-3315
LK-3315010,Barawakumbuka,LK-3315
LK-3315015,Thaligala,LK-3315
LK-3315020,Liyangasthota,LK-3315
LK-3315025,Wetiya,LK-3315
LK-3315030,Murawesihena,LK-3315
LK-3315035,Mahajandura,LK-3315
LK-3315040,Handunkatuwa,LK-3315
LK-3315045,Rote,LK-3315
LK-3315050,Hedavinna,LK-3315
LK-3315055,Ridiyagama,LK-3315
LK-3315060,Punchihenayagama,LK-3315
LK-3315065,Poliyarwatta,LK-3315
LK-3315070,Godakoggala,LK-3315
LK-3315075,Koggalla,LK-3315
LK-3315080,Modara Piliwala,LK-3315
LK-3315085,Bolana North,LK-3315
LK-3315090,Jansagama,LK-3315
LK-3315095,Mamadala South,LK-3315
LK-3315100,Mamadala North,LK-3315
LK-3315105,Ethbatuwa,LK-3315
LK-3315110,Mulana,LK-3315
LK-3315115,Eraminiyaya,LK-3315
LK-3315120,Ihalagama,LK-3315
LK-3315125,Deniya,LK-3315
LK-3315130,Elegoda West,LK-3315
LK-3315135,Elegoda East,LK-3315
LK-3315140,Beminiyanvila,LK-3315
LK-3315145,Walawewatta West,LK-3315
LK-3315150,Walawewatta East,LK-3315
LK-3315155,Bolana South,LK-3315
LK-3315160,Kudabolana,LK-3315
LK-3315165,Palugaha Godella,LK-3315
LK-3315170,Rotawala,LK-3315
LK-3315175,Uhapitagoda,LK-3315
LK-3315180,Miniethiliya,LK-3315
LK-3315185,Pingama,LK-3315
LK-3315190,Pallegama,LK-3315
LK-3315195,Hungama,LK-3315
LK-3315200,Battaatha North,LK-3315
LK-3315205,Bataatha South,LK-3315
LK-3315210,Hathagala,LK-3315
LK-3315215,Kivula South,LK-3315
LK-3315220,Kivula North,LK-3315
LK-3315225,Lunama North,LK-3315
LK-3315230,Lunama South,LK-3315
LK-3315235,Nonagama,LK-3315
LK-3315240,Ekkassa,LK-3315
LK-3315245,Welipatanvila,LK-3315
LK-3315250,Malpettawa,LK-3315
LK-3315255,Puhulyaya,LK-3315
LK-3315260,Ambalantota North,LK-3315
LK-3315265,Ambalantota South,LK-3315
LK-3315270,Wanduruppa,LK-3315
LK-3315275,Thawaluvila,LK-3315
LK-3318005,Kariyamaditta,LK-3318
LK-3318010,Dabarella North,LK-3318
LK-3318015,Rathmalwala,LK-3318
LK-3318020,Kailawelpotawa,LK-3318
LK-3318025,Kendaketiya,LK-3318
LK-3318030,Dabarella South,LK-3318
LK-3318035,Thalawa North,LK-3318
LK-3318040,Thalawa South,LK-3318
LK-3318045,Debokkawa South,LK-3318
LK-3318050,Debokkawa North,LK-3318
LK-3318055,Uswewa,LK-3318
LK-3318060,Metigathwala,LK-3318
LK-3318065,Amarathungama,LK-3318
LK-3318070,Sooriyapokuna,LK-3318
LK-3318075,Pahalagama,LK-3318
LK-3318080,Kohombagaswewa,LK-3318
LK-3318085,Dikwewa,LK-3318
LK-3318090,Abesekaragama,LK-3318
LK-3318095,Kalawelwala,LK-3318
LK-3318100,Meda Ara,LK-3318
LK-3318105,Binkama,LK-3318
LK-3318110,Karagahawala,LK-3318
LK-3318115,Dandenigama,LK-3318
LK-3318120,Guruwala,LK-3318
LK-3318125,Weeragaswewa,LK-3318
LK-3318130,Gajanayakagama,LK-3318
LK-3318135,Medagoda,LK-3318
LK-3318140,Dimbulgoda,LK-3318
LK-3318145,Attanayala East,LK-3318
LK-3318150,Attanayala West,LK-3318
LK-3318155,Wakamulla,LK-3318
LK-3318160,Heenbunna,LK-3318
LK-3318165,Makuladeniya,LK-3318
LK-3318170,Udayala,LK-3318
LK-3318175,Medayala,LK-3318
LK-3318180,Bogamuwa,LK-3318
LK-3318185,Daha Amuna,LK-3318
LK-3318190,Julamulla,LK-3318
LK-3318195,Jandura,LK-3318
LK-3318200,Helekada,LK-3318
LK-3318205,Aluthwewa,LK-3318
LK-3318210,Kankanamgama,LK-3318
LK-3318215,Achariyagama,LK-3318
LK-3318220,Angunakolapelessa,LK-3318
LK-3318225,Yakagala,LK-3318
LK-3318230,Gurunnehege Ara,LK-3318
LK-3318235,Kotawaya,LK-3318
LK-3318240,Netalaporuwa,LK-3318
LK-3318245,Hakuruwela,LK-3318
LK-3318250,Indigetawela,LK-3318
LK-3318255,Thalamporuwa,LK-3318
LK-3321005,Mulanyaya,LK-3321
LK-3321010,Handapangala Ayna,LK-3321
LK-3321015,Heellage Ayna,LK-3321
LK-3321020,Kudagal Ara,LK-3321
LK-3321025,Okandayaya North,LK-3321
LK-3321030,Okandayaya West,LK-3321
LK-3321035,Kaluwagahayaya,LK-3321
LK-3321040,Ihala Gonadeniya,LK-3321
LK-3321045,Debokkawa West,LK-3321
LK-3321050,Debokkawa East,LK-3321
LK-3321055,Wekandawala North,LK-3321
LK-3321060,Pahala Gonadeniya,LK-3321
LK-3321065,Kuda Bibula North,LK-3321
LK-3321070,Galpottayaya North,LK-3321
LK-3321075,Galpottayaya South,LK-3321
LK-3321080,Malhewage Ayna,LK-3321
LK-3321085,Kandamaditta,LK-3321
LK-3321090,Meegas Ara,LK-3321
LK-3321095,Kuda Bibula South,LK-3321
LK-3321100,Abakolawewa South,LK-3321
LK-3321105,Abakolawewa North,LK-3321
LK-3321110,Morayaya North,LK-3321
LK-3321115,Morayaya South,LK-3321
LK-3321120,Kemegala,LK-3321
LK-3321125,Wekandawala South,LK-3321
LK-3321130,Thelambuyaya,LK-3321
LK-3321135,Siyambalaheddewa,LK-3321
LK-3321140,Degampotha,LK-3321
LK-3321145,Kinchigune West,LK-3321
LK-3321150,Medagama,LK-3321
LK-3321155,Raluwa,LK-3321
LK-3321160,Kinchigune South,LK-3321
LK-3321165,Kinchigune East,LK-3321
LK-3321170,Medamulana,LK-3321
LK-3321175,Yakgasmulla,LK-3321
LK-3321180,Udukirivila,LK-3321
LK-3321185,Buddhiyagama North,LK-3321
LK-3321190,Keppitiyawa North,LK-3321
LK-3321195,Ittademaliya East,LK-3321
LK-3321200,Ittademaliya West,LK-3321
LK-3321205,Ittademaliya South,LK-3321
LK-3321210,Athubode West,LK-3321
LK-3321215,Athubode East,LK-3321
LK-3321220,Keppitiyawa South,LK-3321
LK-3321225,Buddhiyagama West,LK-3321
LK-3321230,Buddhiyagama East,LK-3321
LK-3321235,Weeraketiya West,LK-3321
LK-3321240,Mandaduwa,LK-3321
LK-3321245,Agrahera,LK-3321
LK-3321250,Weeraketiya East,LK-3321
LK-3321255,Mulgirigala East,LK-3321
LK-3321260,Mulgirigala North,LK-3321
LK-3321265,Mulgirigala West,LK-3321
LK-3321270,Mulgirigala South,LK-3321
LK-3321275,Bedigama West,LK-3321
LK-3321280,Bedigama North,LK-3321
LK-3321285,Bedigama East,LK-3321
LK-3321290,Bedigama South,LK-3321
LK-3321295,Kuda Bedigama,LK-3321
LK-3321300,Medagoda,LK-3321
LK-3324005,Karivilakanda,LK-3324
LK-3324010,Medakanda,LK-3324
LK-3324015,Hingurakanda,LK-3324
LK-3324020,Uda Alupothdeniya,LK-3324
LK-3324025,Alupothdeniya Pahala,LK-3324
LK-3324030,Kohomporuwa,LK-3324
LK-3324035,Gangulandeniya,LK-3324
LK-3324040,Ambagas Ara,LK-3324
LK-3324045,Labuhengoda,LK-3324
LK-3324050,Sapugahayaya,LK-3324
LK-3324055,Hellala,LK-3324
LK-3324060,Middeniya North,LK-3324
LK-3324065,Middeniya East,LK-3324
LK-3324070,Kudagoda West,LK-3324
LK-3324075,Kudagoda East,LK-3324
LK-3324080,Dambethalawa,LK-3324
LK-3324085,Murungasyaya East,LK-3324
LK-3324090,Murungasyaya West,LK-3324
LK-3324095,Middeniya West,LK-3324
LK-3324100,Welipitiya East,LK-3324
LK-3324105,Welipitiya,LK-3324
LK-3324110,Welipitiya West,LK-3324
LK-3324115,Ritigaha Yaya,LK-3324
LK-3324120,Thalwatta,LK-3324
LK-3324125,Meemanakoladeniya,LK-3324
LK-3324130,Siyambalamuraya,LK-3324
LK-3324135,Udawelmulla,LK-3324
LK-3324140,Siyarapitiya,LK-3324
LK-3324145,Kehelwatta,LK-3324
LK-3324150,Udagomadiya,LK-3324
LK-3324155,Bengamukanda,LK-3324
LK-3324160,Dangalakanda,LK-3324
LK-3324165,Rukmalpitiya,LK-3324
LK-3324170,Gallindamulla,LK-3324
LK-3324175,Katuwana,LK-3324
LK-3324180,Pangamvilayaya,LK-3324
LK-3324185,Ulahitiyawa West,LK-3324
LK-3324190,Ulahitiyawa,LK-3324
LK-3324195,Ulahitiyawa East,LK-3324
LK-3324200,Adalugoda,LK-3324
LK-3324205,Mellaketigoda,LK-3324
LK-3324210,Araboda,LK-3324
LK-3324215,Horavinna,LK-3324
LK-3324220,Hediwatta,LK-3324
LK-3324225,Weerakkuttigoda,LK-3324
LK-3324230,Ranasingoda,LK-3324
LK-3324235,Obadagahadeniya,LK-3324
LK-3324240,Wathukanda,LK-3324
LK-3324245,Kongasthenna,LK-3324
LK-3324250,Galpothukanda,LK-3324
LK-3324255,Ambagahahena,LK-3324
LK-3324260,Karametiya,LK-3324
LK-3324265,Puwakgas Ara,LK-3324
LK-3324270,Binthenna,LK-3324
LK-3324275,Bookendayaya,LK-3324
LK-3324280,Walgammulla,LK-3324
LK-3325005,Rammala,LK-3325
LK-3325010,Saputhanthirikanda,LK-3325
LK-3325015,Warapitiya,LK-3325
LK-3325020,Keredeniya,LK-3325
LK-3325025,Haggitha Kanda North,LK-3325
LK-3325030,Konkarahena,LK-3325
LK-3325035,Mapitakanda,LK-3325
LK-3325040,Radani Ara,LK-3325
LK-3325045,Namaneliya,LK-3325
LK-3325050,Udahagoda,LK-3325
LK-3325055,Weedikanda,LK-3325
LK-3325060,Galwadiya,LK-3325
LK-3325065,Uda Julampitiya,LK-3325
LK-3325070,Julampitiya,LK-3325
LK-3325075,Palle Julampitiya,LK-3325
LK-3325080,Pahala Obada,LK-3325
LK-3325085,Bowala North,LK-3325
LK-3325090,Bowala West,LK-3325
LK-3325095,Welandagoda,LK-3325
LK-3325100,Batagassa,LK-3325
LK-3325105,Pahalawatta,LK-3325
LK-3325110,Pathegama,LK-3325
LK-3325115,Thalapathkanda,LK-3325
LK-3325120,Dehigahahena,LK-3325
LK-3325125,Veedapola,LK-3325
LK-3325130,Mathuwakanda,LK-3325
LK-3325135,Handugala,LK-3325
LK-3325140,Kebellaketiya,LK-3325
LK-3325145,Egodabedda,LK-3325
LK-3325150,Kekiriobada,LK-3325
LK-3325155,Agalabada,LK-3325
LK-3325160,Bowala South,LK-3325
LK-3325165,Ihala Muruthawela,LK-3325
LK-3325170,Muruthawela Pahala,LK-3325
LK-3325175,Galahitiya North,LK-3325
LK-3325180,Omara East,LK-3325
LK-3325185,Omara West,LK-3325
LK-3325190,Ethpitiya,LK-3325
LK-3325195,Wattehengoda,LK-3325
LK-3325200,Horewela,LK-3325
LK-3325205,Pissubedda,LK-3325
LK-3325210,Medagamgoda,LK-3325
LK-3325215,Yahalmulla,LK-3325
LK-3325220,Ihala Walasmulla,LK-3325
LK-3325225,Pahala Walasmulla,LK-3325
LK-3325230,Galahitiya South,LK-3325
LK-3325235,Galahitiya East,LK-3325
LK-3325240,Koholana,LK-3325
LK-3325245,Walasmulla East,LK-3325
LK-3325250,Walasmulla North,LK-3325
LK-3325255,Walasmulla West,LK-3325
LK-3325260,Walasmulla South,LK-3325
LK-3325265,Daluwakgoda,LK-3325
LK-3327005,Kanumuldeniya North,LK-3327
LK-3327010,Olu Ara,LK-3327
LK-3327015,Kanumuldeniya West,LK-3327
LK-3327020,Kanumuldeniya East,LK-3327
LK-3327025,Udadeniya,LK-3327
LK-3327030,Kurunduwatta,LK-3327
LK-3327035,Sumihirigama,LK-3327
LK-3327040,Rajapuragoda,LK-3327
LK-3327045,Wijayasiripura,LK-3327
LK-3327050,Morakandegoda,LK-3327
LK-3327055,Kadigamuwa East,LK-3327
LK-3327060,Thalahagamwaduwa Pah,LK-3327
LK-3327065,Thalahagamwaduwa Iha,LK-3327
LK-3327070,Nathuwala,LK-3327
LK-3327075,Kandebedda,LK-3327
LK-3327080,Godawenna,LK-3327
LK-3327085,Kahatellagoda,LK-3327
LK-3327090,Kanumuldeniya South,LK-3327
LK-3327095,Kadigamuwa West,LK-3327
LK-3327100,Wawwa,LK-3327
LK-3327105,Modarawana North,LK-3327
LK-3327110,Modarawana South,LK-3327
LK-3327115,Okewela,LK-3327
LK-3327120,Heenatihathamuna,LK-3327
LK-3327125,Pallewawwa,LK-3327
LK-3327130,Pahala Yatigala,LK-3327
LK-3327135,Yatigala Ihala,LK-3327
LK-3330005,Maligathenna,LK-3330
LK-3330010,Udugalmotegama,LK-3330
LK-3330015,Pallattara West,LK-3330
LK-3330020,Pallattara South,LK-3330
LK-3330025,Pallattara East,LK-3330
LK-3330030,Nugewela,LK-3330
LK-3330035,Ihala Beligalla East,LK-3330
LK-3330040,Wadiya,LK-3330
LK-3330045,Ihala Beligalla West,LK-3330
LK-3330050,Beligalla North,LK-3330
LK-3330055,Beligalla South,LK-3330
LK-3330060,Dammulla East,LK-3330
LK-3330065,Dammulla West,LK-3330
LK-3330070,Pattiyawela,LK-3330
LK-3330075,Tharaperiya,LK-3330
LK-3330080,Nihiluwa West,LK-3330
LK-3330085,Indiketiyagoda,LK-3330
LK-3330090,Nihiluwa East,LK-3330
LK-3330095,Waharakgoda North,LK-3330
LK-3330100,Waharakgoda South,LK-3330
LK-3330105,Kahawatta,LK-3330
LK-3330110,Kosgahagoda,LK-3330
LK-3330115,Agulmaduwa,LK-3330
LK-3330120,Aranwela North,LK-3330
LK-3330125,Karambaketiya,LK-3330
LK-3330130,Galwewa,LK-3330
LK-3330135,Godawela,LK-3330
LK-3330140,Panamulla,LK-3330
LK-3330145,Ambagasdeniya,LK-3330
LK-3330150,Getamanna North,LK-3330
LK-3330155,Eldeniya,LK-3330
LK-3330160,Getamanna West,LK-3330
LK-3330165,Getamanna East,LK-3330
LK-3330170,Mahaheella East,LK-3330
LK-3330175,Kambussawala West,LK-3330
LK-3330180,Kambussawala East,LK-3330
LK-3330185,Beliatta West,LK-3330
LK-3330190,Beliatta Town,LK-3330
LK-3330195,Puwakdandawa North,LK-3330
LK-3330200,Puwakdandawa East,LK-3330
LK-3330205,Aranwela West,LK-3330
LK-3330210,Sitinamaluwa West,LK-3330
LK-3330215,Sitinamaluwa North,LK-3330
LK-3330220,Sitinamaluwa East,LK-3330
LK-3330225,Sitinamaluwa South,LK-3330
LK-3330230,Pahalagoda,LK-3330
LK-3330235,Medagoda,LK-3330
LK-3330240,Beliatta South,LK-3330
LK-3330245,Kudaheella East,LK-3330
LK-3330250,Kudaheella North,LK-3330
LK-3330255,Mahaheella West,LK-3330
LK-3330260,Mahaheella North,LK-3330
LK-3330265,Getamanna South,LK-3330
LK-3330270,Nayakawatta,LK-3330
LK-3330275,Ambala North,LK-3330
LK-3330280,Ambala West,LK-3330
LK-3330285,Miriswatta,LK-3330
LK-3330290,Kudaheella South,LK-3330
LK-3330295,Ovilana,LK-3330
LK-3330300,Mihindupura,LK-3330
LK-3330305,Palapotha East,LK-3330
LK-3330310,Palapotha West,LK-3330
LK-3330315,Dedduwawala East,LK-3330
LK-3330320,Dedduwawala,LK-3330
LK-3330325,Galagama North,LK-3330
LK-3330330,Galagama West,LK-3330
LK-3330335,Galagama South,LK-3330
LK-3330340,Galagama East,LK-3330
LK-3330345,Nakulugamuwa West,LK-3330
LK-3330350,Nakulugamuwa North,LK-3330
LK-3330355,Wevudatta,LK-3330
LK-3333005,Sudarshanagama,LK-3333
LK-3333010,Pattiyapola West,LK-3333
LK-3333015,Thalunna,LK-3333
LK-3333020,Andupelena,LK-3333
LK-3333025,Kadiragoda,LK-3333
LK-3333030,Gotaimbaragama,LK-3333
LK-3333035,Kattakaduwa North,LK-3333
LK-3333040,Kattakaduwa South,LK-3333
LK-3333045,Ranna East,LK-3333
LK-3333050,Ranna West,LK-3333
LK-3333055,Vigamuwa,LK-3333
LK-3333060,Pattiyapola East,LK-3333
LK-3333065,Pattiyapola South,LK-3333
LK-3333070,Vitharandeniya North,LK-3333
LK-3333075,Thenagama South,LK-3333
LK-3333080,Thenagama North,LK-3333
LK-3333085,Thalapitiyagama,LK-3333
LK-3333090,Ethgalmulla,LK-3333
LK-3333095,Uduvilagoda,LK-3333
LK-3333100,Vitharandeniya South,LK-3333
LK-3333105,Aluthgoda,LK-3333
LK-3333110,Palathuduwa,LK-3333
LK-3333115,Marakolliya,LK-3333
LK-3333120,Medagama,LK-3333
LK-3333125,Netolpitiya North,LK-3333
LK-3333130,Netolpitiya South,LK-3333
LK-3333135,Wadigala,LK-3333
LK-3333140,Kahandawa,LK-3333
LK-3333145,Nidahasgama West,LK-3333
LK-3333150,Nidahasgama East,LK-3333
LK-3333155,Kahandamodara,LK-3333
LK-3333160,Gurupokuna,LK-3333
LK-3333165,Wella Odaya,LK-3333
LK-3333170,Rekawa East,LK-3333
LK-3333175,Rekawa West,LK-3333
LK-3333180,Medilla,LK-3333
LK-3333185,Walgameliya,LK-3333
LK-3333190,Godawanagoda,LK-3333
LK-3333195,Wagegoda,LK-3333
LK-3333200,Nalagama East,LK-3333
LK-3333205,Siyambalagoda,LK-3333
LK-3333210,Nalagama West,LK-3333
LK-3333215,Polommaruwa North,LK-3333
LK-3333220,Danketiya,LK-3333
LK-3333225,Medaketiya,LK-3333
LK-3333230,Kotuwegoda,LK-3333
LK-3333235,Indipokunagoda North,LK-3333
LK-3333240,Polommaruwa South,LK-3333
LK-3333245,Kadurupokuna East,LK-3333
LK-3333250,Indipokunagoda South,LK-3333
LK-3333255,Pallikkudawa Urban,LK-3333
LK-3333260,Pallikkudawa Rural,LK-3333
LK-3333265,Kadurupokuna South,LK-3333
LK-3333270,Kadurupokuna North,LK-3333
LK-3333275,Kadurupokuna West,LK-3333
LK-3333280,Seenimodara West,LK-3333
LK-3333285,Seenimodara East,LK-3333
LK-3333290,Unakooruwa West,LK-3333
LK-3333295,Unakooruwa East,LK-3333
LK-3333300,Moraketi Ara East,LK-3333
LK-3333305,Moraketi Ara West,LK-3333
LK-3333310,Pahajjawa,LK-3333
LK-3333315,Mahawela,LK-3333
LK-3333320,Ihalagoda,LK-3333
LK-3333325,Nakulugamuwa South,LK-3333
LK-3333330,Kudawella North,LK-3333
LK-3333335,Kudawella Central,LK-3333
LK-3333340,Kudawella East,LK-3333
LK-3333345,Mawella South,LK-3333
LK-3333350,Mawella North,LK-3333
LK-3333355,Kudawella South,LK-3333
LK-3333360,Kudawella West,LK-3333
LK-4103005,Analaitivu North,LK-4103
LK-4103010,Analaitivu South,LK-4103
LK-4103015,Eluvaitivu,LK-4103
LK-4103020,Paruthiyadaippu,LK-4103
LK-4103025,Kayts,LK-4103
LK-4103030,Karampon,LK-4103
LK-4103035,Karampon East,LK-4103
LK-4103040,Naranthanai North West,LK-4103
LK-4103045,Naranthanai North,LK-4103
LK-4103050,Naranthanai,LK-4103
LK-4103055,Naranthanai South,LK-4103
LK-4103060,Karampon South East,LK-4103
LK-4103065,Karampon West,LK-4103
LK-4103070,Puliyankoodal,LK-4103
LK-4103075,Suruvil,LK-4103
LK-4104005,Karainagar North,LK-4104
LK-4104010,Karainagar North East,LK-4104
LK-4104015,Karainagar East,LK-4104
LK-4104020,Karainagar Centre,LK-4104
LK-4104025,Karainagar North West,LK-4104
LK-4104030,Karainagar West,LK-4104
LK-4104035,Karainagar South East,LK-4104
LK-4104040,Karainagar South,LK-4104
LK-4104045,Karainagar South West,LK-4104
LK-4106005,Vedducoddai East,LK-4106
LK-4106010,Vedducoddai North,LK-4106
LK-4106015,Sangarathai,LK-4106
LK-4106020,Arali West,LK-4106
LK-4106025,Arali Centre,LK-4106
LK-4106030,Arali South,LK-4106
LK-4106035,Arali East,LK-4106
LK-4106040,Arali North,LK-4106
LK-4106045,Vedducoddai South,LK-4106
LK-4106050,Vedducoddai South West,LK-4106
LK-4106055,Vedducoddai  West,LK-4106
LK-4106060,Tholpuram East,LK-4106
LK-4106065,Tholpuram  West,LK-4106
LK-4106070,Ponnalai,LK-4106
LK-4106075,Moolai,LK-4106
LK-4106080,Chulipuram West,LK-4106
LK-4106085,Chulipuram  Centre,LK-4106
LK-4106090,Chulipuram  East,LK-4106
LK-4106095,Pannakam,LK-4106
LK-4106100,Pannaippulam,LK-4106
LK-4106105,Siththankerni,LK-4106
LK-4106110,Chankanai East,LK-4106
LK-4106115,Chankanai West,LK-4106
LK-4106120,Chankanai South,LK-4106
LK-4106125,Chankanai Centre,LK-4106
LK-4109005,Suthumalai North,LK-4109
LK-4109010,Suthumalai South,LK-4109
LK-4109015,Savatkaddu,LK-4109
LK-4109020,Uyarappulam,LK-4109
LK-4109025,Anaikoddai,LK-4109
LK-4109030,Navali North,LK-4109
LK-4109035,Navali East,LK-4109
LK-4109040,Navali South,LK-4109
LK-4109045,Manipay North,LK-4109
LK-4109050,Manipay East,LK-4109
LK-4109055,Manipay South,LK-4109
LK-4109060,Manipay West,LK-4109
LK-4109065,Sandilipay North,LK-4109
LK-4109070,Sandilipay Centre,LK-4109
LK-4109075,Sandilipay West,LK-4109
LK-4109080,Masiapiddy,LK-4109
LK-4109085,Vadaliadaippu,LK-4109
LK-4109090,Pandatheruppu,LK-4109
LK-4109095,Piranpattai,LK-4109
LK-4109100,Sillalai North,LK-4109
LK-4109105,Sillalai South,LK-4109
LK-4109110,Mathagal East,LK-4109
LK-4109115,Mathagal South,LK-4109
LK-4109120,Mathagal West,LK-4109
LK-4109125,Periyavillan,LK-4109
LK-4109130,Maresankoodal,LK-4109
LK-4109135,Illavalai,LK-4109
LK-4109140,Mullanai,LK-4109
LK-4112005,Mallakam South,LK-4112
LK-4112010,Mallakam Centre,LK-4112
LK-4112015,Mallakam North,LK-4112
LK-4112020,Alaveddy North,LK-4112
LK-4112025,Alaveddy Centre,LK-4112
LK-4112030,Alaveddy East,LK-4112
LK-4112035,Ganeswaram,LK-4112
LK-4112040,Alaveddy South,LK-4112
LK-4112045,Alaveddy West,LK-4112
LK-4112050,Ilavalai North,LK-4112
LK-4112055,Ilavalai North West,LK-4112
LK-4112060,Vithahapuram,LK-4112
LK-4112065,Pannalai,LK-4112
LK-4112070,Kollankalady,LK-4112
LK-4112075,Naguleswaram,LK-4112
LK-4112080,Tellippalai East,LK-4112
LK-4112085,Tellippalai,LK-4112
LK-4112090,Thurkkapuram,LK-4112
LK-4112095,Thanthai Chelvapuram,LK-4112
LK-4112100,Maviddapuram,LK-4112
LK-4112105,Maviddapuram South,LK-4112
LK-4112110,Kankesanthurai West,LK-4112
LK-4112115,Kankesanthurai Centre,LK-4112
LK-4112120,Kankesanthurai South,LK-4112
LK-4112125,Palai Veemankamam North,LK-4112
LK-4112130,Palai Veemankamam South,LK-4112
LK-4112135,Kadduvan,LK-4112
LK-4112140,Kadduvan West,LK-4112
LK-4112145,Thenmylai,LK-4112
LK-4112150,Varuthalaivilan,LK-4112
LK-4112155,Kurumpasiddy,LK-4112
LK-4112160,Kurumpasiddy East,LK-4112
LK-4112165,Vayavilan East,LK-4112
LK-4112170,Vayavilan West,LK-4112
LK-4112175,Myliddy North,LK-4112
LK-4112180,Thyiddy East,LK-4112
LK-4112185,Myliddyththurai South,LK-4112
LK-4112190,Thyiddy North,LK-4112
LK-4112195,Thyiddy South,LK-4112
LK-4112200,Myliddyththurai North,LK-4112
LK-4112205,Palaly South,LK-4112
LK-4112210,Palaly East,LK-4112
LK-4112215,Palaly North,LK-4112
LK-4112220,Palaly North West,LK-4112
LK-4112225,Palaly West,LK-4112
LK-4115005,Uduvil South West,LK-4115
LK-4115010,Uduvil South  East,LK-4115
LK-4115015,Uduvil Centre,LK-4115
LK-4115020,Uduvil Centre North,LK-4115
LK-4115025,Uduvil North,LK-4115
LK-4115030,Sanguvely,LK-4115
LK-4115035,Inuvil South West,LK-4115
LK-4115040,Inuvil East,LK-4115
LK-4115045,Inuvil North  East,LK-4115
LK-4115050,Inuvil West,LK-4115
LK-4115055,Thavady South,LK-4115
LK-4115060,Thavady East,LK-4115
LK-4115065,Thavady North,LK-4115
LK-4115070,Chunnakam Town North,LK-4115
LK-4115075,Chunnakam Town  South,LK-4115
LK-4115080,Chunnakam Town  East,LK-4115
LK-4115085,Chunnakam Town  Centre,LK-4115
LK-4115090,Chunnakam Town  West,LK-4115
LK-4115095,Kantharodai,LK-4115
LK-4115100,Erlalai West,LK-4115
LK-4115105,Erlalai South West,LK-4115
LK-4115110,Erlalai South,LK-4115
LK-4115115,Erlalai East,LK-4115
LK-4115120,Erlalai North,LK-4115
LK-4115125,Erlalai Centre,LK-4115
LK-4115130,Punnalaikadduvan South,LK-4115
LK-4115135,Punnalaikadduvan  North,LK-4115
LK-4115140,Evenai,LK-4115
LK-4115145,Kuppilan South,LK-4115
LK-4115150,Kuppilan  North,LK-4115
LK-4118005,Irupalai South,LK-4118
LK-4118010,Irupalai  East,LK-4118
LK-4118015,Kalviyankadu,LK-4118
LK-4118020,Kopay South,LK-4118
LK-4118025,Kopay Centre,LK-4118
LK-4118030,Kopay North,LK-4118
LK-4118035,Urumpirai West,LK-4118
LK-4118040,Urumpirai North,LK-4118
LK-4118045,Urumpirai South,LK-4118
LK-4118050,Urumpirai East,LK-4118
LK-4118055,Urelu,LK-4118
LK-4118060,Neervely South,LK-4118
LK-4118065,Neervely North,LK-4118
LK-4118070,Neervely West,LK-4118
LK-4118075,Sirupiddy East,LK-4118
LK-4118080,Sirupiddy West,LK-4118
LK-4118085,Puttur West,LK-4118
LK-4118090,Puttur North,LK-4118
LK-4118095,Nawatkiri,LK-4118
LK-4118100,Avarangal East,LK-4118
LK-4118105,Avarangal West,LK-4118
LK-4118110,Puttur East,LK-4118
LK-4118115,Atchelu,LK-4118
LK-4118120,Vatharavattai,LK-4118
LK-4118125,Pathameny,LK-4118
LK-4118130,Thampalai-Kathiripay,LK-4118
LK-4118135,Iddaikkadu,LK-4118
LK-4118140,Valalai,LK-4118
LK-4118145,Atchuvely North,LK-4118
LK-4118150,Atchuvely South,LK-4118
LK-4118155,Atchuvely West,LK-4118
LK-4121005,Karanavai South,LK-4121
LK-4121010,Karanavai West,LK-4121
LK-4121015,Karanavai,LK-4121
LK-4121020,Karanavai East,LK-4121
LK-4121025,Udupiddy,LK-4121
LK-4121030,Udupiddy North,LK-4121
LK-4121035,Udupiddy South,LK-4121
LK-4121040,Valvetty,LK-4121
LK-4121045,Valvetty Centre,LK-4121
LK-4121050,Samarabahu,LK-4121
LK-4121055,Imayanan,LK-4121
LK-4121060,Imayanan East,LK-4121
LK-4121065,Karanavai North,LK-4121
LK-4121070,Karanavai North West,LK-4121
LK-4121075,Karanavai Centre,LK-4121
LK-4121080,Karaveddy West,LK-4121
LK-4121085,Karaveddy North,LK-4121
LK-4121090,Karaveddy  South,LK-4121
LK-4121095,Maththoni,LK-4121
LK-4121100,Karaveddy Centre,LK-4121
LK-4121105,Karaveddy East,LK-4121
LK-4121110,Kaddaively,LK-4121
LK-4121115,Thunnalai South,LK-4121
LK-4121120,Thunnalai East,LK-4121
LK-4121125,Thunnalai,LK-4121
LK-4121130,Thunnalai Centre,LK-4121
LK-4121135,Thunnalai West,LK-4121
LK-4121140,Nelliaddy North,LK-4121
LK-4121145,Nelliaddy,LK-4121
LK-4121150,Nelliaddy East,LK-4121
LK-4121155,Alvai,LK-4121
LK-4121160,Alvai South,LK-4121
LK-4121165,Alvai East,LK-4121
LK-4121170,Aththai,LK-4121
LK-4121175,Kapputhu,LK-4121
LK-4124005,Manalkadu,LK-4124
LK-4124010,Kudathanai,LK-4124
LK-4124015,Kudathanai Karaiyoor,LK-4124
LK-4124020,Potpathi,LK-4124
LK-4124025,Ampan,LK-4124
LK-4124030,Nagarkovil East,LK-4124
LK-4124035,Nagarkovil West,LK-4124
LK-4124040,Nagarkovil South,LK-4124
LK-4124045,Chempiyanpattu North,LK-4124
LK-4124050,Chempiyanpattu South,LK-4124
LK-4124055,Maruthankarny,LK-4124
LK-4124060,Vathirayan,LK-4124
LK-4124065,Uduthurai,LK-4124
LK-4124070,Aliyavalai,LK-4124
LK-4124075,Vetrilaikerny,LK-4124
LK-4124080,Mulliyan,LK-4124
LK-4124085,Pokkaruppu,LK-4124
LK-4124090,Chundikulam,LK-4124
LK-4127005,Thondamanaru South,LK-4127
LK-4127010,Thondamanaru North,LK-4127
LK-4127015,Kerudavil South,LK-4127
LK-4127020,Kerudavil North,LK-4127
LK-4127025,Kerudavil East,LK-4127
LK-4127030,Valvettithurai North West,LK-4127
LK-4127035,Valvettithurai North Centre,LK-4127
LK-4127040,Valvettithurai North East,LK-4127
LK-4127045,Valvettithurai South West,LK-4127
LK-4127050,Valvettithurai South East,LK-4127
LK-4127055,Polikandy West,LK-4127
LK-4127060,Polikandy East,LK-4127
LK-4127065,Polikandy South,LK-4127
LK-4127070,Alvai West,LK-4127
LK-4127075,Alvai North West,LK-4127
LK-4127080,Alvai North Centre,LK-4127
LK-4127085,Viyaparimoolai,LK-4127
LK-4127090,Alvai North,LK-4127
LK-4127095,Point Pedro,LK-4127
LK-4127100,Point Pedro South,LK-4127
LK-4127105,Point Pedro East,LK-4127
LK-4127110,Thumpalai,LK-4127
LK-4127115,Thumpalai East,LK-4127
LK-4127120,Katkovalam,LK-4127
LK-4127125,Puloly North,LK-4127
LK-4127130,Puloly North East,LK-4127
LK-4127135,Puloly Centre,LK-4127
LK-4127140,Puloly West,LK-4127
LK-4127145,Puloly South West,LK-4127
LK-4127150,Puloly North West,LK-4127
LK-4127155,Puloly East,LK-4127
LK-4127160,Puloly South,LK-4127
LK-4127165,Manthikai,LK-4127
LK-4127170,Vallipuram,LK-4127
LK-4127175,Thunnalai North,LK-4127
LK-4130005,Kaithady North,LK-4130
LK-4130010,Kaithady East,LK-4130
LK-4130015,Kaithady Centre,LK-4130
LK-4130020,Kaithady South,LK-4130
LK-4130025,Kaithady South East,LK-4130
LK-4130030,Kaithady West,LK-4130
LK-4130035,Navatkuli West,LK-4130
LK-4130040,Navatkuli East,LK-4130
LK-4130045,Kovilakandy,LK-4130
LK-4130050,Kaithady Navatkuli,LK-4130
LK-4130055,Maravanpulo,LK-4130
LK-4130060,Thanankilappu,LK-4130
LK-4130065,Chavakachcheri Town,LK-4130
LK-4130070,Kovilkudyiruppu,LK-4130
LK-4130075,Sangathanai,LK-4130
LK-4130080,Chavakachcheri North,LK-4130
LK-4130085,Manduvil,LK-4130
LK-4130090,Kalvayal,LK-4130
LK-4130095,Nunavil East,LK-4130
LK-4130100,Nunavil Centre,LK-4130
LK-4130105,Nunavil West,LK-4130
LK-4130110,Kaithady Nunavil,LK-4130
LK-4130115,Thenmadduvil,LK-4130
LK-4130120,Madduvil Nunavil,LK-4130
LK-4130125,Madduvil Centre,LK-4130
LK-4130130,Madduvil North,LK-4130
LK-4130135,Madduvil East,LK-4130
LK-4130140,Chandrapuram,LK-4130
LK-4130145,Sarasalai South,LK-4130
LK-4130150,Sarasalai North,LK-4130
LK-4130155,Meesalai East,LK-4130
LK-4130160,Meesalai West,LK-4130
LK-4130165,Ramavil,LK-4130
LK-4130170,Meesalai North,LK-4130
LK-4130175,Allarai,LK-4130
LK-4130180,Vellampokkady,LK-4130
LK-4130185,Kachchai,LK-4130
LK-4130190,Palavi,LK-4130
LK-4130195,Kodikamam North,LK-4130
LK-4130200,Kodikamam Centre,LK-4130
LK-4130205,Kodikamam South,LK-4130
LK-4130210,Usan,LK-4130
LK-4130215,Karampaham,LK-4130
LK-4130220,Vidaththalpalai,LK-4130
LK-4130225,Ketpeli,LK-4130
LK-4130230,Eluthumadduval South,LK-4130
LK-4130235,Eluthumadduval North,LK-4130
LK-4130240,Mirusuvil North,LK-4130
LK-4130245,Mirusuvil South,LK-4130
LK-4130250,Kudamiyan,LK-4130
LK-4130255,Navatkadu,LK-4130
LK-4130260,Varani North,LK-4130
LK-4130265,Maaseri,LK-4130
LK-4130270,Iddaikurichchi,LK-4130
LK-4130275,Karampaikurichchi,LK-4130
LK-4130280,Varani-Iyattalai,LK-4130
LK-4130285,Thavalai- Iyattalai,LK-4130
LK-4130290,Manthuvil East,LK-4130
LK-4130295,Manthuvil West,LK-4130
LK-4130300,Manthuvil North,LK-4130
LK-4133005,Ariyalai South West,LK-4133
LK-4133010,Ariyalai East,LK-4133
LK-4133015,Ariyalai North West,LK-4133
LK-4133020,Ariyalai West (Centre),LK-4133
LK-4133025,Ariyalai S. W. (East),LK-4133
LK-4133030,Ariyalai Centre North,LK-4133
LK-4133035,Ariyalai Centre,LK-4133
LK-4133040,Ariyalai Centre South,LK-4133
LK-4133045,Iyanar Kovilady,LK-4133
LK-4133050,Vannarponnai N.W. (North),LK-4133
LK-4133055,Vannarponnai N.W. (West),LK-4133
LK-4133060,Vannarponnai N.E. (North),LK-4133
LK-4133065,Vannarponnai N.E. (South),LK-4133
LK-4133070,Kantharmadam North West,LK-4133
LK-4133075,Kantharmadam North East,LK-4133
LK-4133080,Kantharmadam South West,LK-4133
LK-4133085,Kantharmadam South East,LK-4133
LK-4133090,Nallur North,LK-4133
LK-4133095,Nallur Irajathani,LK-4133
LK-4133100,Nallur South,LK-4133
LK-4133105,Sangiliyan Thoppu,LK-4133
LK-4133110,Thirunelvely West,LK-4133
LK-4133115,Thirunelvely Centre South,LK-4133
LK-4133120,Thirunelvely South East,LK-4133
LK-4133125,Thirunelvely North East,LK-4133
LK-4133130,Thirunelvely Centre North,LK-4133
LK-4133135,Kondavil North West,LK-4133
LK-4133140,Kondavil South West,LK-4133
LK-4133145,Kondavil Centre  West,LK-4133
LK-4133150,Kondavil Centre  East,LK-4133
LK-4133155,Kondavil North East,LK-4133
LK-4133160,Kondavil South East,LK-4133
LK-4133165,Kokuvil North East,LK-4133
LK-4133170,Kokuvil East,LK-4133
LK-4133175,Kokuvil South East,LK-4133
LK-4133180,Kokuvil North West,LK-4133
LK-4133185,Kokuvil West,LK-4133
LK-4133190,Kokuvil Centre East,LK-4133
LK-4133195,Kokuvi South West,LK-4133
LK-4133200,Kokuvil Centre (West),LK-4133
LK-4136005,Nedunkulam,LK-4136
LK-4136010,Columbuthurai East,LK-4136
LK-4136015,Columbuthurai West,LK-4136
LK-4136020,Passaiyoor East,LK-4136
LK-4136025,Passaiyoor West,LK-4136
LK-4136030,Eachchamoddai,LK-4136
LK-4136035,Thirunagar,LK-4136
LK-4136040,Reclamation East,LK-4136
LK-4136045,Reclamation West,LK-4136
LK-4136050,Gurunagar East,LK-4136
LK-4136055,Gurunagar West,LK-4136
LK-4136060,Small Bazaar,LK-4136
LK-4136065,Jaffna Town West,LK-4136
LK-4136070,Jaffna Town East,LK-4136
LK-4136075,Chundikuli South,LK-4136
LK-4136080,Chundikuli North,LK-4136
LK-4136085,Maruthady,LK-4136
LK-4136090,Attiaddy,LK-4136
LK-4136095,Sirambiady,LK-4136
LK-4136100,Grand Bazaar,LK-4136
LK-4136105,Fort,LK-4136
LK-4136110,Vannarpannai,LK-4136
LK-4136115,Koddady,LK-4136
LK-4136120,Navanthurai South,LK-4136
LK-4136125,Navanthurai North,LK-4136
LK-4136130,Moor Street South,LK-4136
LK-4136135,Moor Street North,LK-4136
LK-4136140,New Moor Street,LK-4136
LK-4139005,Mandaitivu East,LK-4139
LK-4139010,Mandaitivu West,LK-4139
LK-4139015,Mandaitivu South,LK-4139
LK-4139020,Allaipiddy,LK-4139
LK-4139025,Mankumban,LK-4139
LK-4139030,Velanai North,LK-4139
LK-4139035,Velanai North East,LK-4139
LK-4139040,Velanai East,LK-4139
LK-4139045,Velanai South East,LK-4139
LK-4139050,Velanai East Centre,LK-4139
LK-4139055,Velanai South,LK-4139
LK-4139060,Velanai West Centre,LK-4139
LK-4139065,Velanai West,LK-4139
LK-4139070,Saravanai East,LK-4139
LK-4139075,Saravanai West,LK-4139
LK-4139080,Pungudutivu North East,LK-4139
LK-4139085,Pungudutivu East,LK-4139
LK-4139090,Pungudutivu South East,LK-4139
LK-4139095,Pungudutivu East South,LK-4139
LK-4139100,Pungudutivu South,LK-4139
LK-4139105,Pungudutivu North,LK-4139
LK-4139110,Pungudutivu Centre North,LK-4139
LK-4139115,Pungudutivu South West,LK-4139
LK-4139120,Pungudutivu Centre West,LK-4139
LK-4139125,Pungudutivu Centre East,LK-4139
LK-4139130,Pungudutivu North West,LK-4139
LK-4139135,Pungudutivu West,LK-4139
LK-4139140,Nainativu North,LK-4139
LK-4139145,Nainativu Centre,LK-4139
LK-4139150,Nainativu South,LK-4139
LK-4142005,Delft West,LK-4142
LK-4142010,Delft South,LK-4142
LK-4142015,Delft Centre West,LK-4142
LK-4142020,Delft Centre,LK-4142
LK-4142025,Delft Centre East,LK-4142
LK-4142030,Delft East,LK-4142
LK-4203005,Talaimannar North,LK-4203
LK-4203010,Talaimannar Pier West,LK-4203
LK-4203015,Talaimannar Pier East,LK-4203
LK-4203020,Talaimannar,LK-4203
LK-4203025,Talaimannar South,LK-4203
LK-4203030,Kaddukarankudiyiruppu,LK-4203
LK-4203035,Thullkudiyiruppu,LK-4203
LK-4203040,Pesalai South,LK-4203
LK-4203045,Pesalai North,LK-4203
LK-4203050,Pesalai West,LK-4203
LK-4203055,Siruthoppu,LK-4203
LK-4203060,Periyakarisal,LK-4203
LK-4203065,Olaithoduwai,LK-4203
LK-4203070,Puthukudiyiruppu,LK-4203
LK-4203075,Erukkalampiddy West,LK-4203
LK-4203080,Erukkalampiddy North,LK-4203
LK-4203085,Erukkalampiddy East,LK-4203
LK-4203090,Erukkalampiddy South,LK-4203
LK-4203095,Erukkalampiddy Centre,LK-4203
LK-4203100,Pallimunai East,LK-4203
LK-4203105,Moor Street,LK-4203
LK-4203110,Emil Nagar,LK-4203
LK-4203115,Tharapuram East,LK-4203
LK-4203120,Tharapuram West,LK-4203
LK-4203125,Thoddaveli,LK-4203
LK-4203130,Thalvupadu,LK-4203
LK-4203135,Pattithoddam,LK-4203
LK-4203140,Eluthur,LK-4203
LK-4203145,South Bar,LK-4203
LK-4203150,Savatkaddu,LK-4203
LK-4203155,Sinnakadai,LK-4203
LK-4203160,Uppukkulam North,LK-4203
LK-4203165,Pallimunai West,LK-4203
LK-4203170,Uppukkulam South,LK-4203
LK-4203175,Periyakadi,LK-4203
LK-4203180,Pettah,LK-4203
LK-4203185,Panankaddukoddu West,LK-4203
LK-4203190,Panankaddukoddu East,LK-4203
LK-4203195,Periyanavatkulam,LK-4203
LK-4203200,Thiruketheeswaram,LK-4203
LK-4203205,Nagathalvu,LK-4203
LK-4203210,Neelasenai,LK-4203
LK-4203215,Mathoddam,LK-4203
LK-4203220,Kallikaddaikkadu,LK-4203
LK-4203225,Vannamoddai,LK-4203
LK-4203230,Uyilankulam,LK-4203
LK-4203235,Puthukamam,LK-4203
LK-4203240,Uyirtharasankulam,LK-4203
LK-4203245,Parappankandal,LK-4203
LK-4206005,Thevanpiddy,LK-4206
LK-4206010,Vellankulam,LK-4206
LK-4206015,Pali Aru,LK-4206
LK-4206020,Anthoniyarpuram,LK-4206
LK-4206025,Illupaikadavai,LK-4206
LK-4206030,Kalliyadi,LK-4206
LK-4206035,Aththimoddai,LK-4206
LK-4206040,Koorai,LK-4206
LK-4206045,Periyamadhu East,LK-4206
LK-4206050,Periyamadhu West,LK-4206
LK-4206055,Kayanagar,LK-4206
LK-4206060,Pallamadhu,LK-4206
LK-4206065,Kovilkulam,LK-4206
LK-4206070,Vidathaltheevu North,LK-4206
LK-4206075,Vidathaltheevu West,LK-4206
LK-4206080,Vidathaltheevu Central,LK-4206
LK-4206085,Vidathaltheevu East,LK-4206
LK-4206090,Pappamoddai,LK-4206
LK-4206095,Parappukadanthan West,LK-4206
LK-4206100,Parappukadanthan East,LK-4206
LK-4206105,Kannady,LK-4206
LK-4206110,Minnukkan,LK-4206
LK-4206115,Maligaithidal,LK-4206
LK-4206120,Veddayarmurrippu,LK-4206
LK-4206125,Adampan,LK-4206
LK-4206130,Nedunkandal,LK-4206
LK-4206135,Karunkandal Vannakulam,LK-4206
LK-4206140,Alkaddiveli,LK-4206
LK-4206145,Andankulam,LK-4206
LK-4206150,Karunkandal,LK-4206
LK-4206155,Sornapuri,LK-4206
LK-4206160,Palikuli,LK-4206
LK-4206165,Kaththankulam,LK-4206
LK-4206170,Vaddakandal,LK-4206
LK-4206175,Palaiyadiputhukulam,LK-4206
LK-4206180,Palaiperumalkaddu,LK-4206
LK-4209005,Palampiddy,LK-4209
LK-4209010,Keerisuddan,LK-4209
LK-4209015,Parasankulam,LK-4209
LK-4209020,Vilathikulam,LK-4209
LK-4209025,Kakkayankulam East,LK-4209
LK-4209030,Kalmadu,LK-4209
LK-4209035,Kakkayankulam West,LK-4209
LK-4209040,Iranai Ilupaikulam,LK-4209
LK-4209045,Periya-Pandivirichchan East,LK-4209
LK-4209050,Periya-Pandivirichchan West,LK-4209
LK-4209055,Madhu,LK-4209
LK-4209060,Maluvarayarkaddayadampan,LK-4209
LK-4209065,Poomalarnthan,LK-4209
LK-4209070,Thekkam,LK-4209
LK-4209075,Pannavedduvan,LK-4209
LK-4209080,Periyamurippu,LK-4209
LK-4209085,Matha Kiramam,LK-4209
LK-4212005,Vankalai North,LK-4212
LK-4212010,Vankalai West,LK-4212
LK-4212015,Vankalai East,LK-4212
LK-4212020,Thomaspuri,LK-4212
LK-4212025,Naruvilikkulam,LK-4212
LK-4212030,Vanchiankulam,LK-4212
LK-4212035,Ilahadipiddy,LK-4212
LK-4212040,Ilanthamoddai,LK-4212
LK-4212045,Periyakaddaikadu,LK-4212
LK-4212050,Aththikkuli,LK-4212
LK-4212055,Kanchithalvu,LK-4212
LK-4212060,Chemmantheevu,LK-4212
LK-4212065,Murunkan,LK-4212
LK-4212070,Cheddiyar Mahankaddai Adampan,LK-4212
LK-4212075,Iraddaikkulam,LK-4212
LK-4212080,Chundikkuli,LK-4212
LK-4212085,Puttirarkandan,LK-4212
LK-4212090,Razoolputhuveli,LK-4212
LK-4212095,Nanaddan,LK-4212
LK-4212100,Umanagari,LK-4212
LK-4212105,Achchankulam,LK-4212
LK-4212110,Moddaikadai,LK-4212
LK-4212115,Rasamadhu,LK-4212
LK-4212120,Pallankoddai,LK-4212
LK-4212125,Valkaipattankandal,LK-4212
LK-4212130,Pontheevukandal,LK-4212
LK-4212135,Kalimoddai Puliyankulam,LK-4212
LK-4212140,Pariharikandal,LK-4212
LK-4212145,Sirukkandal,LK-4212
LK-4212150,Katkidanthakulam,LK-4212
LK-4212155,Issaimalaithalvu,LK-4212
LK-4215005,Arippu West,LK-4215
LK-4215010,Arippu East,LK-4215
LK-4215015,Methanveli,LK-4215
LK-4215020,Poonochchikulam,LK-4215
LK-4215025,Pandaraveli,LK-4215
LK-4215030,Sinnapullachchi Potkerni,LK-4215
LK-4215035,Periyapullachchi Potkerni,LK-4215
LK-4215040,Veppankulam,LK-4215
LK-4215045,Maruthamadhu,LK-4215
LK-4215050,Ahathimurippu,LK-4215
LK-4215055,Puthuveli,LK-4215
LK-4215060,Severiyarpuram,LK-4215
LK-4215065,Chilavathurai,LK-4215
LK-4215070,Kollankulam,LK-4215
LK-4215075,Kondachchi,LK-4215
LK-4215080,Kokkupadayan,LK-4215
LK-4215085,Palaikuli,LK-4215
LK-4215090,Karadikkuli,LK-4215
LK-4215095,Mullikkulam,LK-4215
LK-4215100,Marichchukaddi,LK-4215
LK-4303005,Unchalkaddy,LK-4303
LK-4303010,Vedivaithakallu,LK-4303
LK-4303015,Maruthoddai,LK-4303
LK-4303020,Paddikudiyiruppu,LK-4303
LK-4303025,Katkulam,LK-4303
LK-4303030,Nedunkerny South,LK-4303
LK-4303035,Nedunkerny North,LK-4303
LK-4303040,Olumadu,LK-4303
LK-4303045,Mamadu,LK-4303
LK-4303050,Kulavisuddan,LK-4303
LK-4303055,Marailuppai,LK-4303
LK-4303060,Paranthan,LK-4303
LK-4303065,Anandar Pulliyankulam,LK-4303
LK-4303070,Sinnadampan,LK-4303
LK-4303075,Nainamadu,LK-4303
LK-4303080,Puliyankulam South,LK-4303
LK-4303085,Puliyankulam North,LK-4303
LK-4303090,Kanagarayankulam South,LK-4303
LK-4303095,Kanagarayankulam North,LK-4303
LK-4303100,Mannakulam,LK-4303
LK-4306005,Periya Ulukkulama,LK-4306
LK-4306010,Poomaduwa,LK-4306
LK-4306015,Rankethgama,LK-4306
LK-4306020,Maradanmaduwa,LK-4306
LK-4306025,Pavakkulam South Bank - Track 07,LK-4306
LK-4306030,Awaranthulawa,LK-4306
LK-4306035,Acres 20 - 40 - 60,LK-4306
LK-4306040,Acres 400,LK-4306
LK-4306045,Madukanda,LK-4306
LK-4306050,Eramperiyakulama,LK-4306
LK-4306055,Alagalla,LK-4306
LK-4306060,Avusathapitiya,LK-4306
LK-4306065,Kalukunnammaduwa,LK-4306
LK-4306070,Nedunkulam,LK-4306
LK-4306075,Mahamylankulama,LK-4306
LK-4306080,Mamaduwa,LK-4306
LK-4306085,Mahakachchikodiya,LK-4306
LK-4306090,Pudubulankulama,LK-4306
LK-4306095,Pirappanmaduwa,LK-4306
LK-4306100,Agbopura,LK-4306
LK-4309005,Palamoddai,LK-4309
LK-4309010,Maruthamadhu,LK-4309
LK-4309015,Panrikkeithakulam,LK-4309
LK-4309020,Arumuhathanputhukulam,LK-4309
LK-4309025,Semamadhu,LK-4309
LK-4309030,Maligai,LK-4309
LK-4309035,Mahilankulam,LK-4309
LK-4309040,Maruthankulam,LK-4309
LK-4309045,Ilamaruthankulam,LK-4309
LK-4309050,Kallikulam,LK-4309
LK-4309055,Nochchimoddai,LK-4309
LK-4309060,Paranaddakal,LK-4309
LK-4309065,Puthukkulam,LK-4309
LK-4309070,Marekkarampalai,LK-4309
LK-4309075,Thandikulam,LK-4309
LK-4309080,Maharambaikulam,LK-4309
LK-4309085,Katharsinnakulam,LK-4309
LK-4309090,Nelukkulam,LK-4309
LK-4309095,Pattanichchi puliyankulam,LK-4309
LK-4309100,Vavuniya Town,LK-4309
LK-4309105,Omanthai,LK-4309
LK-4309110,Salambaikkulam,LK-4309
LK-4309115,Sasthirikoolankulam,LK-4309
LK-4309120,Echchankulam,LK-4309
LK-4309125,Kalmadu,LK-4309
LK-4309130,Poovarasankulam,LK-4309
LK-4309135,Sekkadipulavu,LK-4309
LK-4309140,Pampaimadu,LK-4309
LK-4309145,Rajendrankulam,LK-4309
LK-4309150,Koomankulam,LK-4309
LK-4309155,Kovilkulam,LK-4309
LK-4309160,Velikulam,LK-4309
LK-4309165,Moonrumurippu,LK-4309
LK-4309170,Kandapuram,LK-4309
LK-4309175,Thonikal,LK-4309
LK-4309180,Samalankulam,LK-4309
LK-4309185,Asikulam,LK-4309
LK-4309190,Rambaikulam,LK-4309
LK-4309195,Vairavapuliyankulam,LK-4309
LK-4309200,Pandarikkulam,LK-4309
LK-4309205,Vavuniya Town North,LK-4309
LK-4309210,Velankulam,LK-4309
LK-4312005,Andiyapuliyankulam,LK-4312
LK-4312010,Periyathampanai,LK-4312
LK-4312015,Periyakaddu,LK-4312
LK-4312020,Kannaddy,LK-4312
LK-4312025,Piramanalankulam,LK-4312
LK-4312030,Sooduventhapulavu,LK-4312
LK-4312035,Kurukkalputhukkulam,LK-4312
LK-4312040,Kanthasamy Nagar,LK-4312
LK-4312045,Unit 5 & 6 Pavatkulam,LK-4312
LK-4312050,Unit 4 Pavatkulam,LK-4312
LK-4312055,Unit 2 Pavatkulam,LK-4312
LK-4312060,Muthaliyarkulam,LK-4312
LK-4312065,Sinnasippikulam,LK-4312
LK-4312070,Neriyakulam,LK-4312
LK-4312075,Periyapuliyalankulam,LK-4312
LK-4312080,Cheddikulam,LK-4312
LK-4312085,Mugaththankulam,LK-4312
LK-4312090,Unit 9 & 10 Pavatkulam,LK-4312
LK-4312095,Kiristhavakulam,LK-4312
LK-4312100,Kangankulam,LK-4312
LK-4403005,Alankulam,LK-4403
LK-4403010,Amaithipuram,LK-4403
LK-4403015,Ambalaperumalkulam,LK-4403
LK-4403020,Aninchiyankulam,LK-4403
LK-4403025,Barathinagar,LK-4403
LK-4403030,Iyankankulam,LK-4403
LK-4403035,Kalvilan,LK-4403
LK-4403040,Koddaikaddiyakulam,LK-4403
LK-4403045,Mallavi,LK-4403
LK-4403050,Palayamurikandy,LK-4403
LK-4403055,Pugalenthinagar,LK-4403
LK-4403060,Puthuvedduvan,LK-4403
LK-4403065,Thenniyankulam,LK-4403
LK-4403070,Therankandal,LK-4403
LK-4403075,Thirunagar,LK-4403
LK-4403080,Thunukkai,LK-4403
LK-4403085,Uyilankulam,LK-4403
LK-4403090,Yogapuram Centre,LK-4403
LK-4403095,Yogapuram East,LK-4403
LK-4403100,Yogapuram West,LK-4403
LK-4406005,Ampalpuram,LK-4406
LK-4406010,Karumpulliyan,LK-4406
LK-4406015,Kollavilankulam,LK-4406
LK-4406020,Moonrumurippu,LK-4406
LK-4406025,Naddankandal,LK-4406
LK-4406030,Oddaruththakulam,LK-4406
LK-4406035,Palinagar,LK-4406
LK-4406040,Pandiyankulam,LK-4406
LK-4406045,Ponnagar/Kuttymulai,LK-4406
LK-4406050,Poovarasankulam,LK-4406
LK-4406055,Selvapuram,LK-4406
LK-4406060,Siraddikulam,LK-4406
LK-4406065,Sivapuram,LK-4406
LK-4406070,Vannivilankulam,LK-4406
LK-4406075,Vinayagapuram,LK-4406
LK-4409005,Anandapuram,LK-4409
LK-4409010,Iranapalai,LK-4409
LK-4409015,Kombavil,LK-4409
LK-4409020,Mallikaithivu,LK-4409
LK-4409025,Manikkapuram,LK-4409
LK-4409030,Mannakandal,LK-4409
LK-4409035,Manthuvil,LK-4409
LK-4409040,Puthukkudiyiruppu East,LK-4409
LK-4409045,Puthukkudiyiruppu West,LK-4409
LK-4409050,Sivanagar,LK-4409
LK-4409055,Suthanthirapuram,LK-4409
LK-4409060,Theravil,LK-4409
LK-4409065,Thevipuram,LK-4409
LK-4409070,Udaiyarkaddu North,LK-4409
LK-4409075,Udaiyarkaddu South,LK-4409
LK-4409080,Vallipunam,LK-4409
LK-4409085,Valluvarpuram,LK-4409
LK-4409090,Visuvamadu East,LK-4409
LK-4409095,Visuvamadu West,LK-4409
LK-4412005,Ampakamam,LK-4412
LK-4412010,Ganeshapuram,LK-4412
LK-4412015,Indupuram,LK-4412
LK-4412020,Kanagarathinapuram,LK-4412
LK-4412025,Karuvelankandal,LK-4412
LK-4412030,Katchilaimadu,LK-4412
LK-4412035,Kathaliyarsamlankulam,LK-4412
LK-4412040,Koolamurippu,LK-4412
LK-4412045,Manavalanpaddamurippu,LK-4412
LK-4412050,Mankulam,LK-4412
LK-4412055,Muthuiyankaddukulam,LK-4412
LK-4412060,Muthuvinayagarpuram,LK-4412
LK-4412065,Oddusuddan,LK-4412
LK-4412070,Olumadu,LK-4412
LK-4412075,Othiyamalai,LK-4412
LK-4412080,Palampasi,LK-4412
LK-4412085,Pandaravanni,LK-4412
LK-4412090,Panikkankulam,LK-4412
LK-4412095,Peraru,LK-4412
LK-4412100,Periyaithimadu,LK-4412
LK-4412105,Periyakulam,LK-4412
LK-4412110,Puliyankulam,LK-4412
LK-4412115,Thachchadampan,LK-4412
LK-4412120,Thanduvan,LK-4412
LK-4412125,Thaddayarmalai,LK-4412
LK-4412130,Thirumurukanndy,LK-4412
LK-4412135,Vithyapuram,LK-4412
LK-4415005,Alampil North,LK-4415
LK-4415010,Alampil South,LK-4415
LK-4415015,Ampalavanpokkanai,LK-4415
LK-4415020,Shemmalai,LK-4415
LK-4415025,Shemmalai West,LK-4415
LK-4415030,Chilawattai,LK-4415
LK-4415035,Chilawattai South,LK-4415
LK-4415040,Keekirapuram,LK-4415
LK-4415045,Kallappadu North,LK-4415
LK-4415050,Kallappadu South,LK-4415
LK-4415055,Kanukerny East,LK-4415
LK-4415060,Kanukerny West,LK-4415
LK-4415065,Karunaddukerny,LK-4415
LK-4415070,Keppapulavu,LK-4415
LK-4415075,Kokkilai East,LK-4415
LK-4415080,Kokkilai West,LK-4415
LK-4415085,Kokuthoduvai Centre,LK-4415
LK-4415090,Kokuthoduvai North,LK-4415
LK-4415095,Kokuthoduvai South,LK-4415
LK-4415100,Kovilkudiyiruppu,LK-4415
LK-4415105,Kumarapuram,LK-4415
LK-4415110,Kumulamunai Centre,LK-4415
LK-4415115,Kumulamunai East,LK-4415
LK-4415120,Kumulamunai West,LK-4415
LK-4415125,Mamoolai,LK-4415
LK-4415130,Manalkudiyiruppu,LK-4415
LK-4415135,Mathavalasingankulam,LK-4415
LK-4415140,Mullaitivu South,LK-4415
LK-4415145,Mullaitivu Town,LK-4415
LK-4415150,Mullivaikkal East,LK-4415
LK-4415155,Mullivaikkal West,LK-4415
LK-4415160,Mulliyawalai Centre,LK-4415
LK-4415165,Mulliyawalai East,LK-4415
LK-4415170,Mulliyawalai North,LK-4415
LK-4415175,Mulliyawalai South,LK-4415
LK-4415180,Mulliyawalai West,LK-4415
LK-4415185,Neeravipiddy East,LK-4415
LK-4415190,Neeravipiddy West,LK-4415
LK-4415195,Putharikuda,LK-4415
LK-4415200,Selvapuram,LK-4415
LK-4415205,Thannimurippu,LK-4415
LK-4415210,Thanniyootu East,LK-4415
LK-4415215,Thanniyoothu West,LK-4415
LK-4415220,Uppumaveli,LK-4415
LK-4415225,Vannankulam,LK-4415
LK-4415230,Vattapalai,LK-4415
LK-4418005,Gajabapura,LK-4418
LK-4418010,Kalayanapura,LK-4418
LK-4418015,Ehatugaswewa,LK-4418
LK-4418020,Kiriibbanwewa,LK-4418
LK-4418025,Janakapura,LK-4418
LK-4418030,Nawagajabapura,LK-4418
LK-4418035,Nikawewa Left,LK-4418
LK-4418040,Ethawatunawewa,LK-4418
LK-4418045,Nikawewa South,LK-4418
LK-4503005,Allipallai,LK-4503
LK-4503010,Arasarkerni,LK-4503
LK-4503015,Ittavil,LK-4503
LK-4503020,Iyakkachchi,LK-4503
LK-4503025,Kachcharveli,LK-4503
LK-4503030,Kilaly,LK-4503
LK-4503035,Kovilvayal,LK-4503
LK-4503040,Masar,LK-4503
LK-4503045,Muhamalai,LK-4503
LK-4503050,Muhavil,LK-4503
LK-4503055,Mullaiyadi,LK-4503
LK-4503060,Pallai Town,LK-4503
LK-4503065,Pulopallai,LK-4503
LK-4503070,Pulopallai West,LK-4503
LK-4503075,Soranpattu,LK-4503
LK-4503080,Thampakamam,LK-4503
LK-4503085,Tharmakerny,LK-4503
LK-4503090,Vempodukerny,LK-4503
LK-4506005,Elephant Pass,LK-4506
LK-4506010,Kalmadunagar,LK-4506
LK-4506015,Kandavalai,LK-4506
LK-4506020,Korakkankaddu,LK-4506
LK-4506025,Kumarapuram,LK-4506
LK-4506030,Murasumoddai,LK-4506
LK-4506035,Paranthan Town,LK-4506
LK-4506040,Periyakulam,LK-4506
LK-4506045,Piramanthalaru,LK-4506
LK-4506050,Puliyampokkanai,LK-4506
LK-4506055,Punnaineeravi,LK-4506
LK-4506060,Thadduvankoddy,LK-4506
LK-4506065,Tharmapuram East,LK-4506
LK-4506070,Tharmapuram West,LK-4506
LK-4506075,Umaiyalpuram,LK-4506
LK-4506080,Uriyan,LK-4506
LK-4509005,Akkarayankulam,LK-4509
LK-4509010,Ambalkulam,LK-4509
LK-4509015,Ambalnagar,LK-4509
LK-4509020,Anaivilunthankulam,LK-4509
LK-4509025,Anandapuram,LK-4509
LK-4509030,Civic Centre,LK-4509
LK-4509035,Jeyanthinagar,LK-4509
LK-4509040,Kanagambigaikulam,LK-4509
LK-4509045,Kanagapuram,LK-4509
LK-4509050,Kaneshapuram,LK-4509
LK-4509055,Kannagaipuram,LK-4509
LK-4509060,Kilinochchi Town,LK-4509
LK-4509065,Konavil,LK-4509
LK-4509070,Krishnapuram,LK-4509
LK-4509075,Malaiyalapuram,LK-4509
LK-4509080,Maruthanagar,LK-4509
LK-4509085,Mavadyamman,LK-4509
LK-4509090,Mayavanoor,LK-4509
LK-4509095,Pannakandy,LK-4509
LK-4509100,Barathypuram,LK-4509
LK-4509105,Periya Paranthan,LK-4509
LK-4509110,Ponnagar,LK-4509
LK-4509115,Puthumurippu,LK-4509
LK-4509120,Ramanathapuram,LK-4509
LK-4509125,Rathinapuram,LK-4509
LK-4509130,Selvanagar,LK-4509
LK-4509135,Sivanagar,LK-4509
LK-4509140,Skandapuram,LK-4509
LK-4509145,Thirunagar North,LK-4509
LK-4509150,Thirunagar South,LK-4509
LK-4509155,Thiruvaiaru,LK-4509
LK-4509160,Thiruvaiaru West,LK-4509
LK-4509165,Thondamannagar,LK-4509
LK-4509170,Urithirapuram East,LK-4509
LK-4509175,Urithirapuram North,LK-4509
LK-4509180,Urithirapuram West,LK-4509
LK-4509185,Uthayanagar East,LK-4509
LK-4509190,Uthayanagar West,LK-4509
LK-4509195,Uttupulam,LK-4509
LK-4509200,Vaddakachchi,LK-4509
LK-4509205,Vannerikulam,LK-4509
LK-4509210,Vivekanandanagar,LK-4509
LK-4512005,Alankerni,LK-4512
LK-4512010,Cheddiakurichchi,LK-4512
LK-4512015,Gnanimadam,LK-4512
LK-4512020,Iranaitivu,LK-4512
LK-4512025,Jayapuram North,LK-4512
LK-4512030,Jayapuram South,LK-4512
LK-4512035,Kariyalainagapaduvan,LK-4512
LK-4512040,Kiranchi,LK-4512
LK-4512045,Kollakuruchchi,LK-4512
LK-4512050,Kowtharimunai,LK-4512
LK-4512055,Madduvilnadu East,LK-4512
LK-4512060,Madduvilnadu West,LK-4512
LK-4512065,Mulankavil,LK-4512
LK-4512070,Nachchikkuda,LK-4512
LK-4512075,Nallur,LK-4512
LK-4512080,Pallavarayankaddu,LK-4512
LK-4512085,Pallikuda,LK-4512
LK-4512090,Paramankirai,LK-4512
LK-4512095,Ponnaveli,LK-4512
LK-5103005,Kathiraveli,LK-5103
LK-5103010,Ammanthanaaveli,LK-5103
LK-5103015,Punichchankerni,LK-5103
LK-5103020,Palchenai,LK-5103
LK-5103025,Vakarai North,LK-5103
LK-5103030,Ooriyankattu,LK-5103
LK-5103035,Kaddumurivu,LK-5103
LK-5103040,Vakarai Central,LK-5103
LK-5103045,Panichchankerny,LK-5103
LK-5103050,Mathurankernikulam,LK-5103
LK-5103055,Punanai East,LK-5103
LK-5103060,Kirimichai,LK-5103
LK-5103065,Mankerny Central,LK-5103
LK-5103070,Mankerny South,LK-5103
LK-5103075,Kayankerny,LK-5103
LK-5103080,Vattavan,LK-5103
LK-5104005,Punanai East,LK-5104
LK-5104010,Thiyavattavan,LK-5104
LK-5104015,Valaichchenai 5 Muslim,LK-5104
LK-5104020,Valaichchenai 4 Muslim,LK-5104
LK-5104025,Valaichchenai 5 Muslim South,LK-5104
LK-5104030,Brynthuraichenai North,LK-5104
LK-5104035,Brynthuraichenai South,LK-5104
LK-5104040,Mavadichenai,LK-5104
LK-5104045,Chemmann Odai,LK-5104
LK-5106005,Paper Town,LK-5106
LK-5106010,Oddamavadi 01 North,LK-5106
LK-5106015,Oddamavadi 01 South,LK-5106
LK-5106020,Oddamavadi 02,LK-5106
LK-5106025,Oddamavadi 03,LK-5106
LK-5106030,Meeravodai Muslim West,LK-5106
LK-5106035,Meeravodai Muslim East,LK-5106
LK-5106040,Mancholai,LK-5106
LK-5109005,Nasivanthivu,LK-5109
LK-5109010,Valachchenai Tamil,LK-5109
LK-5109015,Puthukudiyiruppu,LK-5109
LK-5109020,Peththalai,LK-5109
LK-5109025,Kalkuda,LK-5109
LK-5109030,Kalmadu,LK-5109
LK-5109035,Kannagipuram,LK-5109
LK-5109040,Kumburumulai,LK-5109
LK-5109045,Sungankerny,LK-5109
LK-5109050,Kinnayadi,LK-5109
LK-5109055,Karuwakerni,LK-5109
LK-5109060,Meeravodai Tamil,LK-5109
LK-5110005,Punanai West,LK-5110
LK-5110010,Vahaneri,LK-5110
LK-5110015,Muruthanai,LK-5110
LK-5110020,Ooththuchenai,LK-5110
LK-5110025,Kallichchai,LK-5110
LK-5110030,Vadamunai,LK-5110
LK-5110035,Kudumpimalai,LK-5110
LK-5110040,Perillaveli,LK-5110
LK-5110045,Poolakadu,LK-5110
LK-5110050,Kiran East,LK-5110
LK-5110055,Kiran West,LK-5110
LK-5110060,Korakallimadu,LK-5110
LK-5110065,Santhiveli,LK-5110
LK-5110070,Palaiyadithona,LK-5110
LK-5110075,Thevapuram,LK-5110
LK-5110080,Murakkottanchenai,LK-5110
LK-5110085,Thihilivaddai,LK-5110
LK-5110090,Koraveli,LK-5110
LK-5112005,Sittandy 3,LK-5112
LK-5112010,Sittandy 2,LK-5112
LK-5112015,Sittandy 4,LK-5112
LK-5112020,Sittandy 1,LK-5112
LK-5112025,Mavadivembu 2,LK-5112
LK-5112030,Mavadivembu 1,LK-5112
LK-5112035,Kaluvankerny 1,LK-5112
LK-5112040,Kaluvankerny 2,LK-5112
LK-5112045,Thalavai,LK-5112
LK-5112050,Iyankerny Tamil,LK-5112
LK-5112055,Kommathurai North,LK-5112
LK-5112060,Palachcholai,LK-5112
LK-5112065,Vantharumoolai East,LK-5112
LK-5112070,Vantharumoolai West,LK-5112
LK-5112075,Eralakkulam,LK-5112
LK-5112080,Mailavaddavan,LK-5112
LK-5112085,Koduwamadu,LK-5112
LK-5112090,Kommathurai West,LK-5112
LK-5112095,Kommathurai East,LK-5112
LK-5112100,Chenkalady 2,LK-5112
LK-5112105,Chenkalady 1,LK-5112
LK-5112110,Iyankerny Muslim,LK-5112
LK-5112115,Meerakerny,LK-5112
LK-5112120,Mich Nagar,LK-5112
LK-5112125,Savukkady,LK-5112
LK-5112130,Thannamunai,LK-5112
LK-5112135,Mylampavely,LK-5112
LK-5112140,Arumugathan kudiyiruppu 2,LK-5112
LK-5112145,Arumugathan Kudiyiruppu 1,LK-5112
LK-5112150,Kumaraveliar Kiramam,LK-5112
LK-5112155,Pankudahvely,LK-5112
LK-5112160,Vepavedduwan,LK-5112
LK-5112165,Karadiyanaru,LK-5112
LK-5112170,Marappalam,LK-5112
LK-5112175,Kithulwewa,LK-5112
LK-5112180,Rugam,LK-5112
LK-5112185,Koppavely,LK-5112
LK-5112190,Periyapullumalai,LK-5112
LK-5112195,Gemunupura,LK-5112
LK-5115005,Ellainagar,LK-5115
LK-5115010,Eravur 04,LK-5115
LK-5115015,Eravur 03,LK-5115
LK-5115020,Eravur 03A,LK-5115
LK-5115025,Eravur 02,LK-5115
LK-5115030,Eravur 02B,LK-5115
LK-5115035,Eravur 02C,LK-5115
LK-5115040,Eravur 02A,LK-5115
LK-5115045,Eravur 01B,LK-5115
LK-5115050,Eravur 01,LK-5115
LK-5115055,Eravur 01A,LK-5115
LK-5115060,Eravur 06A,LK-5115
LK-5115065,Eravur 06D,LK-5115
LK-5115070,Eravur 06,LK-5115
LK-5115075,Eravur 05,LK-5115
LK-5118005,Palameen Madu,LK-5118
LK-5118010,Navalady,LK-5118
LK-5118015,Amirthakali,LK-5118
LK-5118020,Punnachcholai,LK-5118
LK-5118025,Thiraimadu,LK-5118
LK-5118030,Saththurukondan,LK-5118
LK-5118035,Panichalady,LK-5118
LK-5118040,Kokkuvil,LK-5118
LK-5118045,Sinna Oorani,LK-5118
LK-5118050,Jayanthipuram,LK-5118
LK-5118055,Karuvappankerny,LK-5118
LK-5118060,mamangam,LK-5118
LK-5118065,Koolavadi,LK-5118
LK-5118070,Koolavadi East,LK-5118
LK-5118075,Thamaraikerny,LK-5118
LK-5118080,Periya Uppodai,LK-5118
LK-5118085,Dutch Bar,LK-5118
LK-5118090,Thissaveerasingam Sathukam,LK-5118
LK-5118095,Iruthayapuram East,LK-5118
LK-5118100,Iruthayapuram Central,LK-5118
LK-5118105,Iruthayapuram west,LK-5118
LK-5118110,Periya Oorani,LK-5118
LK-5118115,Gnasooriyam Sathukam,LK-5118
LK-5118120,Vettukkadu,LK-5118
LK-5118125,Barathipuram,LK-5118
LK-5118130,Thandavanveli,LK-5118
LK-5118135,Arasadi,LK-5118
LK-5118140,Koddamunai,LK-5118
LK-5118145,Kallady Mugathuvaram,LK-5118
LK-5118150,Thiruchendhoor,LK-5118
LK-5118155,Kallady,LK-5118
LK-5118160,Kallady Veloor,LK-5118
LK-5118165,Kallady Uppodai,LK-5118
LK-5118170,Puliyanthivu East,LK-5118
LK-5118175,Puliyanthivu Central,LK-5118
LK-5118180,Puliyanthivu West,LK-5118
LK-5118185,Puliyanthivu South,LK-5118
LK-5118190,Thiruperunthurai,LK-5118
LK-5118195,Puthunagar,LK-5118
LK-5118200,Seththukudah,LK-5118
LK-5118205,Veechikalmunai,LK-5118
LK-5118210,Thimilathivu,LK-5118
LK-5118215,Nochchimunai,LK-5118
LK-5118220,Navatkudah,LK-5118
LK-5118225,Navatkudah East,LK-5118
LK-5118230,Navatkudah South,LK-5118
LK-5118235,Manjanthoduvai North,LK-5118
LK-5118240,Manjanthoduvai South,LK-5118
LK-5121005,Naripputhoddam,LK-5121
LK-5121010,Mahilavedduvan,LK-5121
LK-5121015,Karaveddi,LK-5121
LK-5121020,vilavedduwan,LK-5121
LK-5121025,Naavatkaadu,LK-5121
LK-5121030,Echchantivu,LK-5121
LK-5121035,Mankikaddu,LK-5121
LK-5121040,Vavunativu,LK-5121
LK-5121045,Ayithiyamalai South,LK-5121
LK-5121050,Ayithiyamalai North,LK-5121
LK-5121055,Nediyamadu,LK-5121
LK-5121060,Pavatkodichenai,LK-5121
LK-5121065,Kurinchaamunai,LK-5121
LK-5121070,Paruththichenai,LK-5121
LK-5121075,Kannakudah,LK-5121
LK-5121080,Mandapathadi,LK-5121
LK-5121085,Karaiyakkantivu,LK-5121
LK-5121090,Puthumandapaththadi,LK-5121
LK-5121095,Kaanthinagar,LK-5121
LK-5121100,Unnichchi,LK-5121
LK-5121105,Panchenai,LK-5121
LK-5121110,Illuppadichenai,LK-5121
LK-5121115,Koththiyapulai,LK-5121
LK-5121120,Kaanchirankudah,LK-5121
LK-5124005,Kattankudy Division 1,LK-5124
LK-5124010,Kattankudy division 1 South,LK-5124
LK-5124015,Kattankudy Division 2,LK-5124
LK-5124020,Kattankudy Division 2 North,LK-5124
LK-5124025,New Kattankudy Division North,LK-5124
LK-5124030,New Kattankudy Division South,LK-5124
LK-5124035,Kattankudy Division 3 East,LK-5124
LK-5124040,Kattankudy Division 3,LK-5124
LK-5124045,Kattankudy Division 3 West,LK-5124
LK-5124050,Kattankudy Division 4 West,LK-5124
LK-5124055,Kattankudy Division 4,LK-5124
LK-5124060,Kattankudy Division 6,LK-5124
LK-5124065,New Kattankudy Division West,LK-5124
LK-5124070,New Kattankudy Division East,LK-5124
LK-5124075,Kattankudy Division 6 South,LK-5124
LK-5124080,Kattankudy division 6 West,LK-5124
LK-5124085,Kattankudy Division 5,LK-5124
LK-5124090,Kattankudy Division 5 South,LK-5124
LK-5127005,Kirankulam North,LK-5127
LK-5127010,Kirankulam South,LK-5127
LK-5127015,Kirankulam,LK-5127
LK-5127020,Kirankulam Central,LK-5127
LK-5127025,Puthukudiyirippu,LK-5127
LK-5127030,Puthukudiyirippu South,LK-5127
LK-5127035,Puthukudiyirippu North,LK-5127
LK-5127040,Palamunai,LK-5127
LK-5127045,Thalankudah,LK-5127
LK-5127050,Manmunai,LK-5127
LK-5127055,Vedarkudiyiruppu,LK-5127
LK-5127060,Mavilankanthurai,LK-5127
LK-5127065,Kankeyanodai,LK-5127
LK-5127070,Ollikulam,LK-5127
LK-5127075,Kankeyanodai South,LK-5127
LK-5127080,Araipattai 3,LK-5127
LK-5127085,Rajadurai Kiramam,LK-5127
LK-5127090,Araipattai South,LK-5127
LK-5127095,Kovilkulam,LK-5127
LK-5127100,Araipattai Central,LK-5127
LK-5127105,Araipattai 2,LK-5127
LK-5127110,Selvanagar,LK-5127
LK-5127115,Selvanagar East,LK-5127
LK-5127120,Araipattai East,LK-5127
LK-5127125,Araipattai North,LK-5127
LK-5127130,Araipattai 1,LK-5127
LK-5127135,Araipattai West,LK-5127
LK-5130005,Munaikkadu West,LK-5130
LK-5130010,Munaikkadu North,LK-5130
LK-5130015,Munaikkadu East,LK-5130
LK-5130020,Muthlaikkudah West,LK-5130
LK-5130025,Muthalaikkudah,LK-5130
LK-5130030,Mahiladitivu,LK-5130
LK-5130035,Mahiladithivu South,LK-5130
LK-5130040,Kokkadichcholai,LK-5130
LK-5130045,Munaikkadu South,LK-5130
LK-5130050,Kokkadichcholai South,LK-5130
LK-5130055,Pandariyaveli,LK-5130
LK-5130060,Arasaditivu North,LK-5130
LK-5130065,Paddippalai,LK-5130
LK-5130070,Kuluvinamadu,LK-5130
LK-5130075,Arasaditivu,LK-5130
LK-5130080,Kadukkamunai,LK-5130
LK-5130085,Ampilanthurai North,LK-5130
LK-5130090,Ampilanthurai,LK-5130
LK-5130095,Ampilanthurai West,LK-5130
LK-5130100,Katchenai,LK-5130
LK-5130105,Mavadimunmaari,LK-5130
LK-5130110,Thanthamalai,LK-5130
LK-5130115,Kachchakody,LK-5130
LK-5130120,Panichchiyadimunmari,LK-5130
LK-5133005,Selvapuram,LK-5133
LK-5133010,Vammiyadiyoottu,LK-5133
LK-5133015,Thumpankerni (Y.F.S),LK-5133
LK-5133020,kalumunthanveli,LK-5133
LK-5133025,Kanthipuram,LK-5133
LK-5133030,Maavelkuda,LK-5133
LK-5133035,Vipulananthapuram,LK-5133
LK-5133040,Palugaamam I,LK-5133
LK-5133045,Palugaamam II,LK-5133
LK-5133050,Vanninagar,LK-5133
LK-5133055,Veeranchenai,LK-5133
LK-5133060,Thumpankerny,LK-5133
LK-5133065,Saravanaiyadiyoottu,LK-5133
LK-5133070,Thikkodai,LK-5133
LK-5133075,Navakirinagar,LK-5133
LK-5133080,Kannapuram,LK-5133
LK-5133085,Paalaiyadivaddai,LK-5133
LK-5133090,Nellikkadu,LK-5133
LK-5133095,Vivekanandapuram,LK-5133
LK-5133100,Vellaveli,LK-5133
LK-5133105,Punnakkulam,LK-5133
LK-5133110,Kovilporativu West,LK-5133
LK-5133115,Kovilporativu,LK-5133
LK-5133120,Munaitivu,LK-5133
LK-5133125,Paddaapuram,LK-5133
LK-5133130,Periyaporativu,LK-5133
LK-5133135,Kovilporativu South,LK-5133
LK-5133140,Mandur 1& 2 South,LK-5133
LK-5133145,Mandur Koddaimunai,LK-5133
LK-5133150,Mandur 3,LK-5133
LK-5133155,Mandur 1&2 North,LK-5133
LK-5133160,Paalamunai,LK-5133
LK-5133165,Thambalawatta,LK-5133
LK-5133170,Ganeshapuram,LK-5133
LK-5133175,Sangarpuram,LK-5133
LK-5133180,Palachcholai,LK-5133
LK-5133185,Kaakkachchivaddai,LK-5133
LK-5133190,Kannapuram East,LK-5133
LK-5133195,Vilanthottam,LK-5133
LK-5133200,Sinnawattai,LK-5133
LK-5133205,Maalaiyarkaddu,LK-5133
LK-5133210,Anaikaddiyaweli,LK-5133
LK-5133215,Raanamadu,LK-5133
LK-5136005,Kurukkalmadam North,LK-5136
LK-5136010,Kurukkalmadam South,LK-5136
LK-5136015,Cheddipalayalam North,LK-5136
LK-5136020,Cheddipalayalam South,LK-5136
LK-5136025,Mankadu,LK-5136
LK-5136030,Thethathivu North,LK-5136
LK-5136035,Thethathivu South,LK-5136
LK-5136040,Thethathivu South 2,LK-5136
LK-5136045,Thethathivu South 1,LK-5136
LK-5136050,Kaluthawalai 1,LK-5136
LK-5136055,Kaluthawalai Central,LK-5136
LK-5136060,Kaluthawalai 2,LK-5136
LK-5136065,Kaluthawalai 3,LK-5136
LK-5136070,Kaluthawalai 4,LK-5136
LK-5136075,Kaluthawalai 4 Santhipuram,LK-5136
LK-5136080,Kaluwanchikudy North 1,LK-5136
LK-5136085,Kaluwanchikudy North,LK-5136
LK-5136090,Paddiruppu,LK-5136
LK-5136095,Eruvil North,LK-5136
LK-5136100,kaluwanchikudy South,LK-5136
LK-5136105,Onthachimadam North,LK-5136
LK-5136110,Eruvil East,LK-5136
LK-5136115,Eruvil South,LK-5136
LK-5136120,Kurumanvely 11West,LK-5136
LK-5136125,Kurumanvely 11 East,LK-5136
LK-5136130,Kurumanvely 12,LK-5136
LK-5136135,Mahiloor West,LK-5136
LK-5136140,Mahiloor South West,LK-5136
LK-5136145,Mahiloor East,LK-5136
LK-5136150,Onthachimadam South,LK-5136
LK-5136155,Koddaikallar North,LK-5136
LK-5136160,Koddaikallar West,LK-5136
LK-5136165,Mahiloor Munai,LK-5136
LK-5136170,Koddaikallar East,LK-5136
LK-5136175,Koddaikallar South,LK-5136
LK-5136180,Periyakallar 1,LK-5136
LK-5136185,Periyakallar 1 South,LK-5136
LK-5136190,Periyakallar 2 West,LK-5136
LK-5136195,Periyakallar 2,LK-5136
LK-5136200,Periyakallar 3 South,LK-5136
LK-5136205,Periyakallar 3,LK-5136
LK-5136210,Thuraineelavanai North,LK-5136
LK-5136215,Thuraineelavanai North 1,LK-5136
LK-5136220,Thuraineelavanai Souith,LK-5136
LK-5136225,Thuraineelavanai South1,LK-5136
LK-5203005,Rideela,LK-5203
LK-5203010,Bakmeedeniya,LK-5203
LK-5203015,Dehiattakandiya,LK-5203
LK-5203020,Kadirapura,LK-5203
LK-5203025,Mawanagama,LK-5203
LK-5203030,Lihiniyagama,LK-5203
LK-5203035,Serupitiya,LK-5203
LK-5203040,Sadamadulla,LK-5203
LK-5203045,Sandunpura,LK-5203
LK-5203050,Paranagama,LK-5203
LK-5203055,Ihalagama,LK-5203
LK-5203060,Nawa medagama,LK-5203
LK-5203065,Wewmedagama,LK-5203
LK-5206005,Galode,LK-5206
LK-5206010,Palathuruwella,LK-5206
LK-5206015,Pulungasmulla,LK-5206
LK-5206020,Serankada,LK-5206
LK-5206025,Unapana,LK-5206
LK-5206030,Hagamwela,LK-5206
LK-5206035,Kirawana,LK-5206
LK-5206040,Padiyathalawa,LK-5206
LK-5206045,Thalapitaoya Left,LK-5206
LK-5206050,Saranagama,LK-5206
LK-5206055,Pallegama,LK-5206
LK-5206060,Moradeniya,LK-5206
LK-5206065,Thalapitaoya South,LK-5206
LK-5206070,Holike,LK-5206
LK-5206075,Kehelulla,LK-5206
LK-5206080,Miriswatta,LK-5206
LK-5206085,Kolamanthalawa,LK-5206
LK-5206090,Dorakumbura,LK-5206
LK-5206095,Marangala,LK-5206
LK-5206100,Komana,LK-5206
LK-5209005,Bogamuyaya,LK-5209
LK-5209010,Tempitiya,LK-5209
LK-5209015,Poolawala,LK-5209
LK-5209020,Bedirekka,LK-5209
LK-5209025,Unuwathura Bubula,LK-5209
LK-5209030,Iddapola,LK-5209
LK-5209035,Thepelpola,LK-5209
LK-5209040,Mahaoya,LK-5209
LK-5209045,Samagipura,LK-5209
LK-5209050,Borapola,LK-5209
LK-5209055,Kelavinna,LK-5209
LK-5209060,Dambadeniya,LK-5209
LK-5209065,Kekirihena,LK-5209
LK-5209070,Kudaharasgala,LK-5209
LK-5209075,Lahugala,LK-5209
LK-5209080,Pollebedda,LK-5209
LK-5209085,Aranthalawa,LK-5209
LK-5212005,Piyangala,LK-5212
LK-5212010,Nugelanda North,LK-5212
LK-5212015,Nugelanda South,LK-5212
LK-5212020,Bakkiella,LK-5212
LK-5212025,Rajagalathenna South,LK-5212
LK-5212030,Rajagalathenna North,LK-5212
LK-5212035,Gonagolla,LK-5212
LK-5212040,Galapitagala West,LK-5212
LK-5212045,Galapitagala East,LK-5212
LK-5212050,Kothmale,LK-5212
LK-5212055,Mayadunna,LK-5212
LK-5212060,Nawagiriyawa,LK-5212
LK-5212065,Bandaradoowa,LK-5212
LK-5212070,Lathugala,LK-5212
LK-5212075,Bokkabedda,LK-5212
LK-5212080,Kohombana,LK-5212
LK-5212085,Walagampura,LK-5212
LK-5212090,Verenketagoda,LK-5212
LK-5212095,Senagama North,LK-5212
LK-5212100,Senagama South,LK-5212
LK-5212105,Gonagala,LK-5212
LK-5212110,Veheragama East,LK-5212
LK-5212115,Veheragama West,LK-5212
LK-5212120,Gemunupura,LK-5212
LK-5212125,Siyambalawewa,LK-5212
LK-5212130,Rajagama North,LK-5212
LK-5212135,Rajagama South,LK-5212
LK-5212140,Suhadagama North,LK-5212
LK-5212145,Suhadagama South,LK-5212
LK-5212150,Kumarigama,LK-5212
LK-5212155,Komariya,LK-5212
LK-5212160,Udagirigama West,LK-5212
LK-5212165,Udagirigama East,LK-5212
LK-5212170,Galahitiyagoda,LK-5212
LK-5212175,Mahakandiya,LK-5212
LK-5212180,Kahatagasyaya,LK-5212
LK-5212185,Velikahagolla,LK-5212
LK-5212190,Dematamalpelessa,LK-5212
LK-5212195,Uhana,LK-5212
LK-5212200,Uhana Tissapura West,LK-5212
LK-5212205,Uhana Tissapura East,LK-5212
LK-5212210,Udayapura,LK-5212
LK-5212215,Sandanadapura,LK-5212
LK-5212220,Weeragoda North,LK-5212
LK-5212225,Weeragoda South,LK-5212
LK-5212230,Dadayanthalawa West,LK-5212
LK-5212235,Dadayanthalawa East,LK-5212
LK-5212240,Wijayapura East,LK-5212
LK-5212245,Wijayapura West,LK-5212
LK-5212250,Kumudugama,LK-5212
LK-5212255,Ruhunugama,LK-5212
LK-5212260,Buddhangala,LK-5212
LK-5212265,Palam Kandavura,LK-5212
LK-5212270,Himidurawa,LK-5212
LK-5212275,Abhayapura,LK-5212
LK-5215005,Dambethalawa,LK-5215
LK-5215010,Samapura,LK-5215
LK-5215015,Karangawa,LK-5215
LK-5215020,Gemunupura,LK-5215
LK-5215025,Thissapura,LK-5215
LK-5215030,Nawagampura,LK-5215
LK-5215035,Senanayakepura,LK-5215
LK-5215040,Jayawardhanapura,LK-5215
LK-5215045,Indrasarapura,LK-5215
LK-5215050,Mihindupura,LK-5215
LK-5215055,Saddhathissapura,LK-5215
LK-5215060,Kotavehera,LK-5215
LK-5215065,Paragahakele East,LK-5215
LK-5215070,Paragahakele West,LK-5215
LK-5215075,Ambagahawella,LK-5215
LK-5215080,Ambamalthalawa,LK-5215
LK-5215085,Namalthalawa,LK-5215
LK-5215090,Namaloya (ii),LK-5215
LK-5215095,Polwaga Janapadaya,LK-5215
LK-5215100,Wavinna North,LK-5215
LK-5215105,Wavinna South,LK-5215
LK-5215110,Namaloya ( i ),LK-5215
LK-5216005,Central Camp 01,LK-5216
LK-5216010,Central Camp 02,LK-5216
LK-5216015,Central Camp 03,LK-5216
LK-5216020,Central Camp 05,LK-5216
LK-5216025,Central Camp 06,LK-5216
LK-5216030,Central Camp 04,LK-5216
LK-5216035,Chalambaikerny 03,LK-5216
LK-5216040,Chalambaikerny 04,LK-5216
LK-5216045,Chalambaikerny 05,LK-5216
LK-5216050,Chalambaikerny 01,LK-5216
LK-5216055,Chalambaikerny 02,LK-5216
LK-5216060,Sorikalmunai 03,LK-5216
LK-5216065,Sorikalmunai 01,LK-5216
LK-5216070,Sorikalmunai 02,LK-5216
LK-5216075,Chavalakade,LK-5216
LK-5216080,Navithanveli 02,LK-5216
LK-5216085,Annamalai 03,LK-5216
LK-5216090,Annamalai 02,LK-5216
LK-5216095,Navithanveli 01,LK-5216
LK-5216100,Annamalai 01,LK-5216
LK-5218005,Veeramunai 04,LK-5218
LK-5218010,Sammanthurai 08,LK-5218
LK-5218015,Sammanthurai 06,LK-5218
LK-5218020,Sammanthurai Tamil Division 01,LK-5218
LK-5218025,Sammanthurai Tamil Division 04,LK-5218
LK-5218030,Sammanthurai Tamil Division 02,LK-5218
LK-5218035,Sammanthurai 01,LK-5218
LK-5218040,Sammanthurai 02,LK-5218
LK-5218045,Sammanthurai 05,LK-5218
LK-5218050,Karuwaddukal 01,LK-5218
LK-5218055,Karuwaddukal 03,LK-5218
LK-5218060,Karuwaddukai 02,LK-5218
LK-5218065,Sammanthurai 11,LK-5218
LK-5218070,Sammanthurai 10,LK-5218
LK-5218075,Sammanthurai 09,LK-5218
LK-5218080,Sammanthurai 07,LK-5218
LK-5218085,Sammanthurai 04,LK-5218
LK-5218090,Sammanthurai Tamil Division 03,LK-5218
LK-5218095,Maddakalaputharavai 02,LK-5218
LK-5218100,Maddakalaputharavai 01,LK-5218
LK-5218105,Sammanthurai 03,LK-5218
LK-5218110,Veeramunai 03,LK-5218
LK-5218115,Veeramunai 02,LK-5218
LK-5218120,Veeramunai 01,LK-5218
LK-5218125,Sammanthurai 12,LK-5218
LK-5218130,Malwatte 02,LK-5218
LK-5218135,Block 'J' East 01,LK-5218
LK-5218140,Block 'J' West 02,LK-5218
LK-5218145,Kallarichchel 02,LK-5218
LK-5218150,Block 'J' West 01,LK-5218
LK-5218155,Kallarichchel 03,LK-5218
LK-5218160,Udanga 01,LK-5218
LK-5218165,Udanga02,LK-5218
LK-5218170,Vilinayadi 01,LK-5218
LK-5218175,Sennelgramam 01,LK-5218
LK-5218180,Sennelgramam 02,LK-5218
LK-5218185,Block 'J' East 03,LK-5218
LK-5218190,Block 'J' East 02,LK-5218
LK-5218195,Malayadikiramam 01,LK-5218
LK-5218200,Malayadikiramam 03,LK-5218
LK-5218205,Malwatte 03,LK-5218
LK-5218210,Malwatte 01,LK-5218
LK-5218215,Malkampiddy,LK-5218
LK-5218220,Malayadikiramam 04,LK-5218
LK-5218225,Malayadikiramam 02,LK-5218
LK-5218230,Vilinayadi 02,LK-5218
LK-5218235,Vilinayadi 03,LK-5218
LK-5218240,Kallarichchel 01,LK-5218
LK-5218245,Valathapitty 02,LK-5218
LK-5218250,Valathapitty 01,LK-5218
LK-5218255,Malwatte 04,LK-5218
LK-5221005,Periyaneelavanai  01B,LK-5221
LK-5221010,Periyaneelavanai  01A,LK-5221
LK-5221015,Periyaneelavanai  01,LK-5221
LK-5221020,Periyaneelavanai  02,LK-5221
LK-5221025,Chenaikudiyiruppu 01A,LK-5221
LK-5221030,Pandiruppu 01,LK-5221
LK-5221035,Pandiruppu 01B,LK-5221
LK-5221040,Pandiruppu 01C,LK-5221
LK-5221045,Pandiruppu 01A,LK-5221
LK-5221050,Pandiruppu 02,LK-5221
LK-5221055,Pandiruppu 02B,LK-5221
LK-5221060,Pandiruppu 02C,LK-5221
LK-5221065,Pandiruppu 02A,LK-5221
LK-5221070,Kalmunai  01D,LK-5221
LK-5221075,Kalmunai  01B,LK-5221
LK-5221080,Kalmunai  01A,LK-5221
LK-5221085,Kalmunai  01,LK-5221
LK-5221090,Natpiddimunai (T.P ) 03,LK-5221
LK-5221095,Natpiddimunai (T.P ) 02,LK-5221
LK-5221100,Natpiddimunai (T.P ) 01,LK-5221
LK-5221105,Chenaikudiyiruppu 01B,LK-5221
LK-5221110,Chenaikudiyiruppu 01,LK-5221
LK-5221115,Kalmunai  01C,LK-5221
LK-5221120,Kalmunai  01E,LK-5221
LK-5221125,Kalmunai  02B,LK-5221
LK-5221130,Kalmunai  02A,LK-5221
LK-5221135,Kalmunai  02,LK-5221
LK-5221140,Kalmunai  03,LK-5221
LK-5221145,Kalmunai  03A,LK-5221
LK-5224005,Periyaneelavanai  Muslim Section,LK-5224
LK-5224010,Periyaneelavanai  Muslim Section,LK-5224
LK-5224015,Maruthamunai 01,LK-5224
LK-5224020,Maruthamunai 02,LK-5224
LK-5224025,Maruthamunai 03,LK-5224
LK-5224030,Maruthamunai 04,LK-5224
LK-5224035,Maruthamunai 05,LK-5224
LK-5224040,Maruthamunai 06,LK-5224
LK-5224045,Natpiddimunai (M.P ) 03,LK-5224
LK-5224050,Natpiddimunai (M.P ) 02,LK-5224
LK-5224055,Natpiddimunai (M.P ) 01,LK-5224
LK-5224060,Natpiddimunai (M.P ) 05,LK-5224
LK-5224065,Natpiddimunai (M.P ) 04,LK-5224
LK-5224070,Islamabad & kalmunai Town,LK-5224
LK-5224075,Kalmunai Muslim Section,LK-5224
LK-5224080,Kalmunaikudi 01,LK-5224
LK-5224085,Kalmunaikudi 03,LK-5224
LK-5224090,Kalmunaikudi 02,LK-5224
LK-5224095,Kalmunaikudi 04,LK-5224
LK-5224100,Kalmunaikudi 05,LK-5224
LK-5224105,Kalmunaikudi 06,LK-5224
LK-5224110,Kalmunaikudi 08,LK-5224
LK-5224115,Kalmunaikudi 09,LK-5224
LK-5224120,Kalmunaikudi 07,LK-5224
LK-5224125,Kalmunaikudi 10,LK-5224
LK-5224130,Kalmunaikudi 11,LK-5224
LK-5224135,Kalmunaikudi 12,LK-5224
LK-5224140,Kalmunaikudi 13,LK-5224
LK-5224145,Kalmunaikudi 14,LK-5224
LK-5225005,Sainthamaruthu 01,LK-5225
LK-5225010,Sainthamaruthu 02,LK-5225
LK-5225015,Sainthamaruthu 03,LK-5225
LK-5225020,Sainthamaruthu 04,LK-5225
LK-5225025,Sainthamaruthu 05,LK-5225
LK-5225030,Sainthamaruthu 06,LK-5225
LK-5225035,Sainthamaruthu 07,LK-5225
LK-5225040,Sainthamaruthu 08,LK-5225
LK-5225045,Sainthamaruthu 09,LK-5225
LK-5225050,Sainthamaruthu 10,LK-5225
LK-5225055,Sainthamaruthu 11,LK-5225
LK-5225060,Sainthamaruthu 13,LK-5225
LK-5225065,Sainthamaruthu 12,LK-5225
LK-5225070,Sainthamaruthu 17,LK-5225
LK-5225075,Sainthamaruthu 14,LK-5225
LK-5225080,Sainthamaruthu 15,LK-5225
LK-5225085,Sainthamaruthu 16,LK-5225
LK-5227005,Mavadipalli West,LK-5227
LK-5227010,Mavadipalli East,LK-5227
LK-5227015,Maligaikadu West,LK-5227
LK-5227020,Maligaikadu Central,LK-5227
LK-5227025,Maligaikadu East,LK-5227
LK-5227030,Karaitheevu 03,LK-5227
LK-5227035,Karaitheevu 02,LK-5227
LK-5227040,Karaitheevu 01,LK-5227
LK-5227045,Karaitheevu 06,LK-5227
LK-5227050,Karaitheevu 05,LK-5227
LK-5227055,Karaitheevu 04,LK-5227
LK-5227060,Karaitheevu 08,LK-5227
LK-5227065,Karaitheevu 07,LK-5227
LK-5227070,Karaitheevu 10,LK-5227
LK-5227075,Karaitheevu 09,LK-5227
LK-5227080,Karaitheevu 11,LK-5227
LK-5227085,Karaitheevu 12,LK-5227
LK-5230005,Ninthavur 24,LK-5230
LK-5230010,Ninthavur 11,LK-5230
LK-5230015,Ninthavur 12,LK-5230
LK-5230020,Ninthavur 01,LK-5230
LK-5230025,Ninthavur 02,LK-5230
LK-5230030,Ninthavur 13,LK-5230
LK-5230035,Ninthavur 14,LK-5230
LK-5230040,Ninthavur 15,LK-5230
LK-5230045,Ninthavur 03,LK-5230
LK-5230050,Ninthavur 04,LK-5230
LK-5230055,Ninthavur 16,LK-5230
LK-5230060,Ninthavur 17,LK-5230
LK-5230065,Ninthavur 18,LK-5230
LK-5230070,Ninthavur 05,LK-5230
LK-5230075,Ninthavur 06,LK-5230
LK-5230080,Ninthavur 19,LK-5230
LK-5230085,Ninthavur 25,LK-5230
LK-5230090,Ninthavur 20,LK-5230
LK-5230095,Ninthavur 07,LK-5230
LK-5230100,Ninthavur 08,LK-5230
LK-5230105,Ninthavur 21,LK-5230
LK-5230110,Ninthavur 22,LK-5230
LK-5230115,Ninthavur 09,LK-5230
LK-5230120,Ninthavur 10,LK-5230
LK-5230125,Ninthavur 23,LK-5230
LK-5233005,Deeghawapiya 01,LK-5233
LK-5233010,Oluvil 01,LK-5233
LK-5233015,Oluvil 04,LK-5233
LK-5233020,Oluvil 06,LK-5233
LK-5233025,Oluvil 05,LK-5233
LK-5233030,Oluvil 03,LK-5233
LK-5233035,Oluvil 02,LK-5233
LK-5233040,Palamuna 06,LK-5233
LK-5233045,Oluvil 07,LK-5233
LK-5233050,Palamuna 02,LK-5233
LK-5233055,Palamuna 01,LK-5233
LK-5233060,Palamuna 03,LK-5233
LK-5233065,Palamuna 04,LK-5233
LK-5233070,Palamuna 05,LK-5233
LK-5233075,Addalachchenai 02,LK-5233
LK-5233080,Addalachchenai 09,LK-5233
LK-5233085,Addalachchenai 10,LK-5233
LK-5233090,Addalachchenai 08,LK-5233
LK-5233095,Addalachchenai 06,LK-5233
LK-5233100,Addalachchenai 01,LK-5233
LK-5233105,Addalachchenai 11,LK-5233
LK-5233110,Addalachchenai 03,LK-5233
LK-5233115,Addalachchenai 07,LK-5233
LK-5233120,Addalachchenai 12,LK-5233
LK-5233125,Addalachchenai 14,LK-5233
LK-5233130,Addalachchenai 13,LK-5233
LK-5233135,Addalachchenai 04,LK-5233
LK-5233140,Addalachchenai 15,LK-5233
LK-5233145,Addalachchenai 16,LK-5233
LK-5233150,Addalachchenai 05,LK-5233
LK-5233155,Addalachchenai 17,LK-5233
LK-5233160,Deeghawapiya 02,LK-5233
LK-5234005,Irakkamam 07,LK-5234
LK-5234010,Varipathanchenai 01,LK-5234
LK-5234015,Irakkamam 02,LK-5234
LK-5234020,Irakkamam 08,LK-5234
LK-5234025,Irakkamam 09,LK-5234
LK-5234030,Irakkamam 06,LK-5234
LK-5234035,Irakkamam 01,LK-5234
LK-5234040,Irakkamam 03,LK-5234
LK-5234045,Varipathanchenai 03,LK-5234
LK-5234050,Irakkamam 05,LK-5234
LK-5234055,Irakkamam 04,LK-5234
LK-5234060,Varipathanchenai 02,LK-5234
LK-5236005,Alim Nagar,LK-5236
LK-5236010,Easankanichcheemai,LK-5236
LK-5236015,Pallikudiyiruppu 02,LK-5236
LK-5236020,Paddyadippiddy,LK-5236
LK-5236025,Akkaraipattu 06,LK-5236
LK-5236030,Akkaraipattu 05,LK-5236
LK-5236035,Akkaraipattu 04,LK-5236
LK-5236040,Akkaraipattu 16,LK-5236
LK-5236045,Akkaraipattu 15,LK-5236
LK-5236050,Akkaraipattu 14,LK-5236
LK-5236055,Akkaraipattu 13,LK-5236
LK-5236060,Akkaraipattu 12,LK-5236
LK-5236065,Akkaraipattu 11,LK-5236
LK-5236070,Akkaraipattu 01,LK-5236
LK-5236075,Town Division 03,LK-5236
LK-5236080,Akkaraipattu 10,LK-5236
LK-5236085,Town Division 02,LK-5236
LK-5236090,Akkaraipattu 02,LK-5236
LK-5236095,Akkaraipattu 03,LK-5236
LK-5236100,Akkaraipattu 17,LK-5236
LK-5236105,Akkaraipattu 18,LK-5236
LK-5236110,Akkaraipattu 20,LK-5236
LK-5236115,Akkaraipattu 21,LK-5236
LK-5236120,pallikudiyiruppu 01,LK-5236
LK-5236125,Akkaraipattu 19,LK-5236
LK-5236130,Town Division 01,LK-5236
LK-5236135,Town Division 05,LK-5236
LK-5236140,Town Division 04,LK-5236
LK-5239005,Akkaraipattu 8/1,LK-5239
LK-5239010,Akkaraipattu 9,LK-5239
LK-5239015,Akkaraipattu 8/3,LK-5239
LK-5239020,Akkaraipattu 8/2,LK-5239
LK-5239025,Akkaraipattu 7/1,LK-5239
LK-5239030,Akkaraipattu 7/2,LK-5239
LK-5239035,Vachchikuda,LK-5239
LK-5239040,Kannahikiramam 01,LK-5239
LK-5239045,Aligambai,LK-5239
LK-5239050,Akkaraipattu 7/4,LK-5239
LK-5239055,Akkaraipattu 7/3,LK-5239
LK-5239060,Akkaraipattu 7,LK-5239
LK-5239065,Akkaraipattu 8,LK-5239
LK-5239070,Sinnamugathuwaram,LK-5239
LK-5239075,Kolavil 03,LK-5239
LK-5239080,Navatkadu,LK-5239
LK-5239085,Kolavil 02,LK-5239
LK-5239090,Kolavil 01,LK-5239
LK-5239095,Panankadu,LK-5239
LK-5239100,Sinna Panankadu,LK-5239
LK-5239105,Kannahikiramam 02,LK-5239
LK-5239110,Alayadivembu,LK-5239
LK-5242005,Keenawatta,LK-5242
LK-5242010,Muwangala,LK-5242
LK-5242015,Galmaduwa,LK-5242
LK-5242020,Uksiripura,LK-5242
LK-5242025,Helagampura,LK-5242
LK-5242030,Karalewa,LK-5242
LK-5242035,Hingurana,LK-5242
LK-5242040,Diviyagala,LK-5242
LK-5242045,Padagoda,LK-5242
LK-5242050,Pahalalanda,LK-5242
LK-5242055,Hindakalugama,LK-5242
LK-5242060,Kalugolla,LK-5242
LK-5242065,Dewalahida,LK-5242
LK-5242070,Koknahara,LK-5242
LK-5242075,Moragahapallama,LK-5242
LK-5242080,Damana,LK-5242
LK-5242085,Alahena,LK-5242
LK-5242090,Madawalalanda,LK-5242
LK-5242095,Madana,LK-5242
LK-5242100,Ekgaloya,LK-5242
LK-5242105,Kethsirigama,LK-5242
LK-5242110,Galkanda,LK-5242
LK-5242115,Pallanoya,LK-5242
LK-5242120,Kivulegama,LK-5242
LK-5242125,Thimbirigolla,LK-5242
LK-5242130,Ambalanoya,LK-5242
LK-5242135,Veheragala,LK-5242
LK-5242140,18A Janapadaya,LK-5242
LK-5242145,Thottama,LK-5242
LK-5242150,Kumana,LK-5242
LK-5242155,Wadinagala,LK-5242
LK-5242160,Pannalgama,LK-5242
LK-5242165,Bakmitiyawa,LK-5242
LK-5245005,Thambiluvil 2,LK-5245
LK-5245010,Thambiluvil 1,LK-5245
LK-5245015,Thambiluvil 1 West,LK-5245
LK-5245020,Thambiluvil 1 East,LK-5245
LK-5245025,Thambiluvil 1 South,LK-5245
LK-5245030,Sangamam,LK-5245
LK-5245035,Thambiluvil 2 West,LK-5245
LK-5245040,Thambiluvil 2 North,LK-5245
LK-5245045,Thambiluvil 2 East,LK-5245
LK-5245050,Thirukkovil 3,LK-5245
LK-5245055,Thirukkovil 1,LK-5245
LK-5245060,Thirukkovil 2,LK-5245
LK-5245065,Vinayagapuram 4,LK-5245
LK-5245070,Vinayagapuram 1,LK-5245
LK-5245075,Vinayagapuram 2,LK-5245
LK-5245080,Thirukkovil 4,LK-5245
LK-5245085,Kanchirankuda,LK-5245
LK-5245090,Kanchikudicharu,LK-5245
LK-5245095,Vinayagapuram 3,LK-5245
LK-5245100,Sangamangramam,LK-5245
LK-5245105,Thandiyadi,LK-5245
LK-5245110,Thangavelayudapuram,LK-5245
LK-5248005,Sangaman Kandy,LK-5248
LK-5248010,Sinna Ullai,LK-5248
LK-5248015,Sinna Puthukkudiyiruppu,LK-5248
LK-5248020,Victor Estate 2,LK-5248
LK-5248025,Vaddively,LK-5248
LK-5248030,Victor Estate 1,LK-5248
LK-5248035,Rasak Moulana Nagar,LK-5248
LK-5248040,Sarvodayapuram,LK-5248
LK-5248045,Pothuvil 08 / Unit 2,LK-5248
LK-5248050,Kundumadu,LK-5248
LK-5248055,Pothuvil 01/ Unit 2,LK-5248
LK-5248060,Pakkiyawatta 2,LK-5248
LK-5248065,Pasarichchenai,LK-5248
LK-5248070,Pothuvil Town,LK-5248
LK-5248075,Pakkiyawatta 1,LK-5248
LK-5248080,Komarie 02,LK-5248
LK-5248085,Komarie 01,LK-5248
LK-5248090,Kalappukaddu,LK-5248
LK-5248095,Jalaldeen Square,LK-5248
LK-5248100,Hidayapuram 2,LK-5248
LK-5248105,Hidayapuram 1,LK-5248
LK-5248110,Kanagarkiramam,LK-5248
LK-5248115,Hijra Nagar,LK-5248
LK-5248120,Pothuvil 01 / Unit 1,LK-5248
LK-5248125,pothuvil 01/ Unit 3,LK-5248
LK-5248130,Inspector Etham,LK-5248
LK-5248135,Pothuvil 02 / Unit 2,LK-5248
LK-5251005,Kandahindagama,LK-5251
LK-5251010,Hulannugee West,LK-5251
LK-5251015,Hulannuge,LK-5251
LK-5251020,Perani Lahugala,LK-5251
LK-5251025,Lahugala,LK-5251
LK-5251030,Dewalagoda,LK-5251
LK-5251035,Pansalgoda,LK-5251
LK-5251040,Panama West,LK-5251
LK-5251045,Shasthrawela,LK-5251
LK-5251050,Panama Central,LK-5251
LK-5251055,Panama North,LK-5251
LK-5251060,Panama South,LK-5251
LK-5303005,Seva Janapadaya,LK-5303
LK-5303010,Gemunupura,LK-5303
LK-5303015,Kawanthissapura,LK-5303
LK-5303020,Lassanagama,LK-5303
LK-5303025,Singhapura,LK-5303
LK-5303030,Parana Madawachchiya,LK-5303
LK-5303035,Samanpura,LK-5303
LK-5303040,Sri Thissapura,LK-5303
LK-5303045,Sri Pura,LK-5303
LK-5303050,Jayanthiwewa,LK-5303
LK-5306005,Thennaimaravady,LK-5306
LK-5306010,Pulmoddai Division No 03,LK-5306
LK-5306015,Pulmoddai Division No 02,LK-5306
LK-5306020,Pulmoddai Division No 01,LK-5306
LK-5306025,Pulmoddai Division No 04,LK-5306
LK-5306030,Thiriyai,LK-5306
LK-5306035,Senthoor,LK-5306
LK-5306040,Kaddukulam,LK-5306
LK-5306045,Kallampattai,LK-5306
LK-5306050,Kuchchaveli,LK-5306
LK-5306055,Iranaikerni,LK-5306
LK-5306060,Veerancholai,LK-5306
LK-5306065,Jayanagar,LK-5306
LK-5306070,Cassimnagar,LK-5306
LK-5306075,Kumbrupiddy South,LK-5306
LK-5306080,Kumbrupiddy North,LK-5306
LK-5306085,Kumbrupiddy East,LK-5306
LK-5306090,Nilaveli,LK-5306
LK-5306095,Irakkandy,LK-5306
LK-5306100,Gopalapuram,LK-5306
LK-5306105,Veloor,LK-5306
LK-5306110,Iqbalnagar,LK-5306
LK-5306115,Periyakulam,LK-5306
LK-5306120,Valayoothu,LK-5306
LK-5309005,Gomarankadawala,LK-5309
LK-5309010,Kalyanapura,LK-5309
LK-5309015,Galkadawala,LK-5309
LK-5309020,Pamburugaswewa,LK-5309
LK-5309025,Kandamalawa,LK-5309
LK-5309030,Madawachchiya,LK-5309
LK-5309035,Kivulakadawala,LK-5309
LK-5309040,Pulikandikulama,LK-5309
LK-5309045,Mailawewa,LK-5309
LK-5309050,Bakmeegama,LK-5309
LK-5312005,Peniketiyawa,LK-5312
LK-5312010,Mahadivulwewa Stage I,LK-5312
LK-5312015,Mahadivulwewa Stage II,LK-5312
LK-5312020,Nochchikulama,LK-5312
LK-5312025,Morawewa South,LK-5312
LK-5312030,Morawewa North,LK-5312
LK-5312035,Awvainagar,LK-5312
LK-5312040,Namalwatta,LK-5312
LK-5312045,Kithuluthuwa,LK-5312
LK-5312050,Pankulama,LK-5312
LK-5315005,Wilgama,LK-5315
LK-5315010,Welveri,LK-5315
LK-5315015,Kanniya,LK-5315
LK-5315020,Eluppaikulam,LK-5315
LK-5315025,Sampalthivu,LK-5315
LK-5315030,Salli,LK-5315
LK-5315035,Uppuveli,LK-5315
LK-5315040,Puliyankulam,LK-5315
LK-5315045,Varothayanagar,LK-5315
LK-5315050,Peeliyady,LK-5315
LK-5315055,Mankaiyoottu,LK-5315
LK-5315060,Andankulama,LK-5315
LK-5315065,Singhapura,LK-5315
LK-5315070,Kovilady,LK-5315
LK-5315075,Palaiyoottu,LK-5315
LK-5315080,Abayapura,LK-5315
LK-5315085,Anpuvalipuram,LK-5315
LK-5315090,Mihindupura,LK-5315
LK-5315095,Selvanayahapuram,LK-5315
LK-5315100,Jinnanagar,LK-5315
LK-5315105,Murugapuri,LK-5315
LK-5315110,Thirukadaloor,LK-5315
LK-5315115,Pattanatheru,LK-5315
LK-5315120,Peruntheru,LK-5315
LK-5315125,Sivapuri,LK-5315
LK-5315130,Linganagar,LK-5315
LK-5315135,Mudcove,LK-5315
LK-5315140,Poompuhar,LK-5315
LK-5315145,Sumedhankarapura,LK-5315
LK-5315150,Muththunagar,LK-5315
LK-5315155,Kappalthurai,LK-5315
LK-5315160,Kavaddikkuda,LK-5315
LK-5315165,Nachchikuda,LK-5315
LK-5315170,Wellaimanal,LK-5315
LK-5315175,Chaina Bay,LK-5315
LK-5315180,Orr's Hill,LK-5315
LK-5315185,Thillainagar,LK-5315
LK-5315190,Arasadi,LK-5315
LK-5315195,Manayaweli,LK-5315
LK-5315200,Sonagavadi,LK-5315
LK-5315205,Arunagirinagar,LK-5315
LK-5315210,Villundy,LK-5315
LK-5318005,Galmetiyawa North,LK-5318
LK-5318010,Palampeddaru,LK-5318
LK-5318015,Puthukudiyirippu,LK-5318
LK-5318020,Pokkuruni,LK-5318
LK-5318025,Meeranagar,LK-5318
LK-5318030,Siraj Nagar,LK-5318
LK-5318035,Kovil Kudiyiruppu,LK-5318
LK-5318040,Thambalagamuwa,LK-5318
LK-5318045,Mollipothana North,LK-5318
LK-5318050,Galmetiyawa South,LK-5318
LK-5318055,Mullipothana,LK-5318
LK-5318060,Mollipothana East,LK-5318
LK-5321005,Vendrasanpura Unit 16,LK-5321
LK-5321010,Ganthalawa Unit 12,LK-5321
LK-5321015,Ganthalawa Unit 11,LK-5321
LK-5321020,Wanela East,LK-5321
LK-5321025,Wanela  West,LK-5321
LK-5321030,Pansalgodella,LK-5321
LK-5321035,Sooriyapura,LK-5321
LK-5321040,Jayanthipura,LK-5321
LK-5321045,Rajaela Unit 04,LK-5321
LK-5321050,Rajaela unit 05,LK-5321
LK-5321055,Vendrasanpura Unit 15,LK-5321
LK-5321060,Vendrasanpura Unit 14,LK-5321
LK-5321065,Bhathiyagama,LK-5321
LK-5321070,Rajaela Unit 03,LK-5321
LK-5321075,Peraru Unit 02,LK-5321
LK-5321080,Peraru East,LK-5321
LK-5321085,Peraru West,LK-5321
LK-5321090,Kanthalai Town South,LK-5321
LK-5321095,Kanthalai Town,LK-5321
LK-5321100,Agbopura,LK-5321
LK-5321105,Batukachchiya,LK-5321
LK-5321110,Rajawewa,LK-5321
LK-5321115,Seenipura,LK-5321
LK-5324005,Munaichenai,LK-5324
LK-5324010,Maniarasankulam,LK-5324
LK-5324015,Mancholai,LK-5324
LK-5324020,Malinthurai,LK-5324
LK-5324025,Majeed Nagar,LK-5324
LK-5324030,Maharoof Gramam,LK-5324
LK-5324035,Maharuf Nagar,LK-5324
LK-5324040,Ayiliyady,LK-5324
LK-5324045,Annal Nagar,LK-5324
LK-5324050,Alankerny,LK-5324
LK-5324055,Ehuthar  Nagar,LK-5324
LK-5324060,Echchanthivu,LK-5324
LK-5324065,Kuddikarachchi,LK-5324
LK-5324070,kurinchakerny,LK-5324
LK-5324075,Mancholaichenai,LK-5324
LK-5324080,Nadoottu,LK-5324
LK-5324085,Naduthivu,LK-5324
LK-5324090,Periya Kinniya,LK-5324
LK-5324095,Periyaththumunai,LK-5324
LK-5324100,Poovarasanthivu,LK-5324
LK-5324105,Kinniya,LK-5324
LK-5324110,Idiman,LK-5324
LK-5324115,Faizal Nagar,LK-5324
LK-5324120,Kachchakodthivu,LK-5324
LK-5324125,Kattaiaru,LK-5324
LK-5324130,Kakamunai,LK-5324
LK-5324135,Rahumaniya Nagar,LK-5324
LK-5324140,Samavechchativu,LK-5324
LK-5324145,Sinna Kinniya,LK-5324
LK-5324150,Soorangal,LK-5324
LK-5324155,Upparu,LK-5324
LK-5327005,Sampoor West,LK-5327
LK-5327010,Koonitivu,LK-5327
LK-5327015,Navarathnapuram,LK-5327
LK-5327020,Sampoor East,LK-5327
LK-5327025,Kadarkaraichenai,LK-5327
LK-5327030,Kaddaiparichchan North,LK-5327
LK-5327035,Thaqwa Nagar,LK-5327
LK-5327040,Muttur East,LK-5327
LK-5327045,Naduthivu,LK-5327
LK-5327050,Thaha Nagar,LK-5327
LK-5327055,Muttur Central,LK-5327
LK-5327060,Muttur West,LK-5327
LK-5327065,Ralkully,LK-5327
LK-5327070,Shaffi Nagar,LK-5327
LK-5327075,Periyapalam,LK-5327
LK-5327080,Jayanagar,LK-5327
LK-5327085,Alimnagar,LK-5327
LK-5327090,Anaichenai,LK-5327
LK-5327095,Neithal Nagar,LK-5327
LK-5327100,Palanagar,LK-5327
LK-5327105,Kaddaiparichchan South,LK-5327
LK-5327110,Pallikkudiyiruppu,LK-5327
LK-5327115,Chenaiyoor,LK-5327
LK-5327120,Paddalipuram,LK-5327
LK-5327125,Nalloor,LK-5327
LK-5327130,Iqbal Nagar,LK-5327
LK-5327135,Allainagar East,LK-5327
LK-5327140,Allainagar West,LK-5327
LK-5327145,Thoppur,LK-5327
LK-5327150,Palathoppur,LK-5327
LK-5327155,Jinna Nagar,LK-5327
LK-5327160,Iruthayapuram,LK-5327
LK-5327165,Peruveli,LK-5327
LK-5327170,Mallikaithivu,LK-5327
LK-5327175,Paddithidal,LK-5327
LK-5327180,Palathadichenai,LK-5327
LK-5327185,Jinna Nagar,LK-5327
LK-5327190,Assathnagar,LK-5327
LK-5327195,Barathipuram,LK-5327
LK-5327200,Kiliveddi,LK-5327
LK-5327205,Mengamam,LK-5327
LK-5327210,Kanguvely,LK-5327
LK-5330005,Neelapola,LK-5330
LK-5330010,Samagipura,LK-5330
LK-5330015,Sivapuram,LK-5330
LK-5330020,Dehiwatta,LK-5330
LK-5330025,Thanganagar,LK-5330
LK-5330030,Kavanthissapura,LK-5330
LK-5330035,Seruvila,LK-5330
LK-5330040,Navatkernikadu,LK-5330
LK-5330045,Sumedhankarapura,LK-5330
LK-5330050,Mahindapura,LK-5330
LK-5330055,Serunuwara,LK-5330
LK-5330060,Mahaweligama,LK-5330
LK-5330065,Lingapuram,LK-5330
LK-5330070,Ariyamankerni,LK-5330
LK-5330075,Sirimangalapura,LK-5330
LK-5330080,Somapura,LK-5330
LK-5333005,Ilangaithurai,LK-5333
LK-5333010,Ilangaithurai Mugathuvaram,LK-5333
LK-5333015,Karukkamunai,LK-5333
LK-5333020,Poonagar,LK-5333
LK-5333025,Poomarathadichenai,LK-5333
LK-5333030,Eachchilampattu,LK-5333
LK-5333035,Verugal,LK-5333
LK-5333040,Anaitheevu,LK-5333
LK-5333045,Verugal Mugathuvaram,LK-5333
LK-5333050,Uppooral,LK-5333
LK-6103005,Jayanthipura,LK-6103
LK-6103010,Bambare,LK-6103
LK-6103015,Sandagala Palatha,LK-6103
LK-6103020,Perakumpura,LK-6103
LK-6103025,Solepura,LK-6103
LK-6103030,Halmillagala,LK-6103
LK-6103035,Thimbiripokuna,LK-6103
LK-6103040,Serasumgala,LK-6103
LK-6103045,Kokmaduwa,LK-6103
LK-6103050,Orugala,LK-6103
LK-6103055,Mahasenpura,LK-6103
LK-6103060,Weerapokuna,LK-6103
LK-6103065,Hasthirajapura,LK-6103
LK-6103070,Thammitagama,LK-6103
LK-6103075,Damsopura,LK-6103
LK-6103080,Solewewa,LK-6103
LK-6103085,Pathane Wewa,LK-6103
LK-6103090,Abhayapura,LK-6103
LK-6103095,Sangabopura,LK-6103
LK-6103100,Gurulupitigama,LK-6103
LK-6103105,Warawewa,LK-6103
LK-6103110,Pothana,LK-6103
LK-6103115,Pahala Giribawa,LK-6103
LK-6103120,Ihala Giribawa,LK-6103
LK-6103125,Weragala,LK-6103
LK-6103130,Ihala Maradankadawala,LK-6103
LK-6103135,Hettiarachchigama,LK-6103
LK-6103140,Gampola,LK-6103
LK-6103145,Aliyawetunawewa,LK-6103
LK-6103150,Thambutta,LK-6103
LK-6103155,Thammennawa,LK-6103
LK-6103160,Mailewa,LK-6103
LK-6103165,Madige,LK-6103
LK-6103170,Wannikudawewa,LK-6103
LK-6103175,Sangappalaya,LK-6103
LK-6106005,Medagama,LK-6106
LK-6106010,Walagambapura,LK-6106
LK-6106015,Gemunupura,LK-6106
LK-6106020,Ethiniwetunugala,LK-6106
LK-6106025,Thissapura,LK-6106
LK-6106030,Medagama East,LK-6106
LK-6106035,Senarathgama,LK-6106
LK-6106040,Kumbukwewa,LK-6106
LK-6106045,Mahagalkadawala,LK-6106
LK-6106050,Usgala Siyambalagamuwa,LK-6106
LK-6106055,Kepela,LK-6106
LK-6106060,Bandaragama,LK-6106
LK-6106065,Ganangamuwa,LK-6106
LK-6106070,Padavigama,LK-6106
LK-6106075,Meegalewa,LK-6106
LK-6106080,Lassanagama,LK-6106
LK-6106085,Track 4 Usgala,LK-6106
LK-6106090,Jayalanda,LK-6106
LK-6106095,Padipanchawa,LK-6106
LK-6106100,Buduruwakanda,LK-6106
LK-6106105,Kallanchiya,LK-6106
LK-6106110,Molewa,LK-6106
LK-6106115,Nochchiya,LK-6106
LK-6106120,Kohombankulama,LK-6106
LK-6106125,Ihala Nanneriya,LK-6106
LK-6106130,Ihalagama,LK-6106
LK-6106135,Ihala Palukandewa,LK-6106
LK-6106140,Pahala Palukandewa,LK-6106
LK-6106145,Monnankulama,LK-6106
LK-6106150,Divullewa,LK-6106
LK-6106155,Kurundankulama,LK-6106
LK-6106160,Kelegama,LK-6106
LK-6106165,Siyambalewa,LK-6106
LK-6106170,Walaswewa,LK-6106
LK-6106175,Porottukadawala,LK-6106
LK-6106180,Bulnewa,LK-6106
LK-6106185,Ulpathagama,LK-6106
LK-6106190,Kokwewa,LK-6106
LK-6106195,Mahagalgamuwa,LK-6106
LK-6106200,Galgamuwa Town,LK-6106
LK-6106205,Aluthherathgama,LK-6106
LK-6106210,Mottapettewa,LK-6106
LK-6106215,Karuwalagaswewa,LK-6106
LK-6106220,Jayabima,LK-6106
LK-6106225,Palugolla,LK-6106
LK-6106230,Mahananneriya North,LK-6106
LK-6106235,Mahananneriya South,LK-6106
LK-6106240,Wewaranawetiya,LK-6106
LK-6106245,Nallachchiya,LK-6106
LK-6106250,Medawachchiya,LK-6106
LK-6106255,Peddogama,LK-6106
LK-6106260,Katuwewa,LK-6106
LK-6106265,Thorawa,LK-6106
LK-6106270,Nahettikulama,LK-6106
LK-6106275,Wadugama,LK-6106
LK-6106280,Konwewa,LK-6106
LK-6106285,Kattakaduwa,LK-6106
LK-6106290,Ganedivulwewa,LK-6106
LK-6106295,Wegedara,LK-6106
LK-6106300,Madadombe,LK-6106
LK-6106305,Kurundewa,LK-6106
LK-6106310,Palukadawala,LK-6106
LK-6109005,Medinnoruwa,LK-6109
LK-6109010,Mahaweli Thenna,LK-6109
LK-6109015,Andarawewa,LK-6109
LK-6109020,Bongama,LK-6109
LK-6109025,Katugampalagama,LK-6109
LK-6109030,Maha Kathnoruwa,LK-6109
LK-6109035,Weliyawa,LK-6109
LK-6109040,Makulewa,LK-6109
LK-6109045,Vikadenigama,LK-6109
LK-6109050,Kuda Kathoruwa,LK-6109
LK-6109055,Wedinigama,LK-6109
LK-6109060,Pothanegama,LK-6109
LK-6109065,Mudiyannegama,LK-6109
LK-6109070,Divulgane,LK-6109
LK-6109075,Ihala Digana,LK-6109
LK-6109080,Nithalawa,LK-6109
LK-6109085,Galapitadigana,LK-6109
LK-6109090,Ethinimole,LK-6109
LK-6109095,Ratnadivulwewa,LK-6109
LK-6109100,Nithogama,LK-6109
LK-6109105,Hiddewa,LK-6109
LK-6109110,Kaduruwewa,LK-6109
LK-6109115,Ihala Embogama,LK-6109
LK-6109120,Maha Embogama,LK-6109
LK-6109125,Ehetuwewa,LK-6109
LK-6109130,Nakolagane,LK-6109
LK-6109135,Veheragodayaya,LK-6109
LK-6109140,Yaddessawa,LK-6109
LK-6109145,Atharagalla,LK-6109
LK-6109150,Gurugoda,LK-6109
LK-6109155,Eriyawa,LK-6109
LK-6109160,Hunugallewa,LK-6109
LK-6109165,Thimbiriyawa,LK-6109
LK-6109170,Walathwewa,LK-6109
LK-6109175,Nabadewa,LK-6109
LK-6112005,Kasikote West,LK-6112
LK-6112010,Kasikote East,LK-6112
LK-6112015,Belungala,LK-6112
LK-6112020,Abakolawewa North,LK-6112
LK-6112025,Amunugama,LK-6112
LK-6112030,Ambanpola North,LK-6112
LK-6112035,Nelumpathwewa,LK-6112
LK-6112040,Maha Divulwewa,LK-6112
LK-6112045,Ranoruwa,LK-6112
LK-6112050,Uda Divulwewa,LK-6112
LK-6112055,Ellabadagama,LK-6112
LK-6112060,Ambanpola South,LK-6112
LK-6112065,Kirimetiyawa,LK-6112
LK-6112070,Abakolawewa South,LK-6112
LK-6112075,Serugoda,LK-6112
LK-6112080,Mediyawa,LK-6112
LK-6112085,Dethawa,LK-6112
LK-6112090,Udangawa,LK-6112
LK-6112095,Waragammana,LK-6112
LK-6112100,Borawewa,LK-6112
LK-6112105,Bakmeewewa,LK-6112
LK-6112110,Walaliya,LK-6112
LK-6112115,Palapathwala,LK-6112
LK-6112120,Kettapahuwa,LK-6112
LK-6112125,Rolawa,LK-6112
LK-6112130,Udagama,LK-6112
LK-6112135,Nekathi Kumbukwewa,LK-6112
LK-6112140,Waduressa,LK-6112
LK-6115005,Palugolla Track 10 A,LK-6115
LK-6115010,Palugolla Track 10 B,LK-6115
LK-6115015,Palu Uswewa,LK-6115
LK-6115020,Kumbukwewa,LK-6115
LK-6115025,Digannewa,LK-6115
LK-6115030,Kelegama,LK-6115
LK-6115035,Digannewatta,LK-6115
LK-6115040,Maha Mithawa,LK-6115
LK-6115045,Aluthgama,LK-6115
LK-6115050,Divullepitiya,LK-6115
LK-6115055,Meewellewa,LK-6115
LK-6115060,Galkadawala,LK-6115
LK-6115065,Elagammillawa,LK-6115
LK-6115070,Yakadapatha,LK-6115
LK-6115075,Kudarawaliya,LK-6115
LK-6115080,Moragolla,LK-6115
LK-6115085,Kuda Mithawa,LK-6115
LK-6115090,Dehennegama,LK-6115
LK-6115095,Ihala Weeradadana,LK-6115
LK-6115100,Monnekulama,LK-6115
LK-6115105,Kotavehera,LK-6115
LK-6115110,Maha Kirinda A,LK-6115
LK-6115115,Maha Kirinda B,LK-6115
LK-6115120,Girilla,LK-6115
LK-6115125,Hidogama,LK-6115
LK-6115130,Sirisethagama,LK-6115
LK-6115135,Nawana,LK-6115
LK-6115140,Nagala,LK-6115
LK-6115145,Ithewa,LK-6115
LK-6115150,Dodangollegama,LK-6115
LK-6115155,Hulawa,LK-6115
LK-6118005,Koralayagama,LK-6118
LK-6118010,Malpanawa,LK-6118
LK-6118015,Abokkagama,LK-6118
LK-6118020,Kanuketiya,LK-6118
LK-6118025,Ambale,LK-6118
LK-6118030,Udunowa,LK-6118
LK-6118035,Galpanawa,LK-6118
LK-6118040,Halambe,LK-6118
LK-6118045,Ottukulama,LK-6118
LK-6118050,Leekolapitiya,LK-6118
LK-6118055,Agara Uda,LK-6118
LK-6118060,Udahenegama,LK-6118
LK-6118065,Rambewa,LK-6118
LK-6118070,Thalakolawewa,LK-6118
LK-6118075,Kanagullewa,LK-6118
LK-6118080,Rasnayakapura,LK-6118
LK-6118085,Kallanchiya,LK-6118
LK-6118090,Kuruvikulama,LK-6118
LK-6118095,Nammuwawa,LK-6118
LK-6118100,Niraliyadda,LK-6118
LK-6118105,Ambagammana,LK-6118
LK-6118110,Unagolla,LK-6118
LK-6118115,Kongaswalayagama,LK-6118
LK-6118120,Divullewa,LK-6118
LK-6118125,Kadigawa Track1,LK-6118
LK-6118130,Kadigawa Track3,LK-6118
LK-6118135,Subhasinghapura,LK-6118
LK-6118140,Magurankadawala,LK-6118
LK-6121005,Thumbulla,LK-6121
LK-6121010,Waduressa,LK-6121
LK-6121015,Olupeliyawa,LK-6121
LK-6121020,Kandegedara,LK-6121
LK-6121025,Hulugalla,LK-6121
LK-6121030,Mawathagama,LK-6121
LK-6121035,Pinnapolegama,LK-6121
LK-6121040,Hulogedara,LK-6121
LK-6121045,Bogollagama,LK-6121
LK-6121050,Dalukgolla,LK-6121
LK-6121055,Ihakolagama,LK-6121
LK-6121060,Karakole,LK-6121
LK-6121065,Hewenpelessa,LK-6121
LK-6121070,Kivulegama,LK-6121
LK-6121075,Nabadewa,LK-6121
LK-6121080,Diyagama,LK-6121
LK-6121085,Hathigammana,LK-6121
LK-6121090,Kaluwennewa,LK-6121
LK-6121095,Heelogama,LK-6121
LK-6121100,Kebellewa,LK-6121
LK-6121105,Budumuttawa,LK-6121
LK-6121110,Galapitiyagama,LK-6121
LK-6121115,Nikaweratiya North,LK-6121
LK-6121120,Thimbiriyawa,LK-6121
LK-6121125,Galagedara,LK-6121
LK-6121130,Randenigama,LK-6121
LK-6121135,Divullegoda,LK-6121
LK-6121140,Siyambalewa,LK-6121
LK-6121145,Wasiwewa,LK-6121
LK-6121150,Kirindigalla,LK-6121
LK-6121155,Othota Divullewa,LK-6121
LK-6121160,Halmillewa,LK-6121
LK-6121165,Katagamuwa,LK-6121
LK-6121170,Kumbukwewa,LK-6121
LK-6121175,Elawaka,LK-6121
LK-6121180,Magallegama,LK-6121
LK-6121185,Millagoda,LK-6121
LK-6121190,Nikaweratiya South,LK-6121
LK-6121195,Viharagama,LK-6121
LK-6121200,Danduwawa,LK-6121
LK-6121205,Pahala Galapitiyagama,LK-6121
LK-6121210,Tharanagolla,LK-6121
LK-6124005,Kohombakadawala,LK-6124
LK-6124010,Ihalagama,LK-6124
LK-6124015,Pahalagama,LK-6124
LK-6124020,Moragaswewa,LK-6124
LK-6124025,Konwewa,LK-6124
LK-6124030,Yaddigama,LK-6124
LK-6124035,Bamunugama,LK-6124
LK-6124040,Kirimetiyawa,LK-6124
LK-6124045,Bakmeegahawatta,LK-6124
LK-6124050,Karuwalagahawatta,LK-6124
LK-6124055,Makaduwawa,LK-6124
LK-6124060,Thumbullegama,LK-6124
LK-6124065,Hithokadawala,LK-6124
LK-6124070,Thambare,LK-6124
LK-6124075,Liyanagama,LK-6124
LK-6124080,Uduweriya,LK-6124
LK-6124085,Maningamuwa,LK-6124
LK-6124090,Ipalogama,LK-6124
LK-6124095,Thammitagama,LK-6124
LK-6124100,Daladagama,LK-6124
LK-6124105,Ullalapola,LK-6124
LK-6124110,Atawarala,LK-6124
LK-6124115,Digana,LK-6124
LK-6124120,Moonamalegama,LK-6124
LK-6124125,Madurugama,LK-6124
LK-6124130,Mahawa West,LK-6124
LK-6124135,Mahawa East,LK-6124
LK-6124140,Nettipalagama,LK-6124
LK-6124145,Divullewa,LK-6124
LK-6124150,Pailigama,LK-6124
LK-6124155,Kattambuwawa,LK-6124
LK-6124160,Deheneggama,LK-6124
LK-6124165,Karambe,LK-6124
LK-6124170,Kandubadagama,LK-6124
LK-6124175,Embogama,LK-6124
LK-6124180,Thalambuwa,LK-6124
LK-6124185,Kumbukwewa,LK-6124
LK-6124190,Kekunawa,LK-6124
LK-6124195,Rekogama,LK-6124
LK-6124200,Imbulgodayagama,LK-6124
LK-6124205,Vilawa,LK-6124
LK-6124210,Kumbukwewa,LK-6124
LK-6124215,Konwewa,LK-6124
LK-6124220,Heenuggala,LK-6124
LK-6124225,Kumbukwewa,LK-6124
LK-6124230,Balalla,LK-6124
LK-6124235,Pahala Balalla,LK-6124
LK-6124240,Thisnampalagama,LK-6124
LK-6124245,Heenukwewa,LK-6124
LK-6124250,Gallewa,LK-6124
LK-6124255,Galewewa,LK-6124
LK-6124260,Kadambawa,LK-6124
LK-6124265,Metiyakgama,LK-6124
LK-6124270,Medagama,LK-6124
LK-6124275,Gala Ambagaswewa,LK-6124
LK-6124280,Rathmale,LK-6124
LK-6124285,Dampitigama,LK-6124
LK-6124290,Nagollagama,LK-6124
LK-6124295,Talagalla,LK-6124
LK-6124300,Panwewa,LK-6124
LK-6124305,Balagollagama,LK-6124
LK-6124310,Ambagaswewa,LK-6124
LK-6124315,Gajaneggama,LK-6124
LK-6124320,Pothuwewa,LK-6124
LK-6124325,Katuwannawa,LK-6124
LK-6124330,Walpaluwa,LK-6124
LK-6124335,Palugaswewa,LK-6124
LK-6124340,Mirihanpitigama,LK-6124
LK-6127005,Kumbukkadawala,LK-6127
LK-6127010,Thaladapitiya,LK-6127
LK-6127015,Thalawa,LK-6127
LK-6127020,Siyambalangamuwa,LK-6127
LK-6127025,Bulnewa,LK-6127
LK-6127030,Kambuwatawana,LK-6127
LK-6127035,Galgiriyawa,LK-6127
LK-6127040,Pohorawatta,LK-6127
LK-6127045,Moragollagama,LK-6127
LK-6127050,Galahitiyagama,LK-6127
LK-6127055,Nikawewa,LK-6127
LK-6127060,Ihala Thimbiriyawa,LK-6127
LK-6127065,Mamunugama,LK-6127
LK-6127070,Pathirennegama,LK-6127
LK-6127075,Saliyagama,LK-6127
LK-6127080,Serugasyaya,LK-6127
LK-6127085,Herathgama,LK-6127
LK-6127090,Dambe,LK-6127
LK-6127095,Kiribamunegama,LK-6127
LK-6127100,Madagalla,LK-6127
LK-6127105,Galagedaragama,LK-6127
LK-6127110,Hathigamuwa,LK-6127
LK-6127115,Amunakole,LK-6127
LK-6127120,Kumbukulawa,LK-6127
LK-6127125,Pallekele,LK-6127
LK-6127130,Pothuvila,LK-6127
LK-6127135,Rekevula,LK-6127
LK-6127140,Bogolla,LK-6127
LK-6127145,Polpithigama,LK-6127
LK-6127150,Mal Asna,LK-6127
LK-6127155,Meegaswewa,LK-6127
LK-6127160,Niyandawanaya,LK-6127
LK-6127165,Hathpokuna,LK-6127
LK-6127170,Thalapathwewa,LK-6127
LK-6127175,Koruwawa,LK-6127
LK-6127180,Galtenwewa,LK-6127
LK-6127185,Balagolla,LK-6127
LK-6127190,Siyambalawewa,LK-6127
LK-6127195,Thalakolawewa,LK-6127
LK-6127200,Elagamuwa,LK-6127
LK-6127205,Halmillawewa,LK-6127
LK-6127210,Imihaminegama,LK-6127
LK-6127215,Angulgamuwa,LK-6127
LK-6127220,Nikawehera,LK-6127
LK-6127225,Kosgaha Ela,LK-6127
LK-6127230,Hakwatunawa,LK-6127
LK-6127235,Rawa Ela,LK-6127
LK-6127240,Dagama,LK-6127
LK-6127245,Indigolla,LK-6127
LK-6127250,Dembatagala,LK-6127
LK-6127255,Galketiyagama,LK-6127
LK-6127260,Bakmeewewa,LK-6127
LK-6127265,Welangolla,LK-6127
LK-6127270,Wanduressa,LK-6127
LK-6127275,Maeliya North,LK-6127
LK-6127280,Agare,LK-6127
LK-6127285,Makulpotha,LK-6127
LK-6127290,Thalwehera,LK-6127
LK-6127295,Welipitiya,LK-6127
LK-6127300,Morotta,LK-6127
LK-6127305,Keralankadawala,LK-6127
LK-6127310,Polgahangoda,LK-6127
LK-6127315,Paragaha Ela,LK-6127
LK-6127320,Medakanda,LK-6127
LK-6127325,Madahapola,LK-6127
LK-6127330,Uthuruwella,LK-6127
LK-6127335,Rambe,LK-6127
LK-6127340,Maeliya South,LK-6127
LK-6127345,Dekaduwala,LK-6127
LK-6127350,Kalugalla,LK-6127
LK-6127355,Ihala Thelambiyawa,LK-6127
LK-6127360,Ambagaswewa,LK-6127
LK-6127365,Thalamalgama,LK-6127
LK-6127370,Kalawana,LK-6127
LK-6127375,Welidalla,LK-6127
LK-6127380,Ponnilawa,LK-6127
LK-6127385,Thambuwa,LK-6127
LK-6127390,Henawa,LK-6127
LK-6127395,Baddegama,LK-6127
LK-6127400,Hangamuwa,LK-6127
LK-6127405,Doraweruwa,LK-6127
LK-6127410,Deegama,LK-6127
LK-6130005,Welgala,LK-6130
LK-6130010,Kimbulwana Oya,LK-6130
LK-6130015,Nelliya,LK-6130
LK-6130020,Diddeniya,LK-6130
LK-6130025,Polkatuwa,LK-6130
LK-6130030,Diggalawatta,LK-6130
LK-6130035,Gurussa,LK-6130
LK-6130040,Omaragolla,LK-6130
LK-6130045,Panliyadda,LK-6130
LK-6130050,Nabeta,LK-6130
LK-6130055,Ussawa,LK-6130
LK-6130060,Neerammulla,LK-6130
LK-6130065,Dewagiriya,LK-6130
LK-6130070,Katupotha,LK-6130
LK-6130075,Kimbulwana Oya Unit 3,LK-6130
LK-6130080,Hipawwa,LK-6130
LK-6130085,Thammita,LK-6130
LK-6130090,Thihawa,LK-6130
LK-6130095,Ganegoda,LK-6130
LK-6130100,Lenawa,LK-6130
LK-6130105,Bandipola,LK-6130
LK-6130110,Pitipahamuna,LK-6130
LK-6130115,Medamulla,LK-6130
LK-6130120,Diyathure,LK-6130
LK-6130125,Megodadiyathure,LK-6130
LK-6130130,Ragedara,LK-6130
LK-6130135,Kendawala,LK-6130
LK-6130140,Mahagama,LK-6130
LK-6130145,Puswellegama,LK-6130
LK-6130150,Karandagolla,LK-6130
LK-6130155,Kahatawela,LK-6130
LK-6130160,Neketta,LK-6130
LK-6130165,Godarathmale,LK-6130
LK-6130170,Pudukkulama,LK-6130
LK-6130175,Manapaya,LK-6130
LK-6130180,Doluwa,LK-6130
LK-6130185,Wewalagama,LK-6130
LK-6130190,Deeyawa,LK-6130
LK-6130195,Aragama,LK-6130
LK-6130200,Nindapella,LK-6130
LK-6130205,Ihala Gokarella,LK-6130
LK-6130210,Medagampola,LK-6130
LK-6130215,Kandegedara,LK-6130
LK-6130220,Ambanpola,LK-6130
LK-6130225,Meddeketiya,LK-6130
LK-6130230,Siyambalawehera,LK-6130
LK-6130235,Daramitipola,LK-6130
LK-6130240,Hiddana,LK-6130
LK-6130245,Godagama,LK-6130
LK-6130250,Kiribamuna,LK-6130
LK-6130255,Periyakadu Nelawa,LK-6130
LK-6130260,Peddawa,LK-6130
LK-6130265,Muruthawa,LK-6130
LK-6130270,Kandulawa,LK-6130
LK-6130275,Ipalawa,LK-6130
LK-6130280,Polgolla,LK-6130
LK-6130285,Udathammita,LK-6130
LK-6130290,Medagedara,LK-6130
LK-6130295,Thalgodapitiya,LK-6130
LK-6130300,Ibbagamuwa,LK-6130
LK-6130305,Dehelgamuwa,LK-6130
LK-6130310,Mahamookalanyaya,LK-6130
LK-6130315,Bogamuwa,LK-6130
LK-6130320,Hangamuwa,LK-6130
LK-6130325,Wadupola,LK-6130
LK-6130330,Pannala,LK-6130
LK-6130335,Udawela,LK-6130
LK-6130340,Kirindigalla,LK-6130
LK-6130345,Henegedara,LK-6130
LK-6130350,Madigedethilianga,LK-6130
LK-6130355,Galketigama,LK-6130
LK-6130360,Bakmeegolla,LK-6130
LK-6130365,Kumbulanga,LK-6130
LK-6130370,Nembilikumbura,LK-6130
LK-6133005,Digankonwewa,LK-6133
LK-6133010,Weragala,LK-6133
LK-6133015,Thimbiriwewa,LK-6133
LK-6133020,Kekulawala,LK-6133
LK-6133025,Divulwewa,LK-6133
LK-6133030,Pothuwagonna,LK-6133
LK-6133035,Kuda Uyangalla,LK-6133
LK-6133040,Uyangalla,LK-6133
LK-6133045,Kalatuwagama,LK-6133
LK-6133050,Aluthgama,LK-6133
LK-6133055,Seerangoda,LK-6133
LK-6133060,Thambagalla,LK-6133
LK-6133065,Pannawa,LK-6133
LK-6133070,Nelawa,LK-6133
LK-6133075,Makulmade,LK-6133
LK-6133080,Neeraviya,LK-6133
LK-6133085,Waduwawa,LK-6133
LK-6133090,Santhanagama,LK-6133
LK-6133095,Kumbukgete,LK-6133
LK-6133100,Hettigama,LK-6133
LK-6133105,Boraluwa,LK-6133
LK-6133110,Nikagolla,LK-6133
LK-6133115,Thittawella,LK-6133
LK-6133120,Jahapagama,LK-6133
LK-6133125,Neriyawa,LK-6133
LK-6133130,Arankele,LK-6133
LK-6133135,Thittawelgala,LK-6133
LK-6133140,Nikadalupotha,LK-6133
LK-6133145,Hiripitiya,LK-6133
LK-6133150,Hidawewa,LK-6133
LK-6133155,Nelumpathgama,LK-6133
LK-6133160,Malagamuwa,LK-6133
LK-6133165,Othuwela,LK-6133
LK-6133170,Moragolla,LK-6133
LK-6133175,Hunupola,LK-6133
LK-6133180,Wegolla,LK-6133
LK-6133185,Makulwewa,LK-6133
LK-6133190,Thanthirigama,LK-6133
LK-6133195,Kirindiwelmada / Galagedara,LK-6133
LK-6133200,Seeradunna,LK-6133
LK-6133205,Kanawa,LK-6133
LK-6133210,Pothuvila,LK-6133
LK-6136005,Halmillewa,LK-6136
LK-6136010,Thennakongama,LK-6136
LK-6136015,Kelegama,LK-6136
LK-6136020,Konotta,LK-6136
LK-6136025,Ebawalapitiya,LK-6136
LK-6136030,Mellapotta,LK-6136
LK-6136035,Wanduressa Welgala,LK-6136
LK-6136040,Walpaluwa,LK-6136
LK-6136045,Minuwangete,LK-6136
LK-6136050,Nelliya,LK-6136
LK-6136055,Deegithawa,LK-6136
LK-6136060,Karagaswewa,LK-6136
LK-6136065,Wanduressa,LK-6136
LK-6136070,Karandawetiya,LK-6136
LK-6136075,Ethawa,LK-6136
LK-6136080,Welawa,LK-6136
LK-6136085,Rabukana,LK-6136
LK-6136090,Avulegama,LK-6136
LK-6136095,Bayawa,LK-6136
LK-6136100,Muwanwellegedara,LK-6136
LK-6136105,Magulagama,LK-6136
LK-6136110,Divulakele,LK-6136
LK-6136115,Werella,LK-6136
LK-6136120,Naramana,LK-6136
LK-6136125,Thambarawa,LK-6136
LK-6136130,Pothuwewa,LK-6136
LK-6136135,Netiya,LK-6136
LK-6136140,Thissawa,LK-6136
LK-6136145,Amunugama,LK-6136
LK-6136150,Goluwawa,LK-6136
LK-6136155,Kithulwehera,LK-6136
LK-6136160,Ipalawa,LK-6136
LK-6136165,Mamunuwa,LK-6136
LK-6136170,Padeniya,LK-6136
LK-6136175,Madatuwa,LK-6136
LK-6136180,Pattalegedara,LK-6136
LK-6136185,Mirihanegama,LK-6136
LK-6136190,Nabadawewa,LK-6136
LK-6136195,Kahagolla,LK-6136
LK-6136200,Habarawa,LK-6136
LK-6136205,Ambakadawara,LK-6136
LK-6136210,Pennithawa,LK-6136
LK-6136215,Hettigedara,LK-6136
LK-6136220,Medagama,LK-6136
LK-6136225,Ginipendegama,LK-6136
LK-6136230,Wariyapola,LK-6136
LK-6136235,Rathmale,LK-6136
LK-6136240,Piyumgalla,LK-6136
LK-6136245,Elavitigama,LK-6136
LK-6136250,Wewagedara,LK-6136
LK-6136255,Randeniya,LK-6136
LK-6136260,Werapola,LK-6136
LK-6136265,Horombuwa,LK-6136
LK-6136270,Vilakatupotha,LK-6136
LK-6136275,Embawa,LK-6136
LK-6136280,Malwana,LK-6136
LK-6139005,Hathalawa,LK-6139
LK-6139010,Makeliyawa,LK-6139
LK-6139015,Mawathagama,LK-6139
LK-6139020,Hengamuwa,LK-6139
LK-6139025,Waduressa,LK-6139
LK-6139030,Wannigama,LK-6139
LK-6139035,Vithikuliya,LK-6139
LK-6139040,Beddegama,LK-6139
LK-6139045,Pubbiliya,LK-6139
LK-6139050,Kandattawa,LK-6139
LK-6139055,Amunukole,LK-6139
LK-6139060,Kithagama,LK-6139
LK-6139065,Thelahera,LK-6139
LK-6139070,Assedduma,LK-6139
LK-6139075,Leekolawewa,LK-6139
LK-6139080,Kahatagaswewa,LK-6139
LK-6139085,Welpothuwewa,LK-6139
LK-6139090,Boraluwewa,LK-6139
LK-6139095,Maulla,LK-6139
LK-6139100,Beliwewa,LK-6139
LK-6139105,Bakunawala,LK-6139
LK-6139110,Alahenegama,LK-6139
LK-6139115,Aralugaswewa,LK-6139
LK-6139120,Walaswewa,LK-6139
LK-6139125,Pannawa,LK-6139
LK-6139130,Galatabendiwewa,LK-6139
LK-6139135,Bamunugama,LK-6139
LK-6139140,Hirigolla,LK-6139
LK-6139145,Kobeigane,LK-6139
LK-6139150,Holambalewa,LK-6139
LK-6139155,Halmillakotuwa,LK-6139
LK-6139160,Kattapitiya,LK-6139
LK-6139165,Baladora,LK-6139
LK-6139170,Midellawa,LK-6139
LK-6139175,Hindagahawewa,LK-6139
LK-6142005,Molaeliya,LK-6142
LK-6142010,Getulawa,LK-6142
LK-6142015,Pahala Thalampola,LK-6142
LK-6142020,Ihala Konkandawala,LK-6142
LK-6142025,Bandarigalgoda,LK-6142
LK-6142030,Manelembuwa,LK-6142
LK-6142035,Pahala Kiniyama,LK-6142
LK-6142040,Kiniyama East,LK-6142
LK-6142045,Kiniyama West,LK-6142
LK-6142050,Puwakgahakadawala,LK-6142
LK-6142055,Weerapokuna,LK-6142
LK-6142060,Koshenagara,LK-6142
LK-6142065,Ihala Galwewa,LK-6142
LK-6142070,Pahala Galwewa,LK-6142
LK-6142075,Urapotta,LK-6142
LK-6142080,Brahmanayagama,LK-6142
LK-6142085,Hendiyapola,LK-6142
LK-6142090,Karandanayagama,LK-6142
LK-6142095,Kosagama,LK-6142
LK-6142100,Wanduressa,LK-6142
LK-6142105,Pahala Koswatta,LK-6142
LK-6142110,Maunawa,LK-6142
LK-6142115,Bowatta,LK-6142
LK-6142120,Panawewa,LK-6142
LK-6142125,Mookalanhena,LK-6142
LK-6142130,Murukandiya,LK-6142
LK-6142135,Bingiriya,LK-6142
LK-6142140,Vilattawa Palatha,LK-6142
LK-6142145,Aluthgama,LK-6142
LK-6142150,Ihala Kalugama,LK-6142
LK-6142155,Wellarawa,LK-6142
LK-6142160,Bakmeeruppa,LK-6142
LK-6142165,Hiruwalpola,LK-6142
LK-6142170,Kaduruwewa,LK-6142
LK-6142175,Horagasagara,LK-6142
LK-6142180,Ihala Kadigamuwa,LK-6142
LK-6142185,Ihala Koswatta,LK-6142
LK-6142190,Nithalawa,LK-6142
LK-6142195,Kudakalawa,LK-6142
LK-6142200,Tharana,LK-6142
LK-6142205,Konkadawala,LK-6142
LK-6142210,Hamannapahuwa,LK-6142
LK-6142215,Kurundupotha,LK-6142
LK-6142220,Madulupitiya,LK-6142
LK-6142225,Udawela,LK-6142
LK-6142230,Meladeniya,LK-6142
LK-6142235,Padiwela,LK-6142
LK-6142240,Kelegedara,LK-6142
LK-6142245,Thorabichchiya,LK-6142
LK-6142250,Heenpannawa,LK-6142
LK-6142255,Pahala Kadigamuwa,LK-6142
LK-6142260,Pahala Mandakondana,LK-6142
LK-6145005,Kahatavila,LK-6145
LK-6145010,Madaina,LK-6145
LK-6145015,Dothella,LK-6145
LK-6145020,Ganegama,LK-6145
LK-6145025,Mandapola,LK-6145
LK-6145030,Konwewa,LK-6145
LK-6145035,Rambewa,LK-6145
LK-6145040,Madulla,LK-6145
LK-6145045,Wadumunna,LK-6145
LK-6145050,Akurana,LK-6145
LK-6145055,Yodhayakanda,LK-6145
LK-6145060,Udagama,LK-6145
LK-6145065,Karandawa,LK-6145
LK-6145070,Pallegama,LK-6145
LK-6145075,Divulwewa,LK-6145
LK-6145080,Girathalawa,LK-6145
LK-6145085,Nikapitiya,LK-6145
LK-6145090,Othegama,LK-6145
LK-6145095,Diggalagedara,LK-6145
LK-6145100,Dorabavila,LK-6145
LK-6145105,Nallura,LK-6145
LK-6145110,Palugaswewa,LK-6145
LK-6145115,Madige Midiyala,LK-6145
LK-6145120,Midiyala,LK-6145
LK-6145125,Hindagahawewa,LK-6145
LK-6145130,Hammaliya,LK-6145
LK-6145135,Bandara Koswatta,LK-6145
LK-6145140,Hathapola,LK-6145
LK-6145145,Kadawalagedara,LK-6145
LK-6145150,Panduwasnuwara,LK-6145
LK-6145155,Kotambapitiya,LK-6145
LK-6145160,Hettipola,LK-6145
LK-6145165,Dolahomuna,LK-6145
LK-6145170,Munihirigama,LK-6145
LK-6145175,Kevitiya,LK-6145
LK-6145180,Pepolegama,LK-6145
LK-6145185,Hanthihawa,LK-6145
LK-6145190,Barampola,LK-6145
LK-6145195,Hettigama,LK-6145
LK-6145200,Ehetumulla,LK-6145
LK-6145205,Kurundu Kumbura,LK-6145
LK-6145210,Bogolla,LK-6145
LK-6145215,Bamunumulla,LK-6145
LK-6145220,Meegaspitiya,LK-6145
LK-6145225,Yayegedara,LK-6145
LK-6145226,Moragolla,LK-6145
LK-6145227,Rideekanda,LK-6145
LK-6145228,Thengodagedara,LK-6145
LK-6145230,Tekewa,LK-6145
LK-6145235,Rittadeniya,LK-6145
LK-6145240,Jayasiripura,LK-6145
LK-6145245,Pihimbiya,LK-6145
LK-6145250,Rathmale,LK-6145
LK-6145255,Nagollagoda,LK-6145
LK-6145260,Ambagahagedara,LK-6145
LK-6145265,Dahanekgedara,LK-6145
LK-6145270,Ebogedara,LK-6145
LK-6145275,Doratiyagedara,LK-6145
LK-6145280,Akarawatta,LK-6145
LK-6145285,Malwanegedara,LK-6145
LK-6145290,Moonamaldeniya,LK-6145
LK-6145295,Kamburapola,LK-6145
LK-6145300,Pahala Gomugomuwa,LK-6145
LK-6145305,Ihala Gomugomuwa,LK-6145
LK-6145310,Hidiyamulla,LK-6145
LK-6145315,Karagahagedara,LK-6145
LK-6145320,Epaladeniya,LK-6145
LK-6148020,Medagama,LK-6148
LK-6148025,Kosdeniya,LK-6148
LK-6148030,Wilbagedara,LK-6148
LK-6148035,Hanwella,LK-6148
LK-6148040,Palavitiya,LK-6148
LK-6148045,Kolambagama,LK-6148
LK-6148050,Gallehepitiya,LK-6148
LK-6148055,Ranorawa,LK-6148
LK-6148060,Katumuluwa,LK-6148
LK-6148065,Maveehena,LK-6148
LK-6148070,Rathmalla,LK-6148
LK-6148075,Dunupotha,LK-6148
LK-6148080,Beddegama,LK-6148
LK-6148085,Thissawa,LK-6148
LK-6148090,Nelibewa,LK-6148
LK-6148095,Dematawa,LK-6148
LK-6148100,Kanduboda,LK-6148
LK-6148105,Henegedara,LK-6148
LK-6148110,Magulagama,LK-6148
LK-6148115,Angamuwa,LK-6148
LK-6148120,Anukkanhena,LK-6148
LK-6148125,Moragane,LK-6148
LK-6148130,Kanapothuhera,LK-6148
LK-6148135,Kanogama,LK-6148
LK-6148140,Kandegedara,LK-6148
LK-6148145,Galagedara,LK-6148
LK-6148150,Adukkane,LK-6148
LK-6148155,Udugampalagedara,LK-6148
LK-6148160,Weliwehera,LK-6148
LK-6148165,Gonnawa,LK-6148
LK-6148170,Bodhimulla,LK-6148
LK-6148175,Nindawela,LK-6148
LK-6148180,Wijaya Udagama,LK-6148
LK-6148185,Wetehepitiya,LK-6148
LK-6148190,Hindawa,LK-6148
LK-6148195,Kanoyaya,LK-6148
LK-6149005,Erihabe,LK-6149
LK-6149010,Panawa,LK-6149
LK-6149015,Pahala Imiyangoda,LK-6149
LK-6149020,Walpola,LK-6149
LK-6149025,Mahakeliya,LK-6149
LK-6149030,Kelimune,LK-6149
LK-6149035,Nathagane,LK-6149
LK-6149040,Kadiharaya,LK-6149
LK-6149045,Bamunakotuwa,LK-6149
LK-6149050,Moonamale Palatha,LK-6149
LK-6149055,Thalgahagama,LK-6149
LK-6149060,Ganthiriyawa,LK-6149
LK-6149065,Panakaduwa,LK-6149
LK-6149070,Pahala Kolamunna,LK-6149
LK-6149075,Wathukana,LK-6149
LK-6149080,Nelunkanuwa,LK-6149
LK-6149085,Weudagama,LK-6149
LK-6149090,Panagamuwa,LK-6149
LK-6149095,Panadare,LK-6149
LK-6149100,Walaliya,LK-6149
LK-6149105,Kedapath Vehera,LK-6149
LK-6149110,Rukattane,LK-6149
LK-6149115,Bogoda,LK-6149
LK-6149120,Hanhamunawa,LK-6149
LK-6149125,Nawagatta,LK-6149
LK-6149130,Mirihampitiya,LK-6149
LK-6149135,Henegedara,LK-6149
LK-6149140,Dampitiya,LK-6149
LK-6149145,Ethanawatta,LK-6149
LK-6149150,Wedanda,LK-6149
LK-6149155,Pallawa Dampitiya,LK-6149
LK-6149160,Demataluwa,LK-6149
LK-6149165,Kanotuwa,LK-6149
LK-6149170,Siwallawagedara,LK-6149
LK-6149175,Homathagama,LK-6149
LK-6149180,Divulgaspitiya,LK-6149
LK-6151005,Wilgamdematawa,LK-6151
LK-6151010,Gonagama,LK-6151
LK-6151015,Rekawa,LK-6151
LK-6151020,Pimburuwellegama,LK-6151
LK-6151025,Galagedara,LK-6151
LK-6151030,Minhettiya,LK-6151
LK-6151035,Hanwella,LK-6151
LK-6151040,Maragama,LK-6151
LK-6151045,Wegolla,LK-6151
LK-6151050,Oggamuwa,LK-6151
LK-6151055,Thisnampola,LK-6151
LK-6151060,Kudagalgamuwa,LK-6151
LK-6151065,Gane Kolaniya,LK-6151
LK-6151070,Kidapola,LK-6151
LK-6151075,Demalussa,LK-6151
LK-6151080,Maspotha,LK-6151
LK-6151085,Rathkarawwa,LK-6151
LK-6151090,Mapegamuwa,LK-6151
LK-6151095,Dahigamuwa,LK-6151
LK-6151100,Siyambalangamuwa,LK-6151
LK-6151105,Gurulepola,LK-6151
LK-6151110,Pellandeniya,LK-6151
LK-6151115,Hettigedara,LK-6151
LK-6151120,Wewagedara,LK-6151
LK-6151125,Kalahogedara,LK-6151
LK-6151130,Maveedalupotha,LK-6151
LK-6151135,Udabadalawa,LK-6151
LK-6151140,Thiththwella,LK-6151
LK-6151145,Udadigana,LK-6151
LK-6151150,Yanthampalawa,LK-6151
LK-6151155,Kavudawatta,LK-6151
LK-6151160,Aswedduma,LK-6151
LK-6151165,Dematagahapelessa,LK-6151
LK-6154005,Kalatuwa Pelessa,LK-6154
LK-6154010,Seeradunna,LK-6154
LK-6154015,Seruwawa,LK-6154
LK-6154020,Pubbowa,LK-6154
LK-6154025,Thalvita,LK-6154
LK-6154030,Waraddana,LK-6154
LK-6154035,Pahala Waraddana,LK-6154
LK-6154040,Rangama,LK-6154
LK-6154045,Wellawa,LK-6154
LK-6154050,Ginikarawa,LK-6154
LK-6154055,Pahala Hadirawalana,LK-6154
LK-6154060,Thalatuwa,LK-6154
LK-6154065,Rikillagamuwa,LK-6154
LK-6154070,Dematagolla,LK-6154
LK-6154075,Budanapitiya,LK-6154
LK-6154080,Hadirawalana Ihala,LK-6154
LK-6154085,Mahakandegama,LK-6154
LK-6154090,Alakoladeniya,LK-6154
LK-6154095,Bamunugedara,LK-6154
LK-6154100,Kurunegala Town - North East,LK-6154
LK-6154105,Kurunegala Town - Nort,LK-6154
LK-6154110,Gangoda,LK-6154
LK-6154115,Vilgoda,LK-6154
LK-6154120,Heraliyawala,LK-6154
LK-6154125,Bamunawala,LK-6154
LK-6154130,Malkaduwawa,LK-6154
LK-6154135,Malkaduwawa South,LK-6154
LK-6154140,Malkaduwawa North,LK-6154
LK-6154145,Kurunegala Town - West,LK-6154
LK-6154150,Iluppugedara,LK-6154
LK-6154155,Kurunegala Town - Central,LK-6154
LK-6154160,Kurunegala Town - Bazaar,LK-6154
LK-6154165,Gettuwana,LK-6154
LK-6154170,Kurunegala Town - East,LK-6154
LK-6154175,Theliyagonna,LK-6154
LK-6154180,Udawalpola,LK-6154
LK-6154185,Kurunegala Town - South,LK-6154
LK-6154190,Veherabenda,LK-6154
LK-6154195,Henamulla,LK-6154
LK-6154200,Wehera East,LK-6154
LK-6154205,Wehera West,LK-6154
LK-6154210,Akaragana North,LK-6154
LK-6154215,Wanduragala,LK-6154
LK-6154220,Rathgalla,LK-6154
LK-6154225,Boyagane,LK-6154
LK-6154230,Akaragana South,LK-6154
LK-6154235,Vilbawa,LK-6154
LK-6154240,Nailiya,LK-6154
LK-6154245,Madithiyawala,LK-6154
LK-6154250,Thorawathura,LK-6154
LK-6154255,Mathawa,LK-6154
LK-6154260,Attanapitiya,LK-6154
LK-6154265,Pahala Thalampitiya,LK-6154
LK-6154270,Kudumbuwa,LK-6154
LK-6157005,Meddegama West,LK-6157
LK-6157010,Udagama,LK-6157
LK-6157015,Pillawa,LK-6157
LK-6157020,Hengawa,LK-6157
LK-6157025,Naranpola,LK-6157
LK-6157030,Ranawana,LK-6157
LK-6157035,Kahatapitiya,LK-6157
LK-6157040,Meddegama East,LK-6157
LK-6157045,Maraluwawa,LK-6157
LK-6157050,Pahala Gattuwana,LK-6157
LK-6157055,Thorayaya,LK-6157
LK-6157060,Kuda Kowana,LK-6157
LK-6157065,Kowana,LK-6157
LK-6157070,Denagamuwa,LK-6157
LK-6157075,Yaggapitiya,LK-6157
LK-6157080,Mehiella North,LK-6157
LK-6157085,Hewana,LK-6157
LK-6157090,Uyandana,LK-6157
LK-6157095,Mehiella South,LK-6157
LK-6157100,Mallawapitiya,LK-6157
LK-6157105,Millawa,LK-6157
LK-6157110,Kolapelalikanda,LK-6157
LK-6157115,Doratiyawa,LK-6157
LK-6157120,Messagammana,LK-6157
LK-6157125,Hewapola,LK-6157
LK-6157130,Manel Oluwa,LK-6157
LK-6157135,Walpolakanda North,LK-6157
LK-6157140,Walpolakanda South,LK-6157
LK-6157145,Indulgoda,LK-6157
LK-6157150,Konpala,LK-6157
LK-6157155,Dembepola,LK-6157
LK-6157160,Bodhigama,LK-6157
LK-6157165,Thiragama,LK-6157
LK-6157170,Bogamuwa,LK-6157
LK-6157175,Werawella,LK-6157
LK-6157180,Indulgodakanda,LK-6157
LK-6157185,Morathenna,LK-6157
LK-6157190,Katupitiya North,LK-6157
LK-6157195,Katupitiya South,LK-6157
LK-6157200,Ihala Thalampitiya,LK-6157
LK-6157205,Wattegedara,LK-6157
LK-6157210,Koralegedara,LK-6157
LK-6157215,Mahagama,LK-6157
LK-6157220,Belgoda,LK-6157
LK-6157225,Belgoda Kanda,LK-6157
LK-6160005,Kongaswala,LK-6160
LK-6160010,Barandana,LK-6160
LK-6160015,Wewagedara,LK-6160
LK-6160020,Etagahawela,LK-6160
LK-6160025,Galapitamulla,LK-6160
LK-6160030,Hidagolla,LK-6160
LK-6160035,Udanagama,LK-6160
LK-6160040,Tharapotha,LK-6160
LK-6160045,Tigola,LK-6160
LK-6160050,Arampola Watta North,LK-6160
LK-6160055,Arampola Watta South,LK-6160
LK-6160060,Ellagonna,LK-6160
LK-6160065,Pothubowa,LK-6160
LK-6160070,Madawa,LK-6160
LK-6160075,Kanduboda,LK-6160
LK-6160080,Kahandawelipotha,LK-6160
LK-6160085,Maswewa,LK-6160
LK-6160090,Pilessa Ihalagama,LK-6160
LK-6160095,Pilessa Pahalagama,LK-6160
LK-6160100,Henepola,LK-6160
LK-6160105,Maralanda,LK-6160
LK-6160110,Arampola,LK-6160
LK-6160115,Delgolla Watta North,LK-6160
LK-6160120,Nawa Pothubowa,LK-6160
LK-6160125,Welikumbura,LK-6160
LK-6160130,Ilukewela North,LK-6160
LK-6160135,Mawathagama,LK-6160
LK-6160140,Delgolla Watta South,LK-6160
LK-6160145,Mawathagama North,LK-6160
LK-6160150,Mee/Pallegama East,LK-6160
LK-6160155,Bulathwatta,LK-6160
LK-6160160,Rathneggama,LK-6160
LK-6160165,Yatiwala,LK-6160
LK-6160170,Mee/ Pallegama West,LK-6160
LK-6160175,Mee/ Medagamgoda,LK-6160
LK-6160180,Mee/ Wambugamgoda,LK-6160
LK-6160185,Mawathagama West,LK-6160
LK-6160190,Samodagama,LK-6160
LK-6160195,Ilukewela South,LK-6160
LK-6160200,Ihala Weligepola,LK-6160
LK-6160205,Akade,LK-6160
LK-6160210,Waraddana,LK-6160
LK-6160215,Wadiyagoda,LK-6160
LK-6160220,Bandaragala,LK-6160
LK-6160225,Singhapura,LK-6160
LK-6160230,Paragahadeniya,LK-6160
LK-6160235,Delpaddana,LK-6160
LK-6160240,Kotikapala,LK-6160
LK-6160245,Kotikapola Ihalagama,LK-6160
LK-6160250,Mawathagama South,LK-6160
LK-6160255,Meddegamgoda,LK-6160
LK-6160260,Mee/Udagama,LK-6160
LK-6160265,Gonagaldeniya,LK-6160
LK-6160270,Gonagala,LK-6160
LK-6160275,Dunukewatta,LK-6160
LK-6160280,Kalugamuwa,LK-6160
LK-6160285,Watareka,LK-6160
LK-6160290,Katugampalagedara,LK-6160
LK-6160295,Kahapathwala North,LK-6160
LK-6160300,Malandeniya,LK-6160
LK-6160305,Kahapathwala,LK-6160
LK-6160310,Hettipola,LK-6160
LK-6160315,Boyagoda,LK-6160
LK-6160320,Udakottamulla,LK-6160
LK-6160325,Metibokka,LK-6160
LK-6160330,Kossinna,LK-6160
LK-6160335,Eriminna,LK-6160
LK-6160340,Uda Inguruwatta,LK-6160
LK-6160345,Kandehena,LK-6160
LK-6160350,Uggalpaya,LK-6160
LK-6160355,Halwahala,LK-6160
LK-6163005,Paragaswewa,LK-6163
LK-6163010,Adapola,LK-6163
LK-6163015,Udakandawala,LK-6163
LK-6163020,Katiyawa,LK-6163
LK-6163025,Udahena,LK-6163
LK-6163030,Waduressa,LK-6163
LK-6163035,Meepitiya,LK-6163
LK-6163040,Kanugolla,LK-6163
LK-6163045,Koswatta,LK-6163
LK-6163050,Dodangahakotuwa,LK-6163
LK-6163055,Wegama,LK-6163
LK-6163060,Gopallawa,LK-6163
LK-6163065,Rathvita,LK-6163
LK-6163070,Balawattala,LK-6163
LK-6163075,Udattapola Pahala,LK-6163
LK-6163080,Ihala Udattapola,LK-6163
LK-6163085,Kotuhena,LK-6163
LK-6163090,Kelemulla,LK-6163
LK-6163095,Nithulpitiya,LK-6163
LK-6163100,Kandupalatha,LK-6163
LK-6163105,Diniminiyathenna,LK-6163
LK-6163110,Minirangama,LK-6163
LK-6163115,Alakolamada,LK-6163
LK-6163120,Korossa,LK-6163
LK-6163125,Dodamgaslanda,LK-6163
LK-6163130,Kothalawalagama,LK-6163
LK-6163135,Nuwarayaya,LK-6163
LK-6163140,Lihiniwehera,LK-6163
LK-6163145,Wewegedara,LK-6163
LK-6163150,Rambukandana,LK-6163
LK-6163155,Warakawehera,LK-6163
LK-6163160,Rideegama,LK-6163
LK-6163165,Madithiyawa,LK-6163
LK-6163170,Thelambugalla,LK-6163
LK-6163175,Reddagoda,LK-6163
LK-6163180,Pallehorombuwa,LK-6163
LK-6163185,Ginihiriya,LK-6163
LK-6163190,Palleyaya,LK-6163
LK-6163195,Kahahena,LK-6163
LK-6163200,Udahorombuwa,LK-6163
LK-6163205,Jankure,LK-6163
LK-6163210,Rambadagalla,LK-6163
LK-6163215,Nahalla,LK-6163
LK-6163220,Olagama,LK-6163
LK-6163225,Morathiha,LK-6163
LK-6163230,Hunugalkadulla,LK-6163
LK-6163235,Kavisigamuwa,LK-6163
LK-6163240,Doranepola,LK-6163
LK-6163245,Hunupolagedara,LK-6163
LK-6163250,Kuthurumahana,LK-6163
LK-6163255,Dedurunadeegama,LK-6163
LK-6163260,Karandagolla,LK-6163
LK-6163265,Ambakote,LK-6163
LK-6163270,Kosgollepola,LK-6163
LK-6163275,Kandepola,LK-6163
LK-6163280,Gabadagama,LK-6163
LK-6163285,Kandegedara,LK-6163
LK-6163290,Haliyamulla,LK-6163
LK-6163295,Welikanda,LK-6163
LK-6163300,Kithulwala,LK-6163
LK-6163305,Delvita,LK-6163
LK-6163310,Goraka Ela,LK-6163
LK-6163315,Pallekanda,LK-6163
LK-6163320,Kalugahathenna,LK-6163
LK-6163325,Kiribathgalla,LK-6163
LK-6163330,Bambaragahakanda,LK-6163
LK-6163335,Kithulgolla,LK-6163
LK-6163340,Eriyagolla,LK-6163
LK-6163345,Gurumada,LK-6163
LK-6163350,Polwatta,LK-6163
LK-6163355,Panagamuwa,LK-6163
LK-6163360,Pitiyegedara,LK-6163
LK-6163365,Hadiramulla,LK-6163
LK-6163370,Ogodapola,LK-6163
LK-6163375,Ranthetikanda,LK-6163
LK-6163380,Gonamada,LK-6163
LK-6163385,Buluwalakanda,LK-6163
LK-6163390,Buluwala,LK-6163
LK-6163395,Hawenpola,LK-6163
LK-6163400,Kongoda,LK-6163
LK-6163405,Akkara Panaha,LK-6163
LK-6163410,Welagedara,LK-6163
LK-6163415,Paliella,LK-6163
LK-6163420,Metiyampotha,LK-6163
LK-6163425,Gonadeniya,LK-6163
LK-6163430,Medakanda,LK-6163
LK-6163435,Medagama,LK-6163
LK-6163440,Nelaulla,LK-6163
LK-6163445,Malbe,LK-6163
LK-6163450,Mahawela,LK-6163
LK-6163455,Gallawa,LK-6163
LK-6163460,Mirissala,LK-6163
LK-6163465,Dunumawa,LK-6163
LK-6163470,Galbindinaela,LK-6163
LK-6163475,Kosgolla,LK-6163
LK-6163480,Pihimbuwa,LK-6163
LK-6163485,Maspotha,LK-6163
LK-6163490,Erepolakanda,LK-6163
LK-6163495,Siyambalangamuwa,LK-6163
LK-6163500,Thalgaspitiya,LK-6163
LK-6163505,Jakaduwa,LK-6163
LK-6163510,Balagala,LK-6163
LK-6163515,Pussella,LK-6163
LK-6163520,Pusselikanda,LK-6163
LK-6163525,Gonigoda,LK-6163
LK-6163530,Meeliyadda,LK-6163
LK-6163535,Kanadeniyawala,LK-6163
LK-6163540,Ganegoda,LK-6163
LK-6163545,Bogamuwa,LK-6163
LK-6163550,Kurukeppitiya,LK-6163
LK-6163555,Paragoda,LK-6163
LK-6163560,Ikiriwatta,LK-6163
LK-6163565,Niyangama,LK-6163
LK-6166005,Lokahettiya,LK-6166
LK-6166010,Medagama,LK-6166
LK-6166015,Pathinwatta,LK-6166
LK-6166020,Bamunugedara,LK-6166
LK-6166025,Gallehera,LK-6166
LK-6166030,Kadadunna,LK-6166
LK-6166035,Weerambugedara,LK-6166
LK-6166040,Gonawa,LK-6166
LK-6166045,Yalawa,LK-6166
LK-6166050,Madawala North,LK-6166
LK-6166055,Sandagala South,LK-6166
LK-6166060,Sandagala North,LK-6166
LK-6166065,Damunugala,LK-6166
LK-6166070,Piduruwella,LK-6166
LK-6166075,Clovis Watta,LK-6166
LK-6166080,Madawala South,LK-6166
LK-6166085,Mudunna,LK-6166
LK-6166090,Hanwella,LK-6166
LK-6166095,Hurukggamuwa,LK-6166
LK-6166100,Ginipenda,LK-6166
LK-6166105,Kalugamuwa,LK-6166
LK-6166110,Yanthampola,LK-6166
LK-6166115,Bulupitiya,LK-6166
LK-6166120,Uhumeeya,LK-6166
LK-6166125,Wewelpola,LK-6166
LK-6166130,Ranjanagama,LK-6166
LK-6166135,Kanumale,LK-6166
LK-6166140,Godavita,LK-6166
LK-6166145,Ambahera,LK-6166
LK-6166150,Galabadagama,LK-6166
LK-6166155,Dehikumbura,LK-6166
LK-6166160,Poogalla,LK-6166
LK-6166165,Udugama,LK-6166
LK-6166170,Thammita,LK-6166
LK-6166175,Parakumbura,LK-6166
LK-6166180,Algama,LK-6166
LK-6166185,Kaduruwella,LK-6166
LK-6166190,Sevendana,LK-6166
LK-6169005,Karangamuwa,LK-6169
LK-6169010,Dalupothagama,LK-6169
LK-6169015,Polpitiya,LK-6169
LK-6169020,Pothuwewa,LK-6169
LK-6169025,Kotadeniyawa,LK-6169
LK-6169030,Thelahera,LK-6169
LK-6169035,Nettipolagedara,LK-6169
LK-6169040,Arakyala,LK-6169
LK-6169045,Thoranegedara,LK-6169
LK-6169050,Medelpola,LK-6169
LK-6169055,Pothuhera,LK-6169
LK-6169060,Kekunagolla,LK-6169
LK-6169065,Dehigama,LK-6169
LK-6169070,Siyambalagaskotuwa,LK-6169
LK-6169075,Ambahenwewa,LK-6169
LK-6169080,Bogamulla,LK-6169
LK-6169085,Andigedara,LK-6169
LK-6169090,Karagahagedara,LK-6169
LK-6169095,Bogahapitiya,LK-6169
LK-6169100,Kureekotuwa,LK-6169
LK-6169105,Alahitiyawa,LK-6169
LK-6169110,Godagama,LK-6169
LK-6169115,Thalliyadda,LK-6169
LK-6169120,Konduruwapola,LK-6169
LK-6169125,Barigoda,LK-6169
LK-6169130,Ganangamuwa,LK-6169
LK-6169135,Bihalpola,LK-6169
LK-6169140,Udagedara,LK-6169
LK-6169145,Horombawa,LK-6169
LK-6169150,Molligoda,LK-6169
LK-6169155,Kosgolla,LK-6169
LK-6169160,Mahagama,LK-6169
LK-6169165,Nakkawatta,LK-6169
LK-6169170,Hewanellagaraya,LK-6169
LK-6169175,Ihala Muruthenge,LK-6169
LK-6169180,Pahala Murthenge,LK-6169
LK-6169185,Galgammulla,LK-6169
LK-6169190,Ranasgalla,LK-6169
LK-6169195,Wakkunuwala,LK-6169
LK-6169200,Etampola,LK-6169
LK-6169205,Rathneheruwa,LK-6169
LK-6169210,Deekirikewa,LK-6169
LK-6169215,Panavitiya,LK-6169
LK-6169220,Dethawa,LK-6169
LK-6169225,Saliyala,LK-6169
LK-6172005,Katuwella,LK-6172
LK-6172010,Pahala Elathalawa,LK-6172
LK-6172015,Mawela,LK-6172
LK-6172020,Koshena,LK-6172
LK-6172025,Pahala Galpola,LK-6172
LK-6172030,Ihala Galpola,LK-6172
LK-6172035,Ihala Elathalawa,LK-6172
LK-6172040,Deegalla,LK-6172
LK-6172045,Ihala Embawa,LK-6172
LK-6172050,Kabalewa,LK-6172
LK-6172055,Dikhera,LK-6172
LK-6172060,Ilukhena,LK-6172
LK-6172065,Kumbalwala,LK-6172
LK-6172070,Pallewela,LK-6172
LK-6172075,Pahala Weerambuwa,LK-6172
LK-6172080,Ihala Weerambuwa,LK-6172
LK-6172085,Kurudalpotha,LK-6172
LK-6172090,Thabbomulla,LK-6172
LK-6172095,Meegahakotuwa,LK-6172
LK-6172100,Kuliyapitiya Town,LK-6172
LK-6172105,Embawa,LK-6172
LK-6172110,Pahala Embawa,LK-6172
LK-6172115,Pahala Piduma,LK-6172
LK-6172120,Esseddawa,LK-6172
LK-6172125,Kongahagedara,LK-6172
LK-6172130,Thummodara,LK-6172
LK-6172135,Ihala Piduma,LK-6172
LK-6172140,Henegedara,LK-6172
LK-6172145,Delana,LK-6172
LK-6172150,Mookalanyaya,LK-6172
LK-6172155,Kirindawa,LK-6172
LK-6172160,Anukkane,LK-6172
LK-6172165,Beminigalla,LK-6172
LK-6172170,Kumbukkotuwa,LK-6172
LK-6172175,Wahumuwa,LK-6172
LK-6172180,Unaleeya,LK-6172
LK-6172185,Kithalawa,LK-6172
LK-6172190,Yakarawatta,LK-6172
LK-6172195,Bohingamuwa,LK-6172
LK-6172200,Haggamuwa,LK-6172
LK-6172205,Galahitiyawa,LK-6172
LK-6172210,Dandagamuwa East,LK-6172
LK-6172215,Dandagamuwa West,LK-6172
LK-6172220,Pahala Kalugamuwa,LK-6172
LK-6172225,Mahimpitiya,LK-6172
LK-6172230,Madakumburumulla,LK-6172
LK-6172235,Thalahitimulla,LK-6172
LK-6172240,Weralugama,LK-6172
LK-6172245,Ihala Kalugamuwa,LK-6172
LK-6172250,Hammalawa,LK-6172
LK-6172255,Galagedara,LK-6172
LK-6172260,Pitadeniya,LK-6172
LK-6172265,Diyadora,LK-6172
LK-6172270,Inguruwatta,LK-6172
LK-6172275,Diyadora Ihala Watta,LK-6172
LK-6172280,Narangalla,LK-6172
LK-6172285,Wadugedara,LK-6172
LK-6172290,Kongolla,LK-6172
LK-6172295,Ihala Ennaruwa,LK-6172
LK-6172300,Deeyawala,LK-6172
LK-6172305,Udihitimulla,LK-6172
LK-6172310,Ketawalegedara,LK-6172
LK-6172315,Eluwapola,LK-6172
LK-6172320,Kandegedara,LK-6172
LK-6172325,Katuwattewela,LK-6172
LK-6172330,Edandawela,LK-6172
LK-6172335,Wewagama,LK-6172
LK-6172340,Degammeda,LK-6172
LK-6175005,Ihala Weerakodiyana,LK-6175
LK-6175010,Kovulwewa,LK-6175
LK-6175015,Pahala Weerakodiyana,LK-6175
LK-6175020,Rantetiyawa,LK-6175
LK-6175025,Wathuwatta,LK-6175
LK-6175030,Habarawewa,LK-6175
LK-6175035,Kekunawala,LK-6175
LK-6175040,Kandayaya,LK-6175
LK-6175045,Kappangamuwa,LK-6175
LK-6175050,Kahadenigama,LK-6175
LK-6175055,Divurumpola,LK-6175
LK-6175060,Pahala Yagamwela,LK-6175
LK-6175065,Ihala Yagamwela,LK-6175
LK-6175070,Gahalagaswala,LK-6175
LK-6175075,Siyambalagasruppa East,LK-6175
LK-6175080,Siyambalagasruppa West,LK-6175
LK-6175085,Dummalasooriya,LK-6175
LK-6175090,Thunthota,LK-6175
LK-6175095,Kattimahana,LK-6175
LK-6175100,Palugamuwa,LK-6175
LK-6175105,Karandavila,LK-6175
LK-6175110,Bunnehepola,LK-6175
LK-6175115,Ihalagama North,LK-6175
LK-6175120,Paranagama,LK-6175
LK-6175125,Pahalagama,LK-6175
LK-6175130,Ihalagama South,LK-6175
LK-6175135,Mahaagara,LK-6175
LK-6175140,Henegedara,LK-6175
LK-6175145,Kanubichchiya,LK-6175
LK-6175150,Polgaha Agara,LK-6175
LK-6175155,Dunakadeniya North,LK-6175
LK-6175160,Udadeniya,LK-6175
LK-6175165,Meegahapelessa,LK-6175
LK-6175170,Bibiladeniya,LK-6175
LK-6175175,Ammanamulla,LK-6175
LK-6175180,Walpitagama,LK-6175
LK-6175185,Horathepola,LK-6175
LK-6175190,Nawasigahawatta,LK-6175
LK-6175195,Kootharippuwa,LK-6175
LK-6175200,Dunakadeniya South,LK-6175
LK-6175205,Kumbukgahamulla,LK-6175
LK-6175210,Ilippugamuwa,LK-6175
LK-6175215,Kumara Udawela,LK-6175
LK-6178005,Gallehemulla,LK-6178
LK-6178010,Nabirittankadawara,LK-6178
LK-6178015,Udugama,LK-6178
LK-6178020,Pethigodagedara,LK-6178
LK-6178025,Eriyagolla,LK-6178
LK-6178030,Yatattawala,LK-6178
LK-6178035,Thelambugammana,LK-6178
LK-6178040,Ingaradavula,LK-6178
LK-6178045,Mohottawa,LK-6178
LK-6178050,Batapotha Ela,LK-6178
LK-6178055,Katugampala,LK-6178
LK-6178060,Hamanagoda,LK-6178
LK-6178065,Mummana,LK-6178
LK-6178070,Wattegedara,LK-6178
LK-6178075,Wettewa,LK-6178
LK-6178080,Kavudumunna,LK-6178
LK-6178085,Hamangalla,LK-6178
LK-6178090,Narangoda South,LK-6178
LK-6178095,Narangoda North,LK-6178
LK-6178100,Erepola,LK-6178
LK-6178105,Madigepola,LK-6178
LK-6178110,Hengawa,LK-6178
LK-6178115,Paragammana,LK-6178
LK-6178120,Nedalagamuwa North,LK-6178
LK-6178125,Nedalagamuwa South,LK-6178
LK-6178130,Yayamulla,LK-6178
LK-6178135,Raddalana,LK-6178
LK-6178140,Waguruwela,LK-6178
LK-6178145,Mutugalayayagama,LK-6178
LK-6178150,Kandepola,LK-6178
LK-6178155,Hundirapola,LK-6178
LK-6178160,Welpalla,LK-6178
LK-6178165,Daraluwa,LK-6178
LK-6178170,Hunuvila,LK-6178
LK-6178175,Kongoda,LK-6178
LK-6178180,Werahera,LK-6178
LK-6178185,Bowatta,LK-6178
LK-6178190,Koodalupotta,LK-6178
LK-6178195,Bammanna,LK-6178
LK-6178200,Kadirapola,LK-6178
LK-6178205,Mahingamuwa,LK-6178
LK-6178210,Dodampotta,LK-6178
LK-6178215,Konduruwawela,LK-6178
LK-6178220,Meddepola Pahala,LK-6178
LK-6178225,Maharagama,LK-6178
LK-6178230,Meddepola Ihala,LK-6178
LK-6178235,Siyambalawalana,LK-6178
LK-6178240,Ihala Labbala,LK-6178
LK-6178245,Ihala Kotuwella,LK-6178
LK-6178250,Horawadunna,LK-6178
LK-6178255,Elabadagama East,LK-6178
LK-6178260,Elabadagama North,LK-6178
LK-6178265,Elabadagama West,LK-6178
LK-6178270,Mookalana,LK-6178
LK-6178275,Makandura Ihala,LK-6178
LK-6178280,Elivila,LK-6178
LK-6178285,Gonulla East,LK-6178
LK-6178290,Indivinna,LK-6178
LK-6178295,Hettirippuwa,LK-6178
LK-6178300,Villiyagala,LK-6178
LK-6178305,Gonulla West,LK-6178
LK-6178310,Irabadagama,LK-6178
LK-6178315,Wetakeyawa,LK-6178
LK-6178320,Makandura Pahala,LK-6178
LK-6178325,Panwalakumbura,LK-6178
LK-6178330,Hendiyagala,LK-6178
LK-6178335,Sandalankawa,LK-6178
LK-6178340,Thambakanda,LK-6178
LK-6178345,Nalawalana,LK-6178
LK-6178350,Medirivila,LK-6178
LK-6178355,Pahala Galayaya,LK-6178
LK-6178360,Ihala Galayaya,LK-6178
LK-6178365,Pannala,LK-6178
LK-6178370,Kekillapitiya,LK-6178
LK-6178375,Maholawa,LK-6178
LK-6178380,Thalammehera,LK-6178
LK-6178385,Badabedda,LK-6178
LK-6178390,Kohombapola,LK-6178
LK-6178395,Elibichchiya,LK-6178
LK-6178400,Mellawalana,LK-6178
LK-6178405,Pahala Labbala,LK-6178
LK-6178410,Bopitiya,LK-6178
LK-6178415,Balawala,LK-6178
LK-6178420,Mattegama,LK-6178
LK-6178425,Wellewa,LK-6178
LK-6178430,Narangamuwa,LK-6178
LK-6178435,Malgamuwa,LK-6178
LK-6181005,Pahamune,LK-6181
LK-6181010,Kadahapola,LK-6181
LK-6181015,Penthenigoda,LK-6181
LK-6181020,Ganegoda,LK-6181
LK-6181025,Meewewa,LK-6181
LK-6181030,Dangolla,LK-6181
LK-6181035,Meewewa/ Bemmullegedara,LK-6181
LK-6181040,Puwakgahakotuwa,LK-6181
LK-6181045,Polgahayaya,LK-6181
LK-6181050,Ginigathpitiya,LK-6181
LK-6181055,Dambagirigama East,LK-6181
LK-6181060,Medagoda,LK-6181
LK-6181065,Dambagirigama West,LK-6181
LK-6181070,Narammala,LK-6181
LK-6181075,Ranawatta,LK-6181
LK-6181080,Senanayaka Colony,LK-6181
LK-6181085,Kottapitiya,LK-6181
LK-6181090,Ambagammana,LK-6181
LK-6181095,Yakkavita,LK-6181
LK-6181100,Halwella,LK-6181
LK-6181105,Rammuthugala,LK-6181
LK-6181110,Welikumbura,LK-6181
LK-6181115,Dampelessa,LK-6181
LK-6181120,Kivulegedara,LK-6181
LK-6181125,Polwattegedara,LK-6181
LK-6181130,Karalappala,LK-6181
LK-6181135,Embalapola,LK-6181
LK-6181140,Weragala,LK-6181
LK-6181145,Rangallepola,LK-6181
LK-6181150,Nakalagamuwa,LK-6181
LK-6181155,Godakooruwa,LK-6181
LK-6181160,Kivulgalla,LK-6181
LK-6181165,Eriyagolla,LK-6181
LK-6181170,Metiyagane West,LK-6181
LK-6181175,Maravita,LK-6181
LK-6181180,Muthugala East,LK-6181
LK-6181185,Metiyagane East,LK-6181
LK-6181190,Kasungama,LK-6181
LK-6181195,Pelawatta,LK-6181
LK-6181200,Pothupitiya,LK-6181
LK-6181205,Muthugala West,LK-6181
LK-6181210,Dambadeniya South,LK-6181
LK-6181215,Dambadeniya North,LK-6181
LK-6181220,Udawelawatta,LK-6181
LK-6181225,Riligala,LK-6181
LK-6181230,Athuruwala,LK-6181
LK-6181235,Puskoladeniya,LK-6181
LK-6181240,Delikanu Anga,LK-6181
LK-6181245,Kudagammana,LK-6181
LK-6181250,Riloluwa,LK-6181
LK-6181255,Handapangala,LK-6181
LK-6181260,Paranagama,LK-6181
LK-6181265,Maradagolla,LK-6181
LK-6181270,Epaladeniya,LK-6181
LK-6184005,Vilgamuwa,LK-6184
LK-6184010,Vilgamuwa Watta,LK-6184
LK-6184015,Wennoruwa West,LK-6184
LK-6184020,Wennoruwa East,LK-6184
LK-6184025,Damunupola,LK-6184
LK-6184030,Pannala,LK-6184
LK-6184035,Nungamuwa Pahala,LK-6184
LK-6184040,Wadawa,LK-6184
LK-6184045,Nungamuwa Ihala,LK-6184
LK-6184050,Dehelgamulla,LK-6184
LK-6184055,Ihala Wettewa,LK-6184
LK-6184060,Kiriwanapola,LK-6184
LK-6184065,Kandegedara South,LK-6184
LK-6184070,Welikare,LK-6184
LK-6184075,Galgamuwa North,LK-6184
LK-6184080,Galgamuwa South,LK-6184
LK-6184085,Pangolla,LK-6184
LK-6184090,Kandegedara North,LK-6184
LK-6184095,Divulgahakotuwa,LK-6184
LK-6184100,Waduwawa,LK-6184
LK-6184105,Lewdeniya,LK-6184
LK-6184110,Poramadala,LK-6184
LK-6184115,Galatharaya,LK-6184
LK-6184120,Hinnarapola,LK-6184
LK-6184125,Nugawela,LK-6184
LK-6184130,Maharachchimulla,LK-6184
LK-6184135,Pahala Kalalpitiya,LK-6184
LK-6184140,Henduwawa,LK-6184
LK-6184145,Kendagolla,LK-6184
LK-6184150,Boyawalana,LK-6184
LK-6184155,Henduwawa Colony,LK-6184
LK-6184160,Ihala Kalalpitiya,LK-6184
LK-6184165,Medagampola,LK-6184
LK-6184170,Maldeniya,LK-6184
LK-6184175,Koholana,LK-6184
LK-6184180,Ihala Walakumbura,LK-6184
LK-6184185,Yatigaloluwa,LK-6184
LK-6184190,Pahala Walakumbura,LK-6184
LK-6184195,Alawwa South,LK-6184
LK-6184200,Alawwa North,LK-6184
LK-6184205,Kebellavita,LK-6184
LK-6184210,Humbuluwa East,LK-6184
LK-6184215,Humbuluwa West,LK-6184
LK-6184220,Imbulgoda,LK-6184
LK-6184225,Keppitiwalana,LK-6184
LK-6184230,Madawala,LK-6184
LK-6184235,Othara Kiruwampola,LK-6184
LK-6184240,Nebadawathura,LK-6184
LK-6184245,Galdeniya,LK-6184
LK-6184250,Kanameewala,LK-6184
LK-6184255,Wedeniya,LK-6184
LK-6184260,Nawathalwatta,LK-6184
LK-6184265,Thumbulla,LK-6184
LK-6184270,Abbowa,LK-6184
LK-6184275,Paramaulla,LK-6184
LK-6184280,Galpottepola,LK-6184
LK-6184285,Miriheliya,LK-6184
LK-6184290,Pallemorugama,LK-6184
LK-6184295,Udakekulawala,LK-6184
LK-6184300,Udagankanda,LK-6184
LK-6184305,Wewala,LK-6184
LK-6184310,Pallekekulawala,LK-6184
LK-6184315,Yattalgoda,LK-6184
LK-6184320,Bowala,LK-6184
LK-6184325,Bujjomuwa,LK-6184
LK-6184330,Kendahena,LK-6184
LK-6187005,Ahugoda West,LK-6187
LK-6187010,Amunugama,LK-6187
LK-6187015,Gammana,LK-6187
LK-6187020,Potuhera East,LK-6187
LK-6187025,Potuhera West,LK-6187
LK-6187030,Ahugoda Meda,LK-6187
LK-6187035,Ahugoda West,LK-6187
LK-6187040,Mahapitiya,LK-6187
LK-6187045,Dewate Gedara,LK-6187
LK-6187050,Hiripathwella,LK-6187
LK-6187055,Ginneriya,LK-6187
LK-6187060,Wadakada,LK-6187
LK-6187065,Habarawa,LK-6187
LK-6187070,Embalawatta,LK-6187
LK-6187075,Lihinigiriya,LK-6187
LK-6187080,Medalassa Kalugamuwa,LK-6187
LK-6187085,Yatihena,LK-6187
LK-6187090,Maningamuwa,LK-6187
LK-6187095,Mawathagama,LK-6187
LK-6187100,Mandawela,LK-6187
LK-6187105,Kureepotta,LK-6187
LK-6187110,Arambepola,LK-6187
LK-6187115,Handugala,LK-6187
LK-6187120,Bevilgamuwa East,LK-6187
LK-6187125,Bevilgamuwa West,LK-6187
LK-6187130,thiyador Watta,LK-6187
LK-6187135,Dembegoda,LK-6187
LK-6187140,Imbulana,LK-6187
LK-6187145,Kebilittawala,LK-6187
LK-6187150,Egalla,LK-6187
LK-6187155,Gallenamulla,LK-6187
LK-6187160,Udapola,LK-6187
LK-6187165,Kaluhendiwala,LK-6187
LK-6187170,Thalawattegedara,LK-6187
LK-6187175,Kolambalamulla,LK-6187
LK-6187180,Parabevila,LK-6187
LK-6187185,Koradoluwa,LK-6187
LK-6187190,Walagammulla,LK-6187
LK-6187195,Kendahena,LK-6187
LK-6187200,Polpitiya North,LK-6187
LK-6187205,Poojapitiya,LK-6187
LK-6187210,Polambe,LK-6187
LK-6187215,Hondella,LK-6187
LK-6187220,Imbulgoda,LK-6187
LK-6187225,Barahelagamuwa,LK-6187
LK-6187230,Dewalepola,LK-6187
LK-6187235,Ihala Udapola,LK-6187
LK-6187240,Divulkumbura,LK-6187
LK-6187245,Bandawa,LK-6187
LK-6187250,Hathalispahuwa,LK-6187
LK-6187255,Rathmalgoda,LK-6187
LK-6187260,Kollura,LK-6187
LK-6187265,Wellewa,LK-6187
LK-6187270,Polpitiya South,LK-6187
LK-6187275,Nahakotamada,LK-6187
LK-6187280,Aragoda,LK-6187
LK-6187285,Sunilagama,LK-6187
LK-6187290,Denagamuwa,LK-6187
LK-6187295,Madalagama,LK-6187
LK-6187300,Godawela,LK-6187
LK-6187305,Kotambule,LK-6187
LK-6187310,Mawatta,LK-6187
LK-6187315,Weeragala,LK-6187
LK-6187320,Yogamuwakanda,LK-6187
LK-6187325,Epakanda,LK-6187
LK-6187330,Ganegoda North,LK-6187
LK-6187335,Delgolla,LK-6187
LK-6187340,Gorokgahapotta,LK-6187
LK-6187345,Godigamuwa,LK-6187
LK-6187350,Udukedeniya,LK-6187
LK-6187355,Panaliya North,LK-6187
LK-6187360,Tenpana,LK-6187
LK-6187365,Kuleepitiya North,LK-6187
LK-6187370,Ganegoda South,LK-6187
LK-6187375,Polgahawela North,LK-6187
LK-6187380,Meddalanda,LK-6187
LK-6187385,Morugama,LK-6187
LK-6187390,Galbadagama,LK-6187
LK-6187395,Weligodapitiya,LK-6187
LK-6187400,Polgahawela South,LK-6187
LK-6187405,Kuleepitiya South,LK-6187
LK-6187410,Serapees Watta,LK-6187
LK-6187415,Panaliya South,LK-6187
LK-6187420,Oruliyadda,LK-6187
LK-6203005,Dachbe,LK-6203
LK-6203010,Palliyawatta,LK-6203
LK-6203015,Anawasala,LK-6203
LK-6203020,Sinnakudirippu,LK-6203
LK-6203025,Wanni Mundalama,LK-6203
LK-6203030,Mandalakudawa,LK-6203
LK-6203035,Periyakudirippu,LK-6203
LK-6203040,Pudukudirippuwa,LK-6203
LK-6203045,Kandakuliya Kudawa,LK-6203
LK-6203050,Kurinjipitiya North,LK-6203
LK-6203055,Kurinjipitiya South,LK-6203
LK-6203060,Kandakuliya,LK-6203
LK-6203065,Palliwasalthure,LK-6203
LK-6203070,Musalpitiya,LK-6203
LK-6203075,Mudalappaliya,LK-6203
LK-6203080,Thalavila East,LK-6203
LK-6203085,Thalavila West,LK-6203
LK-6203090,Palakudawa,LK-6203
LK-6203095,Thigali,LK-6203
LK-6203100,Ettala,LK-6203
LK-6203105,Andankanniya,LK-6203
LK-6203110,Alankudawa,LK-6203
LK-6203115,Norochchola,LK-6203
LK-6203120,Panayadiya,LK-6203
LK-6203125,Narakkalliya,LK-6203
LK-6203130,Mampuriya,LK-6203
LK-6203135,Nawakkaduwa,LK-6203
LK-6203140,Nirmalapura,LK-6203
LK-6203145,Daluwa,LK-6203
LK-6203150,Thethapola,LK-6203
LK-6203155,Karamba,LK-6203
LK-6206005,Pukkulama,LK-6206
LK-6206010,Ralmaduwa,LK-6206
LK-6206015,Parana Eluwankulama,LK-6206
LK-6206020,Aluth Eluwankulama,LK-6206
LK-6206025,Serakkuliya,LK-6206
LK-6206030,Karathivu North,LK-6206
LK-6206035,Karathivu South,LK-6206
LK-6206040,Mangalapura,LK-6206
LK-6206045,Bandaranayakapura,LK-6206
LK-6206050,Vanathawilluwa North,LK-6206
LK-6206055,Vanathawilluwa South,LK-6206
LK-6206060,Wijayapura West,LK-6206
LK-6206065,Wijayapura East,LK-6206
LK-6206070,Karadipuwal,LK-6206
LK-6206075,Samagipura,LK-6206
LK-6206080,Vattakandal,LK-6206
LK-6206085,Mailankulama,LK-6206
LK-6209005,Pahala Puliyankulama,LK-6209
LK-6209010,Moonamalgaswewa,LK-6209
LK-6209015,Saliyawewa,LK-6209
LK-6209020,Ranawarapitiya,LK-6209
LK-6209025,Saliyawewa - C,LK-6209
LK-6209030,Saliyawewa - B,LK-6209
LK-6209035,Palugassegama,LK-6209
LK-6209040,Ihala Puliyankulama,LK-6209
LK-6209045,Thambapanniya,LK-6209
LK-6209050,Medagama,LK-6209
LK-6209055,Aluthgama,LK-6209
LK-6209060,Weerapura,LK-6209
LK-6209065,Dangaswewa,LK-6209
LK-6209070,Ipalogama,LK-6209
LK-6209075,Kumbukwewa,LK-6209
LK-6209080,Rambawewa,LK-6209
LK-6209085,Pahariya,LK-6209
LK-6209090,Murukkuwatawana,LK-6209
LK-6209095,Thabbowa South,LK-6209
LK-6209100,Thabbowa North,LK-6209
LK-6209105,Thewanuwara,LK-6209
LK-6209110,Pawattamaduwa,LK-6209
LK-6209115,Karuwalagaswewa,LK-6209
LK-6209120,Kuda Medawachchiya,LK-6209
LK-6209125,Paleegama,LK-6209
LK-6209130,Egodapitiya,LK-6209
LK-6212005,Mahameddewa,LK-6212
LK-6212010,Moragahawewa,LK-6212
LK-6212015,Maha Andarawewa,LK-6212
LK-6212020,Kirimetiyawa,LK-6212
LK-6212025,Miyellewa,LK-6212
LK-6212030,Thammennawetiya,LK-6212
LK-6212035,Samurdhigama,LK-6212
LK-6212040,Amunuwewa,LK-6212
LK-6212045,Kuruluwewa,LK-6212
LK-6212050,Tharanagahawewa,LK-6212
LK-6212055,Kelewewa,LK-6212
LK-6212060,Welewewa North,LK-6212
LK-6212065,Mullegama,LK-6212
LK-6212070,Welewewa South,LK-6212
LK-6212075,Gedarawewa,LK-6212
LK-6212080,Rambakanayagama,LK-6212
LK-6212085,Inginimitiya East,LK-6212
LK-6212090,Inginimitiya West,LK-6212
LK-6212095,Konkadawala,LK-6212
LK-6215005,Manalthivu,LK-6215
LK-6215010,Sirambiadiya,LK-6215
LK-6215015,Sella Kandal,LK-6215
LK-6215020,Nelumwewa,LK-6215
LK-6215025,Marikkar Street,LK-6215
LK-6215030,Mullipuram,LK-6215
LK-6215035,Pudukudirippuwa,LK-6215
LK-6215040,Puttalam East,LK-6215
LK-6215045,Senakudirippuwa,LK-6215
LK-6215050,Thiladiya,LK-6215
LK-6215055,Puttalam South,LK-6215
LK-6215060,Puttalam Parana Jumma Palli,LK-6215
LK-6215065,Puttalam North,LK-6215
LK-6215070,Periyapalli Kudiyiruppuwa,LK-6215
LK-6215075,Rathmalyaya,LK-6215
LK-6215080,Thammannagama,LK-6215
LK-6215085,Kaladiya,LK-6215
LK-6215090,Bodhirajapura,LK-6215
LK-6215095,Attavilluwa,LK-6215
LK-6215100,Palaviya,LK-6215
LK-6215105,Pottuvilluwa,LK-6215
LK-6215110,Attavilluwa Central,LK-6215
LK-6218005,Puludiviyal,LK-6218
LK-6218010,Viruthodai,LK-6218
LK-6218015,Weerapura,LK-6218
LK-6218020,Welusumanapura,LK-6218
LK-6218025,Madurankuliya,LK-6218
LK-6218030,Kanamula North,LK-6218
LK-6218035,Kadayamotte,LK-6218
LK-6218040,Nallandaluwa,LK-6218
LK-6218045,Palasola,LK-6218
LK-6218050,Mukkuthoduwawa,LK-6218
LK-6218055,Kandathoduwawa,LK-6218
LK-6218060,Kanamula South,LK-6218
LK-6218065,Pubudugama,LK-6218
LK-6218070,Sameeragama,LK-6218
LK-6218075,Palli Wasalpaduwa,LK-6218
LK-6218080,Perukuwatana,LK-6218
LK-6218085,Kottanthievu,LK-6218
LK-6218090,Mangalaeliya,LK-6218
LK-6218095,Nawadankulama,LK-6218
LK-6218100,Mundalama,LK-6218
LK-6218105,Kudirippuwa,LK-6218
LK-6218110,Kattakaduwa,LK-6218
LK-6218115,Sinnapaduwa,LK-6218
LK-6218120,Poonapitiya,LK-6218
LK-6218125,Andimunai,LK-6218
LK-6218130,Udappuwa,LK-6218
LK-6218135,Udappuwa,LK-6218
LK-6218140,Pulichchakulama,LK-6218
LK-6218145,Karathanvilluwa,LK-6218
LK-6218150,Tharakudivilluwa,LK-6218
LK-6218155,Angunavila,LK-6218
LK-6221005,Kivula No. 4-2,LK-6221
LK-6221010,Dangahawala,LK-6221
LK-6221015,Kivula No. 4-1,LK-6221
LK-6221020,Kivula Youth Project,LK-6221
LK-6221025,Kivula No. 1,LK-6221
LK-6221030,Kivulagoda Govi Janapadaya,LK-6221
LK-6221035,Rathmalgaswewa,LK-6221
LK-6221040,Dangaswewa,LK-6221
LK-6221045,Kawayankulama,LK-6221
LK-6221050,Jayarajapura,LK-6221
LK-6221055,Karuwalabedda,LK-6221
LK-6221060,Maha Kumbukkadawala,LK-6221
LK-6221065,Sembukuliya,LK-6221
LK-6221070,Walpaluwa,LK-6221
LK-6221075,Kakupandiyawa,LK-6221
LK-6221080,Punavitiya,LK-6221
LK-6221085,Garayakgama,LK-6221
LK-6221090,Daluwegama,LK-6221
LK-6221095,Mohoriya,LK-6221
LK-6221100,Baranankattuwa,LK-6221
LK-6221105,Karungalichole,LK-6221
LK-6221110,Mahasembukuliya,LK-6221
LK-6221115,Galkuliya West,LK-6221
LK-6221120,Galkuliya East,LK-6221
LK-6221125,Adigama,LK-6221
LK-6224005,Kottukachchiya Colony 2,LK-6224
LK-6224010,Kottukachchiya Colony 1,LK-6224
LK-6224015,Mellankulama,LK-6224
LK-6224020,Kottukachchiya,LK-6224
LK-6224025,Paliyagama,LK-6224
LK-6224030,Uriyawa,LK-6224
LK-6224035,Koiladigama,LK-6224
LK-6224040,07 Gammanaya,LK-6224
LK-6224045,Maha Uswewa South,LK-6224
LK-6224050,Maha Uswewa North,LK-6224
LK-6224055,Alankulama,LK-6224
LK-6224060,Merungoda,LK-6224
LK-6224065,Labugala,LK-6224
LK-6224070,Karambewa,LK-6224
LK-6224075,Thalgaswewa,LK-6224
LK-6224080,Periyakulama,LK-6224
LK-6224085,Paramakandagama,LK-6224
LK-6224090,Thonigala,LK-6224
LK-6224095,Wadatta,LK-6224
LK-6224100,Viharagama,LK-6224
LK-6224105,Siyabalagashena,LK-6224
LK-6224110,Thattewa,LK-6224
LK-6224115,Thanmmennagama,LK-6224
LK-6224120,Bammannegama,LK-6224
LK-6224125,Kothalakemiyawa,LK-6224
LK-6224130,Gallewa,LK-6224
LK-6224135,Thalakolawewa,LK-6224
LK-6224140,Anamaduwa,LK-6224
LK-6224145,Peramakuttuwa,LK-6224
LK-6224150,Divulwewa,LK-6224
LK-6224155,Wadigamangawa,LK-6224
LK-6224160,Dharmapalaya,LK-6224
LK-6224165,Uppalawatta,LK-6224
LK-6224170,Sangattikulama,LK-6224
LK-6224175,Mudalakkuliya,LK-6224
LK-6227005,Dewala Handiya,LK-6227
LK-6227010,Wilpatha East,LK-6227
LK-6227015,Siyabalagaswewa,LK-6227
LK-6227020,Nagavila,LK-6227
LK-6227025,Periyamaduwa,LK-6227
LK-6227030,Kammandaluwa,LK-6227
LK-6227035,Wilpatha West,LK-6227
LK-6227040,Thamarakkulama,LK-6227
LK-6227045,Serukele,LK-6227
LK-6227050,Katupotha,LK-6227
LK-6227055,Madawakkulama,LK-6227
LK-6227060,Wetiya,LK-6227
LK-6227065,Nandimithtrapura,LK-6227
LK-6227070,Wendakaduwa,LK-6227
LK-6227075,Pallama,LK-6227
LK-6227080,Wathupola,LK-6227
LK-6227085,Puliyankulama,LK-6227
LK-6227090,Thammana,LK-6227
LK-6230005,Battuluoya,LK-6230
LK-6230010,Mahamaeliya,LK-6230
LK-6230015,Buruthakele,LK-6230
LK-6230020,Wijayakatupatha Elen Megoda,LK-6230
LK-6230025,Pahala Attanganaya,LK-6230
LK-6230030,Wijayakatupatha Elen Egoda,LK-6230
LK-6230035,Anavilundawa,LK-6230
LK-6230040,Suruvila,LK-6230
LK-6230045,Ilakkattuwa,LK-6230
LK-6230050,Pankulawa,LK-6230
LK-6230055,Ihala Attanganaya,LK-6230
LK-6230060,Ambakele,LK-6230
LK-6230065,Welipelessa,LK-6230
LK-6230070,Nalladarankattuwa,LK-6230
LK-6230075,Karukupane,LK-6230
LK-6230080,Wairankattuwa,LK-6230
LK-6230085,Sengaloya,LK-6230
LK-6230090,Arachchikattuwa West,LK-6230
LK-6230095,Arachchikattuwa East,LK-6230
LK-6230100,Bandarahena,LK-6230
LK-6230105,Adippala,LK-6230
LK-6230110,Andanan Kattuwa,LK-6230
LK-6230115,Kumarakattuwa,LK-6230
LK-6230120,Elivitiya,LK-6230
LK-6230125,Diganwewa,LK-6230
LK-6230130,Rajakadaluwa,LK-6230
LK-6230135,Kusala,LK-6230
LK-6230140,Kottapitiya,LK-6230
LK-6230145,Bangadeniya,LK-6230
LK-6230150,Weerakumandaluwa,LK-6230
LK-6230155,Karukkuliya,LK-6230
LK-6230160,Mukkandaluwa,LK-6230
LK-6230165,Dematapitiya,LK-6230
LK-6233005,Kurusapaduwa,LK-6233
LK-6233010,Deduruoya,LK-6233
LK-6233015,Manuwangama West,LK-6233
LK-6233020,Manuwangama East,LK-6233
LK-6233025,Nariyagama North,LK-6233
LK-6233030,Parappanmulla,LK-6233
LK-6233035,Weerapandiyana,LK-6233
LK-6233040,Maha Vilattawa,LK-6233
LK-6233045,Kanattawa,LK-6233
LK-6233050,Nariyagama South,LK-6233
LK-6233055,Urudayandaluwa,LK-6233
LK-6233060,Thissogama,LK-6233
LK-6233065,Thimbilla,LK-6233
LK-6233070,Wattakkaliya,LK-6233
LK-6233075,Weralabada South,LK-6233
LK-6233080,Weralabada North,LK-6233
LK-6233085,Egodawatta,LK-6233
LK-6233090,Aluthwatta,LK-6233
LK-6233095,Aluthwatta,LK-6233
LK-6233100,Ichchampitiya,LK-6233
LK-6233105,Munneshwarama,LK-6233
LK-6233110,Thittakade,LK-6233
LK-6233115,Mugunuwatawana,LK-6233
LK-6233120,Kokkavila,LK-6233
LK-6233125,Pulliyankadawara,LK-6233
LK-6233130,Punchi Vilattawa,LK-6233
LK-6233135,Karawitagara West,LK-6233
LK-6233140,Karavitagara East,LK-6233
LK-6233145,Dambakele,LK-6233
LK-6233150,Weerakelewatta,LK-6233
LK-6233155,Karavita,LK-6233
LK-6233160,Mungandaluwa East,LK-6233
LK-6233165,Mungandaluwa West,LK-6233
LK-6233170,Ilippadeniya,LK-6233
LK-6233175,Sawarana,LK-6233
LK-6233180,Maikkulama,LK-6233
LK-6233185,Pitipana East,LK-6233
LK-6233190,Melpura,LK-6233
LK-6233195,Pitipana North,LK-6233
LK-6233200,Pitipana South,LK-6233
LK-6233205,Weralabada,LK-6233
LK-6233210,Welihena,LK-6233
LK-6233215,Merawala,LK-6233
LK-6233220,Inigodawela,LK-6233
LK-6233225,Ihala Olidaluwa,LK-6233
LK-6233230,Maradankulama,LK-6233
LK-6233235,Olidaluwa,LK-6233
LK-6233240,Ambakandavila,LK-6233
LK-6233245,Kakkapalliya,LK-6233
LK-6236005,Athuwana,LK-6236
LK-6236010,Mahagama North,LK-6236
LK-6236015,Mahagama South,LK-6236
LK-6236020,Kongasyaya,LK-6236
LK-6236025,Ponnankanniya,LK-6236
LK-6236030,Manakkulama,LK-6236
LK-6236035,Dematapitiya,LK-6236
LK-6236040,Thambagalla West,LK-6236
LK-6236045,Thambagalla,LK-6236
LK-6236050,Thambagalla Watta,LK-6236
LK-6236055,Medagama,LK-6236
LK-6236060,Panirendawa,LK-6236
LK-6236065,Rathmal Agara,LK-6236
LK-6236070,Rathnagiriya,LK-6236
LK-6236075,Nankadawara,LK-6236
LK-6236080,Kuda Bingiriya,LK-6236
LK-6236085,Indigasvila,LK-6236
LK-6236090,Walahena,LK-6236
LK-6236095,Pambala,LK-6236
LK-6236100,Pambala South,LK-6236
LK-6236105,Hareendragama,LK-6236
LK-6236110,Sembukattiya,LK-6236
LK-6236115,Uraliya,LK-6236
LK-6236120,Heen Agara,LK-6236
LK-6236125,Kachchakadduwa,LK-6236
LK-6236130,Galmuruwa North,LK-6236
LK-6236135,Kudirippuwa,LK-6236
LK-6236140,Karukkuwatawana,LK-6236
LK-6236145,Erunvila,LK-6236
LK-6236150,Karukkuwa,LK-6236
LK-6236155,Galahitiyawa,LK-6236
LK-6236160,Maraggalagama,LK-6236
LK-6236165,Irattakulama North,LK-6236
LK-6236170,Irattakulama South,LK-6236
LK-6236175,Egodayagama,LK-6236
LK-6236180,Pattiyagama,LK-6236
LK-6236185,Ihalagama,LK-6236
LK-6236190,Uraliyagara,LK-6236
LK-6236195,Mellawagara,LK-6236
LK-6236200,Suduwella,LK-6236
LK-6236205,Pothuvila,LK-6236
LK-6236210,Pallakele,LK-6236
LK-6236215,Galmuruwa South,LK-6236
LK-6236220,Henapola,LK-6236
LK-6236225,Mugunuwatawana,LK-6236
LK-6236230,Pookulama,LK-6236
LK-6236235,Nelumpokuna,LK-6236
LK-6236240,Mahabaddegama,LK-6236
LK-6236245,Thaniwellegama,LK-6236
LK-6239005,Iranavila West,LK-6239
LK-6239010,Iranavila East,LK-6239
LK-6239015,Thoduwawa North,LK-6239
LK-6239020,Meda Thoduwawa,LK-6239
LK-6239025,Thoduwawa South,LK-6239
LK-6239030,Mattakotuwa,LK-6239
LK-6239035,Pahala Mahawewa,LK-6239
LK-6239040,Adapparagama,LK-6239
LK-6239045,Ihala Kudawewa,LK-6239
LK-6239050,Puruduwella,LK-6239
LK-6239055,Galamuna,LK-6239
LK-6239060,Medagoda,LK-6239
LK-6239065,Hewana,LK-6239
LK-6239070,Yatakalana,LK-6239
LK-6239075,Muttibendivila,LK-6239
LK-6239080,Ihala Walahapitiya,LK-6239
LK-6239085,Meda Walahapitiya,LK-6239
LK-6239090,Pahala Kudawewa,LK-6239
LK-6239095,Maligawatta,LK-6239
LK-6239100,Meda Mahawewa,LK-6239
LK-6239105,Veehena,LK-6239
LK-6239110,Mattakotuwella,LK-6239
LK-6239115,Barudelpola,LK-6239
LK-6239120,Ihala Mahawewa,LK-6239
LK-6239125,Pahala Koswadiya,LK-6239
LK-6239130,Meda Koswadiya,LK-6239
LK-6239135,Ihala Koswadiya,LK-6239
LK-6239140,Pahala Walahapitiya,LK-6239
LK-6239145,Panangoda,LK-6239
LK-6239150,Sagaragama,LK-6239
LK-6239155,Egodagoda,LK-6239
LK-6239160,Puhulhena,LK-6239
LK-6239165,Halpanvila East,LK-6239
LK-6239170,Meda Hattiniya,LK-6239
LK-6239175,Halpanvila West,LK-6239
LK-6239180,Thalvila,LK-6239
LK-6239185,Modarawella,LK-6239
LK-6239190,Pahala Hattiniya,LK-6239
LK-6239195,Maravila North,LK-6239
LK-6239200,Ihala Hattiniya,LK-6239
LK-6239205,Maranda North,LK-6239
LK-6239210,Maranda South,LK-6239
LK-6239215,Horagolla North,LK-6239
LK-6239220,Horagolla South,LK-6239
LK-6239225,Maravila Town,LK-6239
LK-6239230,Maravila South,LK-6239
LK-6239235,Maravila Wella,LK-6239
LK-6242005,Pahala Nattandiya,LK-6242
LK-6242010,Mailawa,LK-6242
LK-6242015,Pilakatumulla,LK-6242
LK-6242020,Dukkannawa,LK-6242
LK-6242025,Maningala,LK-6242
LK-6242030,Sandanangama,LK-6242
LK-6242035,Ihala Thabbowa,LK-6242
LK-6242040,Meda Thabbowa,LK-6242
LK-6242045,Pahala Thabbowa,LK-6242
LK-6242050,Weerahena East,LK-6242
LK-6242055,Ihala Nattandiya,LK-6242
LK-6242060,Meda Nattandiya,LK-6242
LK-6242065,Weerahena West,LK-6242
LK-6242070,Mudukatuwa North,LK-6242
LK-6242075,Mudukatuwa South,LK-6242
LK-6242080,Mudukatuwa East,LK-6242
LK-6242085,Pahala Mavila,LK-6242
LK-6242090,Meda Mavila,LK-6242
LK-6242095,Ihala Mavila,LK-6242
LK-6242100,Pahala Kottaramulla,LK-6242
LK-6242105,Paluwelgala North,LK-6242
LK-6242110,Kachchirawa,LK-6242
LK-6242115,Paluwelgala South,LK-6242
LK-6242120,Naravila,LK-6242
LK-6242125,Kuddetiyawa,LK-6242
LK-6242130,Yakdessawa,LK-6242
LK-6242135,Koswatta North,LK-6242
LK-6242140,Meegahawela,LK-6242
LK-6242145,Koswatta South,LK-6242
LK-6242150,Morakele South,LK-6242
LK-6242155,Meda Kottaramulla,LK-6242
LK-6242160,Morakele North,LK-6242
LK-6242165,Ihala Kottaramulla,LK-6242
LK-6242170,Thunmodara East,LK-6242
LK-6242175,Thunmodara West,LK-6242
LK-6242180,Nakele,LK-6242
LK-6242185,Ihala Katuneriya,LK-6242
LK-6242190,Bulugahawewa,LK-6242
LK-6242195,Nebadagahayaya,LK-6242
LK-6242200,Lansigama,LK-6242
LK-6242205,Pahala Kauneriya North,LK-6242
LK-6242210,Meda Pahala Katuneriya,LK-6242
LK-6242215,Pahala Katuneriya South,LK-6242
LK-6242220,Meda Katuneriya,LK-6242
LK-6242225,Meegahawewa,LK-6242
LK-6242230,Dematapitiya,LK-6242
LK-6242235,Dhammikagama,LK-6242
LK-6245005,Kolinjadiya West,LK-6245
LK-6245010,Kolinjadiya North,LK-6245
LK-6245015,Udasirigama,LK-6245
LK-6245020,Sirigampala North,LK-6245
LK-6245025,Lunuvila East,LK-6245
LK-6245030,Sirigampola South,LK-6245
LK-6245035,Meda Lunuwila,LK-6245
LK-6245040,Lunuwila West,LK-6245
LK-6245045,Wennappuwa North,LK-6245
LK-6245050,Kolinjadiya East,LK-6245
LK-6245055,Kolinjadiya South,LK-6245
LK-6245060,Ulhitiyawa West,LK-6245
LK-6245065,Ulhitiyawa North,LK-6245
LK-6245070,Meda Ulhitiyawa,LK-6245
LK-6245075,Wennappuwa West,LK-6245
LK-6245080,Meda Wennappuwa,LK-6245
LK-6245085,Wennappuwa East,LK-6245
LK-6245090,Lunuwila South,LK-6245
LK-6245095,Bandirippuwa North,LK-6245
LK-6245100,Bandirippuwa West,LK-6245
LK-6245105,Wennappuwa South,LK-6245
LK-6245110,Ulhitiyawa South,LK-6245
LK-6245115,Kadawatha,LK-6245
LK-6245120,Dummaladeniya West,LK-6245
LK-6245125,Meda Dummaladeniya,LK-6245
LK-6245130,Dummaladeniya North,LK-6245
LK-6245135,Bandirippuwa East,LK-6245
LK-6245140,Dummaladeniya East,LK-6245
LK-6245145,Dummaladeniya South,LK-6245
LK-6245150,Wellamankaraya,LK-6245
LK-6245155,Meda Nainamadama,LK-6245
LK-6245160,Hanathotupola,LK-6245
LK-6245165,Boralessa West,LK-6245
LK-6245170,Boralessa North,LK-6245
LK-6245175,Boralessa East,LK-6245
LK-6245180,Boralessa South,LK-6245
LK-6245185,Nainamadama West,LK-6245
LK-6245190,Nainamadama East,LK-6245
LK-6245195,Mirissankotuwa North,LK-6245
LK-6245200,Mirissankotuwa South,LK-6245
LK-6245205,Bolawatta,LK-6245
LK-6245210,Rangammulla,LK-6245
LK-6245215,Kammala,LK-6245
LK-6245220,Angampitiya East,LK-6245
LK-6245225,Angampitiya West,LK-6245
LK-6245230,Aluttota,LK-6245
LK-6245235,Sindathriya,LK-6245
LK-6245240,Waikkala North,LK-6245
LK-6245245,Waikkala South,LK-6245
LK-6245250,Bolana,LK-6245
LK-6245255,Thambarawila,LK-6245
LK-6245260,Thopputhota,LK-6245
LK-6248005,Bothalegama,LK-6248
LK-6248010,Kirimetiyana East,LK-6248
LK-6248015,Thulawala,LK-6248
LK-6248020,Hundirapola,LK-6248
LK-6248025,Pothuwatawana,LK-6248
LK-6248030,Lihiriyagama,LK-6248
LK-6248035,Kahatavila Part,LK-6248
LK-6248040,Kahatavila West,LK-6248
LK-6248045,Meda Kirimetiyana,LK-6248
LK-6248050,Kirimetiyana North,LK-6248
LK-6248055,Kirimetiyana West,LK-6248
LK-6248060,Kirimetiyana South,LK-6248
LK-6248065,Pansal Handiya,LK-6248
LK-6248070,Haldanduwana North,LK-6248
LK-6248075,Mellawa,LK-6248
LK-6248080,Ihala Bujjampola,LK-6248
LK-6248085,Pahala Bujjampola,LK-6248
LK-6248090,Haldanduwana West,LK-6248
LK-6248095,Meda Haldanduwana,LK-6248
LK-6248100,Katukenda East,LK-6248
LK-6248105,Meda Katukenda,LK-6248
LK-6248110,Gonavila North,LK-6248
LK-6248115,Meda Gonavila,LK-6248
LK-6248120,Katukenda West,LK-6248
LK-6248125,Dankotuwa West,LK-6248
LK-6248130,Dankotuwa North,LK-6248
LK-6248135,Ihala Dummalakotuwa,LK-6248
LK-6248140,Haldanduwana South,LK-6248
LK-6248145,Pahala Mohottimulla,LK-6248
LK-6248150,Ihala Mohottimulla,LK-6248
LK-6248155,Sendiriyamulla,LK-6248
LK-6248160,Singakkuliya,LK-6248
LK-6248165,Kaluwachchimulla,LK-6248
LK-6248170,Motemulla,LK-6248
LK-6248175,Etiyawala North,LK-6248
LK-6248180,Pahala Dummalakotuwa,LK-6248
LK-6248185,Dankotuwa East,LK-6248
LK-6248190,Dankotuwa South,LK-6248
LK-6248195,Gonavila South,LK-6248
LK-6248200,Godella,LK-6248
LK-6248205,Morukkuliya,LK-6248
LK-6248210,Metikotuwa,LK-6248
LK-6248215,Thamarakuliya,LK-6248
LK-6248220,Etiyawala South,LK-6248
LK-6248225,Jankurawela,LK-6248
LK-6248230,Yogiyana,LK-6248
LK-6248235,Dikwela,LK-6248
LK-7103005,Buddhangala,LK-7103
LK-7103010,Elikimbulagala,LK-7103
LK-7103015,Abhayapura,LK-7103
LK-7103020,Maithreepura,LK-7103
LK-7103025,Parakramapura,LK-7103
LK-7103030,Track B,LK-7103
LK-7103035,Bisokotuwa,LK-7103
LK-7103040,Sudarshanagama,LK-7103
LK-7103045,Balayawewa,LK-7103
LK-7103050,Mahasenpura,LK-7103
LK-7103055,Urewa,LK-7103
LK-7103060,Kumbukwewa,LK-7103
LK-7103065,Ruwanpura,LK-7103
LK-7103070,Bogahawewa,LK-7103
LK-7103075,Padaviya,LK-7103
LK-7106005,Halmillawetiya,LK-7106
LK-7106010,Kanugahawewa,LK-7106
LK-7106015,Herathhalmillewa,LK-7106
LK-7106020,Bellankadawela,LK-7106
LK-7106025,Punchimudagama,LK-7106
LK-7106030,D06 Wahalkada,LK-7106
LK-7106035,D05 Wahalkada,LK-7106
LK-7106040,D04 Wahalkada,LK-7106
LK-7106045,Kahatagollewa,LK-7106
LK-7106050,Thammennewa,LK-7106
LK-7106055,Kunchuttuwa,LK-7106
LK-7106060,Galawewa,LK-7106
LK-7106065,Thittagonewa,LK-7106
LK-7106070,Kurulugama,LK-7106
LK-7106075,Sinhalaetaweerawewa,LK-7106
LK-7106080,Ethalvidda Wewa,LK-7106
LK-7106085,Gonumeriyawa,LK-7106
LK-7106090,Kebithigollewa,LK-7106
LK-7106095,Ihala Usgollewa,LK-7106
LK-7106100,Aithiyagewewa,LK-7106
LK-7106105,Bandaraulpotha,LK-7106
LK-7106110,Kiriketuwewa,LK-7106
LK-7106115,Gonahathdenawa,LK-7106
LK-7106120,Thimbiriwewa,LK-7106
LK-7106125,Handagala Kirimetiyawa,LK-7106
LK-7106130,Wattewewa,LK-7106
LK-7109005,Prabodhagama,LK-7109
LK-7109010,Paranahalmillewa,LK-7109
LK-7109015,Lolugaswewa,LK-7109
LK-7109020,Puhudivula,LK-7109
LK-7109025,Heerallugama,LK-7109
LK-7109030,Ethakada,LK-7109
LK-7109035,Etaweeragollewa,LK-7109
LK-7109040,Kadawath Rambewa,LK-7109
LK-7109045,Maha Kumbukgollewa,LK-7109
LK-7109050,Kidawarankulama,LK-7109
LK-7109055,Anekattiya,LK-7109
LK-7109060,Periyakulama,LK-7109
LK-7109065,Poonewa,LK-7109
LK-7109070,Isinbessagama,LK-7109
LK-7109075,Maha Divulwewa,LK-7109
LK-7109080,Kidagalegama,LK-7109
LK-7109085,Moragoda,LK-7109
LK-7109090,Unagaswewa,LK-7109
LK-7109095,Kirigalwewa,LK-7109
LK-7109100,Angunochchiya,LK-7109
LK-7109105,Ekirikanda,LK-7109
LK-7109110,Railway Town,LK-7109
LK-7109115,Kadawathgama,LK-7109
LK-7109120,Kuda Kumbukgollewa,LK-7109
LK-7109125,Yakawewa,LK-7109
LK-7109130,Thammenna Elawaka,LK-7109
LK-7109135,Puleliya,LK-7109
LK-7109140,Viralmurippuwa,LK-7109
LK-7109145,Walpola,LK-7109
LK-7109150,Katuwela,LK-7109
LK-7109155,Medawachchiya West,LK-7109
LK-7109160,Medawachchiya East,LK-7109
LK-7109165,Kanadara Divulwewa,LK-7109
LK-7109170,Helambagaswewa,LK-7109
LK-7109175,Sangilikanadarawa,LK-7109
LK-7109180,Lindawewa,LK-7109
LK-7109185,Karambankulama,LK-7109
LK-7112005,Dematamalgama,LK-7112
LK-7112010,Thanthirimale,LK-7112
LK-7112015,Nelumvila,LK-7112
LK-7112020,Sandamaleliya,LK-7112
LK-7112025,Thuppitiyawa,LK-7112
LK-7112030,Ethdathkalla,LK-7112
LK-7112035,Randoowa,LK-7112
LK-7112040,Palugaswewa,LK-7112
LK-7112045,Mannaram Junction,LK-7112
LK-7112050,Kuda Vilachchiya,LK-7112
LK-7112055,Maha Vilachchiya,LK-7112
LK-7112060,Pemaduwa,LK-7112
LK-7112065,Kiralpetiyawa,LK-7112
LK-7112070,Navodagama,LK-7112
LK-7112075,Oyamaduwa,LK-7112
LK-7112080,Helambawewa,LK-7112
LK-7112085,Dunumadalawa,LK-7112
LK-7115005,Helambagaswewa,LK-7115
LK-7115010,Asirikgama,LK-7115
LK-7115015,Gambirigaswewa,LK-7115
LK-7115020,Aluthgama,LK-7115
LK-7115025,Galpottegama,LK-7115
LK-7115030,Maha Ehetuwewa,LK-7115
LK-7115035,Maningamuwa,LK-7115
LK-7115040,Elayapattuwa,LK-7115
LK-7115045,Diganegama,LK-7115
LK-7115050,Karambewa,LK-7115
LK-7115055,Galkadawala,LK-7115
LK-7115060,Poowarsankulama,LK-7115
LK-7115065,Paniyankadawala,LK-7115
LK-7115070,Parasangahawewa,LK-7115
LK-7115075,Mankadawala,LK-7115
LK-7115080,Saliyapura,LK-7115
LK-7115085,Ashokaramaya,LK-7115
LK-7115090,Perimiyankulama,LK-7115
LK-7115095,Katukeliyawa,LK-7115
LK-7115100,Pusiyankulama,LK-7115
LK-7115105,Maha Mankadawala,LK-7115
LK-7115110,Ilandagahawewa,LK-7115
LK-7115115,Vihara Kallanchiya,LK-7115
LK-7115120,Vihara Palugama,LK-7115
LK-7115125,Dewanampiyathissa Pura,LK-7115
LK-7115130,Abhayawewa,LK-7115
LK-7115135,Pethispura,LK-7115
LK-7115140,Bandara  Puliyankulama,LK-7115
LK-7115145,Jayanthi Gramaya,LK-7115
LK-7115150,Theppankulama,LK-7115
LK-7115155,Thannayamkulama,LK-7115
LK-7115160,Saliya Mawatha,LK-7115
LK-7115165,Shuddha Nagaraya,LK-7115
LK-7115170,Thisawewa,LK-7115
LK-7115175,Wessagiriya,LK-7115
LK-7115180,Isurumuniya,LK-7115
LK-7115185,Pandulagama,LK-7115
LK-7115190,Pahalagama,LK-7115
LK-7115195,Maha Bulankulama,LK-7115
LK-7115200,Ulukkulama,LK-7115
LK-7118005,Kolibendawewa,LK-7118
LK-7118010,Medagama,LK-7118
LK-7118015,Kadurugasdamana,LK-7118
LK-7118020,Siyambalagaswewa,LK-7118
LK-7118025,Katukeliyawa,LK-7118
LK-7118030,Wahamalgollewa Track 5,LK-7118
LK-7118035,Sangilikanadarawa,LK-7118
LK-7118040,Diviyaudabendawewa,LK-7118
LK-7118045,Talgahawewa,LK-7118
LK-7118050,Galkandegama,LK-7118
LK-7118055,Balahondawewa,LK-7118
LK-7118060,Pihimbiyagollewa,LK-7118
LK-7118065,Galweeragollewa,LK-7118
LK-7118070,Ambagahawewa,LK-7118
LK-7118075,Thamarahamillewa,LK-7118
LK-7118080,Wewelketiya,LK-7118
LK-7118085,Ihala Kolongaswewa,LK-7118
LK-7118090,Konakumbukwewa,LK-7118
LK-7118095,Kedewa,LK-7118
LK-7118100,Kallanchiya,LK-7118
LK-7118105,Gonewa,LK-7118
LK-7118110,Ikirigollewa,LK-7118
LK-7118115,Wahamalgollewa,LK-7118
LK-7118120,Wahamalgollewa Track 3,LK-7118
LK-7118125,Pallankulama,LK-7118
LK-7118130,Mahawewa,LK-7118
LK-7118135,Pandukabhayapura,LK-7118
LK-7118140,Katupuliyankulama,LK-7118
LK-7118145,Sandamalgama,LK-7118
LK-7118150,Rambewa,LK-7118
LK-7118155,Nabadagaswewa,LK-7118
LK-7118160,Mahakanadarawa R.B. Track 2,LK-7118
LK-7118165,Kapiriggama,LK-7118
LK-7118170,Peenagama,LK-7118
LK-7118175,Meemalwewa,LK-7118
LK-7118180,Rotawewa,LK-7118
LK-7118185,Kudagama,LK-7118
LK-7118190,Mahakanadarawa R.B. Track 1,LK-7118
LK-7121005,Kirigallewa,LK-7121
LK-7121010,Rathmalgahawewa,LK-7121
LK-7121015,Kudapattiya,LK-7121
LK-7121020,Maha Kubukwewa,LK-7121
LK-7121025,Palippothana,LK-7121
LK-7121030,Gonumeru Wewa,LK-7121
LK-7121035,Thurukkuragama,LK-7121
LK-7121040,Maha Kiribbewa,LK-7121
LK-7121045,Maha Galkandegama,LK-7121
LK-7121050,Dachchihalmillewa,LK-7121
LK-7121055,Maha Hammillewa,LK-7121
LK-7121060,Kubukgollewa,LK-7121
LK-7121065,Pandarellewa,LK-7121
LK-7121070,Sampathgama,LK-7121
LK-7121075,Thallattewa,LK-7121
LK-7121080,Mahawewa,LK-7121
LK-7121085,Kahatagasdigiliya East,LK-7121
LK-7121090,Kahatagasdigiliya West,LK-7121
LK-7121095,Kokmaduwa,LK-7121
LK-7121100,Moragahawela,LK-7121
LK-7121105,Samadigama,LK-7121
LK-7121110,Mekichchawa,LK-7121
LK-7121115,Ranpathwila,LK-7121
LK-7121120,Bethkewa - Thulana,LK-7121
LK-7121125,Maha Messalewa,LK-7121
LK-7121130,Kohobagaskada,LK-7121
LK-7121135,Konwewa,LK-7121
LK-7121140,Abagahawewa,LK-7121
LK-7121145,Panwella,LK-7121
LK-7121150,Mee - Kumbukwewa,LK-7121
LK-7121155,Tikkampothana,LK-7121
LK-7121160,Punchi Halmillewa,LK-7121
LK-7121165,Weligollewa,LK-7121
LK-7121170,Divulwewa,LK-7121
LK-7121175,Diganhalmillewa,LK-7121
LK-7121180,Kelenikawewa,LK-7121
LK-7121185,Nelugollakada,LK-7121
LK-7121190,Ellawewa,LK-7121
LK-7121195,Nekutunu Wewa,LK-7121
LK-7121200,Kanadara - Rathmale,LK-7121
LK-7124005,Wahalkada D 2,LK-7124
LK-7124010,Wahalkada D 1,LK-7124
LK-7124015,Maradanmaduwa,LK-7124
LK-7124020,Pahala Divulwewa,LK-7124
LK-7124025,Weerasole,LK-7124
LK-7124030,Anaolondewa,LK-7124
LK-7124035,Kapugollewa,LK-7124
LK-7124040,Wagollakada,LK-7124
LK-7124045,Dutuwewa,LK-7124
LK-7124050,Morawewa,LK-7124
LK-7124055,Thawalanhalmillewa,LK-7124
LK-7124060,Thimbiriettawala,LK-7124
LK-7124065,Nikawewa,LK-7124
LK-7124070,Welimuwapothana,LK-7124
LK-7124075,Kivulekada,LK-7124
LK-7124080,Puhulewewa,LK-7124
LK-7124085,Rathmale,LK-7124
LK-7124090,Welangahaulpatha,LK-7124
LK-7124095,Maradankadawela,LK-7124
LK-7124100,Horowpothana,LK-7124
LK-7124105,Medawachchiya Junction,LK-7124
LK-7124110,Mukkarawewa,LK-7124
LK-7124115,Ihala Angunachchiya,LK-7124
LK-7124120,Rasnaka wewa,LK-7124
LK-7124125,Walahaviddawewa,LK-7124
LK-7124130,Gammahegewewa,LK-7124
LK-7124135,Morakewa,LK-7124
LK-7124140,Nanumillewewa,LK-7124
LK-7124145,Thirappankadawala,LK-7124
LK-7124150,Parangiyawadiya,LK-7124
LK-7124155,Nabadawewa,LK-7124
LK-7124160,Puliyankadawala,LK-7124
LK-7124165,Vilewewa,LK-7124
LK-7124170,Wadigawewa,LK-7124
LK-7124175,Kalpe,LK-7124
LK-7124180,Dekethipothana,LK-7124
LK-7124185,Dematawewa,LK-7124
LK-7124190,Diyatittawewa,LK-7124
LK-7127005,Konwewa,LK-7127
LK-7127010,Ellawewa,LK-7127
LK-7127015,Kataranpuraya,LK-7127
LK-7127020,Dutuwewa,LK-7127
LK-7127025,Perettupala Gama,LK-7127
LK-7127030,Kokawewa,LK-7127
LK-7127035,Dutuwewa Paranagama,LK-7127
LK-7127040,21 Colony East,LK-7127
LK-7127045,21 Colony West,LK-7127
LK-7127050,Ulpathgama,LK-7127
LK-7127055,Upuldeniya,LK-7127
LK-7127060,Himbutugollewa,LK-7127
LK-7127065,Mailagaswewa,LK-7127
LK-7127070,Ihalagama,LK-7127
LK-7127075,Galenbindunuwewa,LK-7127
LK-7127080,Karuwalagaswewa,LK-7127
LK-7127085,Palugollagama,LK-7127
LK-7127090,Aluth Divulwewa,LK-7127
LK-7127095,Getalawa,LK-7127
LK-7127100,Hurulunikawewa,LK-7127
LK-7127105,Ilukbadayagama,LK-7127
LK-7127110,Kuda Galenbindunuwewa,LK-7127
LK-7127115,Thammennagama,LK-7127
LK-7127120,Sivalakulama,LK-7127
LK-7127125,Gomarankalla,LK-7127
LK-7127130,Hurulunikawewa,LK-7127
LK-7127135,Kumbukwewa,LK-7127
LK-7127140,Janasirigama,LK-7127
LK-7127145,Kurunegala Colony,LK-7127
LK-7127150,Nuwaragam Colony,LK-7127
LK-7127155,Hurulu Jayapura,LK-7127
LK-7127160,Sunanda Mawatha,LK-7127
LK-7127165,Galwaduwagama,LK-7127
LK-7127170,Muriyakadawala,LK-7127
LK-7127175,Ihala Galkulama,LK-7127
LK-7127180,Hurulumeegahapattiya,LK-7127
LK-7127185,Nuwaraeli Colony,LK-7127
LK-7127190,Pandikaramaduwa,LK-7127
LK-7127195,Yakalla,LK-7127
LK-7127200,Manankattiya,LK-7127
LK-7127205,Wannamkulama,LK-7127
LK-7130005,Ukkulankulama,LK-7130
LK-7130010,Mahakandarawa Track 3,LK-7130
LK-7130015,Mahakandarawa Track 2,LK-7130
LK-7130020,Mahakandarawa Track 1,LK-7130
LK-7130025,Maradankulama,LK-7130
LK-7130030,Doramadalawa,LK-7130
LK-7130035,Kunchikulama,LK-7130
LK-7130040,Hene Watta,LK-7130
LK-7130045,Nuwarawewa,LK-7130
LK-7130050,Kurundankulama,LK-7130
LK-7130055,Kannattiya,LK-7130
LK-7130060,Mihinthale,LK-7130
LK-7130065,Ruwangama,LK-7130
LK-7130070,Namalwewa,LK-7130
LK-7130075,Bogahayaya,LK-7130
LK-7130080,Pothana,LK-7130
LK-7130085,Seeppukulama,LK-7130
LK-7130090,Thammmennawa,LK-7130
LK-7130095,Kasamaduwa,LK-7130
LK-7130100,Katukeliyawa,LK-7130
LK-7130105,Kattaduwagama,LK-7130
LK-7130110,Kahapathvilagama,LK-7130
LK-7130115,Ihalagama,LK-7130
LK-7130120,Maradankalla,LK-7130
LK-7130125,Wellaragama,LK-7130
LK-7133005,Nuwara Wewa,LK-7133
LK-7133010,Step 1 part 1,LK-7133
LK-7133015,Mahakalattewa,LK-7133
LK-7133020,Thariyankulama,LK-7133
LK-7133025,Nelunkanniya,LK-7133
LK-7133030,Kuda Nelumkulama,LK-7133
LK-7133035,Keerikkulama,LK-7133
LK-7133040,Thammennapura,LK-7133
LK-7133045,Wannithammennawa,LK-7133
LK-7133050,Thammennakulama,LK-7133
LK-7133055,Step 1 part 2,LK-7133
LK-7133060,Step 2 part 3,LK-7133
LK-7133065,Step 2 part 2,LK-7133
LK-7133070,Pothanegama,LK-7133
LK-7133075,Step 3 part 3,LK-7133
LK-7133080,Step2 part 1,LK-7133
LK-7133085,Step 2 part 4,LK-7133
LK-7133090,Wanniyankulama kotasa 4,LK-7133
LK-7133095,Wanniyankulama kotasa 5,LK-7133
LK-7133100,Wanniyankulama kotasa 6,LK-7133
LK-7133105,Gnanikulama,LK-7133
LK-7133110,Kawarakkulama,LK-7133
LK-7133115,MahaPaladikulama,LK-7133
LK-7133120,Step 3 part 1,LK-7133
LK-7133125,Step 3 part 2,LK-7133
LK-7133130,Wanniyankulama kotasa 3,LK-7133
LK-7133135,Wanniyankulama kotasa 1,LK-7133
LK-7133140,Wanniyankulama kotasa 2,LK-7133
LK-7133145,Sucharithagama,LK-7133
LK-7136005,Kimbulakada,LK-7136
LK-7136010,Shrawasthipura,LK-7136
LK-7136015,Kuda Nelubewa,LK-7136
LK-7136020,Shrawasthiwatta,LK-7136
LK-7136025,Aluthwewa,LK-7136
LK-7136030,Amane,LK-7136
LK-7136035,Maha Nelubewa,LK-7136
LK-7136040,Divulwewa,LK-7136
LK-7136045,Hidogama,LK-7136
LK-7136050,Pawakkulama,LK-7136
LK-7136055,Kaluvila North,LK-7136
LK-7136060,Madawalagama,LK-7136
LK-7136065,Nachchaduwa,LK-7136
LK-7136070,Nachchadoowa New Town,LK-7136
LK-7136075,Palayakulama,LK-7136
LK-7136080,Suhadagama,LK-7136
LK-7136085,Thuruwila,LK-7136
LK-7136090,Kaluarachchiyagama,LK-7136
LK-7136095,Pahalawewa,LK-7136
LK-7139005,Kukulkatuwa,LK-7139
LK-7139010,Ittikulama,LK-7139
LK-7139015,Ranorawa,LK-7139
LK-7139020,Mahalindawewa,LK-7139
LK-7139025,Bogahawewa,LK-7139
LK-7139030,Ambagahawewa,LK-7139
LK-7139035,Ehetuwagama,LK-7139
LK-7139040,Thalgaswewa,LK-7139
LK-7139045,Hunuvilagama,LK-7139
LK-7139050,Horuvila,LK-7139
LK-7139055,Lindawewa,LK-7139
LK-7139060,Kusumpura,LK-7139
LK-7139065,Mudithagama,LK-7139
LK-7139070,Ralapanawagama,LK-7139
LK-7139075,Adampane,LK-7139
LK-7139080,Andarawewa,LK-7139
LK-7139085,Ralapanawa Colony,LK-7139
LK-7139090,Nochchiyagama,LK-7139
LK-7139095,Dunudambuwewa,LK-7139
LK-7139100,Thimbiriwewa,LK-7139
LK-7139105,Katupathwewa,LK-7139
LK-7139110,Pahala Maragahawewa,LK-7139
LK-7139115,Nelawagama,LK-7139
LK-7139120,Pahala Halmillewa,LK-7139
LK-7139125,Halmillakulama,LK-7139
LK-7139130,Dunupothagama,LK-7139
LK-7139135,Dombawalagama,LK-7139
LK-7139140,Pahamunegama,LK-7139
LK-7139145,Navakkulama,LK-7139
LK-7139150,Galadivulwewa,LK-7139
LK-7139155,Jayagama,LK-7139
LK-7139160,Amunukole,LK-7139
LK-7139165,Mihiripura,LK-7139
LK-7139170,Pahala Kedithokkuwa,LK-7139
LK-7139175,Rankethgama,LK-7139
LK-7139180,Ottappuwa,LK-7139
LK-7142005,Track 13 - 18,LK-7142
LK-7142010,Track 16  - 17,LK-7142
LK-7142015,Veheragala,LK-7142
LK-7142020,Track 12,LK-7142
LK-7142025,Track 9 - 10,LK-7142
LK-7142030,Track 11,LK-7142
LK-7142035,Track 15,LK-7142
LK-7142040,Gemunupura,LK-7142
LK-7142045,Track 7,LK-7142
LK-7142050,Thumbullegama,LK-7142
LK-7142055,Randenigama,LK-7142
LK-7142060,Track 4,LK-7142
LK-7142065,Track 3,LK-7142
LK-7142070,Naigala,LK-7142
LK-7142075,Thissapura,LK-7142
LK-7142080,Maha Thimbirikalla,LK-7142
LK-7142085,Angamuwa,LK-7142
LK-7142090,4 1/2 Kanuwa,LK-7142
LK-7142095,Sirimapura,LK-7142
LK-7142100,panthiyawa,LK-7142
LK-7142105,Kalundegama,LK-7142
LK-7145005,Kongollewa,LK-7145
LK-7145010,Kelegama,LK-7145
LK-7145015,Pahalagama,LK-7145
LK-7145020,Solama,LK-7145
LK-7145025,Maha Bellankadawala,LK-7145
LK-7145030,Eriyagama,LK-7145
LK-7145035,Delnegama,LK-7145
LK-7145040,Kuda Bellankadawala,LK-7145
LK-7145045,Konwewa,LK-7145
LK-7145050,Jayasirigama,LK-7145
LK-7145055,Lunuwewa,LK-7145
LK-7145060,Veheragala,LK-7145
LK-7145065,Thammennagama,LK-7145
LK-7145070,Nallachchiya,LK-7145
LK-7145075,Galviharawewa,LK-7145
LK-7145080,Thelhiriyawa,LK-7145
LK-7145085,Ikiriwewa,LK-7145
LK-7145090,Musalpitiya,LK-7145
LK-7145095,Thambuttegama,LK-7145
LK-7145100,Thispanepura,LK-7145
LK-7145105,Makulewa,LK-7145
LK-7145110,Thammennawa,LK-7145
LK-7145115,Mudungoda,LK-7145
LK-7145120,Helambawewa,LK-7145
LK-7145125,Hureegaswewa,LK-7145
LK-7145130,Weliyawa,LK-7145
LK-7148005,Daladapura,LK-7148
LK-7148010,Pahala Talawa,LK-7148
LK-7148015,Moragoda,LK-7148
LK-7148020,Kumbukgahawewa,LK-7148
LK-7148025,Nawa Hanguranketha,LK-7148
LK-7148030,Hirigollegama,LK-7148
LK-7148035,Karagahawewa,LK-7148
LK-7148040,Ihala Thalawa,LK-7148
LK-7148045,Hinguruwewa,LK-7148
LK-7148050,Korakahawewa,LK-7148
LK-7148055,Kurunduwewa,LK-7148
LK-7148060,Meegassegama,LK-7148
LK-7148065,Kiralogama,LK-7148
LK-7148070,Kadurugaswewa,LK-7148
LK-7148075,Palugaswewa,LK-7148
LK-7148080,Ketakale,LK-7148
LK-7148085,Rajjallegama,LK-7148
LK-7148090,Eliyadivulwewa,LK-7148
LK-7148095,Ihala Siyambalewa,LK-7148
LK-7148100,Eppawala,LK-7148
LK-7148105,Mawathawewa,LK-7148
LK-7148110,Nallamudawa,LK-7148
LK-7148115,Medagama,LK-7148
LK-7148120,Kiriamunukole,LK-7148
LK-7148125,Kadigawa,LK-7148
LK-7148130,Mediyawa,LK-7148
LK-7148135,Katiyawa Track 02,LK-7148
LK-7148140,Galwaduwagama,LK-7148
LK-7148145,Ihala Halmillewa,LK-7148
LK-7148150,Adhiranigama,LK-7148
LK-7148155,Katiyawa Track 10,LK-7148
LK-7148160,Katiyawa Track 09,LK-7148
LK-7148165,Katiyawa Track 01,LK-7148
LK-7148170,Endagala,LK-7148
LK-7148175,Kelesiyambalewa,LK-7148
LK-7148180,Galmaduwa,LK-7148
LK-7148185,Ihalagama,LK-7148
LK-7148190,Keledivulwewa,LK-7148
LK-7148195,Katiyawa Track 06,LK-7148
LK-7151005,Karuwalagaswewa,LK-7151
LK-7151010,Galkulama,LK-7151
LK-7151015,Gnanikkulama,LK-7151
LK-7151020,Perimiyankulama,LK-7151
LK-7151025,Wannamkulama,LK-7151
LK-7151030,Uttimaduwa,LK-7151
LK-7151035,Dematawewa,LK-7151
LK-7151040,Pairimaduwa,LK-7151
LK-7151045,Kuttikulama,LK-7151
LK-7151050,Puliyankulama,LK-7151
LK-7151055,Mawathawewa,LK-7151
LK-7151060,Periyakulama,LK-7151
LK-7151065,Ethungama South,LK-7151
LK-7151070,Meewellewa,LK-7151
LK-7151075,Ethungama North,LK-7151
LK-7151080,Aluth Punchikulama,LK-7151
LK-7151085,Wannammaduwa,LK-7151
LK-7151090,Thirappane Kadaweediya,LK-7151
LK-7151095,Thirappanegama,LK-7151
LK-7151100,Sembukulama,LK-7151
LK-7151105,Wellamudawa,LK-7151
LK-7151110,Selesthimaduwa,LK-7151
LK-7151115,Idigahawewa,LK-7151
LK-7151120,Paidikulama,LK-7151
LK-7151125,Walagambahuwa,LK-7151
LK-7151130,Mahakanumulla,LK-7151
LK-7151135,Alisthana,LK-7151
LK-7151140,Dayagama,LK-7151
LK-7151145,Wanamal Uyana,LK-7151
LK-7151150,Manakkulama,LK-7151
LK-7151155,Pethis Rambewa,LK-7151
LK-7151160,Kattamurichchana,LK-7151
LK-7151165,Kadupagama,LK-7151
LK-7151170,Labunoruwa,LK-7151
LK-7151175,Pahala Abatale,LK-7151
LK-7151180,Ihala Ambatale,LK-7151
LK-7151185,Alagollewa,LK-7151
LK-7151190,Muriyakadawala,LK-7151
LK-7151195,Amunichchiya,LK-7151
LK-7151200,Sandapagama,LK-7151
LK-7151205,Uttupitiya,LK-7151
LK-7154005,Navakkulama,LK-7154
LK-7154010,Moragoda,LK-7154
LK-7154015,Mahadivulwewa,LK-7154
LK-7154020,Keeriyagaswewa,LK-7154
LK-7154025,Ihala Puliyankulama,LK-7154
LK-7154030,Kelepuliyankulama,LK-7154
LK-7154035,Maradankadawela,LK-7154
LK-7154040,Thoruwewa,LK-7154
LK-7154045,Mamineeyawa,LK-7154
LK-7154050,Maminiya  Rambewa,LK-7154
LK-7154055,Ganewalpola,LK-7154
LK-7154060,Heenukkiriyawa,LK-7154
LK-7154065,Embulgaswewa,LK-7154
LK-7154070,Olukarada,LK-7154
LK-7154075,Kollankuttigama,LK-7154
LK-7154080,Mudaperumagama,LK-7154
LK-7154085,Ihalagama,LK-7154
LK-7154090,Shasthrawelliya,LK-7154
LK-7154095,Railway Town,LK-7154
LK-7154100,Maradankadawala Road,LK-7154
LK-7154105,Maldenipura,LK-7154
LK-7154110,Mankadawela,LK-7154
LK-7154115,Medawewa,LK-7154
LK-7154120,Pothanegama,LK-7154
LK-7154125,Kuda Kekirawa,LK-7154
LK-7154130,Kekirawa Town,LK-7154
LK-7154135,Malawa,LK-7154
LK-7154140,Neekiniyawa,LK-7154
LK-7154145,Mailagaswewa,LK-7154
LK-7154150,Karukkankulama,LK-7154
LK-7154155,Olombewa,LK-7154
LK-7154160,Maha Kekirawa,LK-7154
LK-7154165,Kumbukwewa,LK-7154
LK-7154170,Rathmallewa,LK-7154
LK-7154175,Medagama,LK-7154
LK-7154180,Korasagalla,LK-7154
LK-7154185,Unagollewa,LK-7154
LK-7154190,Horapola,LK-7154
LK-7154195,Dambewatana,LK-7154
LK-7154200,Uduruwa,LK-7154
LK-7154205,Nidigama,LK-7154
LK-7154210,Maha Elagamuwa,LK-7154
LK-7154215,Pallehingura,LK-7154
LK-7154220,Nelbegama,LK-7154
LK-7154225,Murungahitikanda,LK-7154
LK-7154230,Baravila,LK-7154
LK-7154235,Bandarapothana,LK-7154
LK-7154240,Kotagala,LK-7154
LK-7154245,Madatugama,LK-7154
LK-7154250,Dunumadalawa,LK-7154
LK-7154255,Kandalama West,LK-7154
LK-7154260,Kithulhitiyawa,LK-7154
LK-7154265,Kandalama East,LK-7154
LK-7157005,Maithreegama,LK-7157
LK-7157010,Maha Rambawewa,LK-7157
LK-7157015,Madawala,LK-7157
LK-7157020,Eppawela,LK-7157
LK-7157025,Galapitagala,LK-7157
LK-7157030,Kumbukwewa,LK-7157
LK-7157035,Senadhiriyagama,LK-7157
LK-7157040,Horivila,LK-7157
LK-7157045,Palugaswewa,LK-7157
LK-7157050,Kuda Rambawewa,LK-7157
LK-7157055,Habarana,LK-7157
LK-7157060,Demuththewa,LK-7157
LK-7157065,Kelewa,LK-7157
LK-7157070,Wayaulpatha,LK-7157
LK-7157075,Hiriwadunna,LK-7157
LK-7157080,Kashyapagama,LK-7157
LK-7160005,Dikwewa-Senapura,LK-7160
LK-7160010,Galagedara Gama,LK-7160
LK-7160015,Senapura Gama,LK-7160
LK-7160020,Mahailuppallama,LK-7160
LK-7160025,Gonapathirawa,LK-7160
LK-7160030,Sangattewa,LK-7160
LK-7160035,Kadiyangalla,LK-7160
LK-7160040,Ipalogama,LK-7160
LK-7160045,Manewa,LK-7160
LK-7160050,Heenukwe Gama,LK-7160
LK-7160055,Dampelessa Gama,LK-7160
LK-7160060,Ihala Kagama,LK-7160
LK-7160065,Kunchikulama,LK-7160
LK-7160070,Hiripitiya Gama,LK-7160
LK-7160075,Aswedduma,LK-7160
LK-7160080,Ganthiriya Gama,LK-7160
LK-7160085,Galwanguwa,LK-7160
LK-7160090,Wedinigama,LK-7160
LK-7160095,Narangallegama,LK-7160
LK-7160100,Kallanchiya Gama,LK-7160
LK-7160105,Aluth Dambewatana,LK-7160
LK-7160110,Kagama 5 Ela,LK-7160
LK-7160115,2 Ela Kagama,LK-7160
LK-7160120,Akkara 500,LK-7160
LK-7160125,Amunuwetiya,LK-7160
LK-7160130,Puliyankulama,LK-7160
LK-7160135,Vijithapura,LK-7160
LK-7160140,Amanakkattuwa,LK-7160
LK-7160145,Kalawewa,LK-7160
LK-7160150,Kusalanagama,LK-7160
LK-7160155,Palugaswewa Farm,LK-7160
LK-7160160,Walawwegama,LK-7160
LK-7163005,Namalgamuwa,LK-7163
LK-7163010,Obadayagama,LK-7163
LK-7163015,Otunupelandigama,LK-7163
LK-7163020,Karuwalagaswewa,LK-7163
LK-7163025,Usgala Halmillawewa,LK-7163
LK-7163030,Helabodu Gama,LK-7163
LK-7163035,Kattaragama,LK-7163
LK-7163040,Bulnewa,LK-7163
LK-7163045,Thorane Gama,LK-7163
LK-7163050,Midellewa,LK-7163
LK-7163055,Ihala Kalankuttiya,LK-7163
LK-7163060,Pahala Kalankuttiya,LK-7163
LK-7163065,Siyambalewa,LK-7163
LK-7163070,Lolugaswewa,LK-7163
LK-7163075,Pitiye Yaya,LK-7163
LK-7163080,Galnewa Gama,LK-7163
LK-7163085,Galnewa Town,LK-7163
LK-7163090,Malbaligala,LK-7163
LK-7163095,Hadungama,LK-7163
LK-7163100,Musnawa,LK-7163
LK-7163105,Kala Madawachiya,LK-7163
LK-7163110,Kumbukwewa,LK-7163
LK-7163115,Kallanchiya,LK-7163
LK-7163120,Negama,LK-7163
LK-7163125,Verunkulama,LK-7163
LK-7163130,Walaswewa,LK-7163
LK-7163135,Kandegama,LK-7163
LK-7163140,Kandule Gama,LK-7163
LK-7163145,Kandulugamuwa,LK-7163
LK-7163150,Siyabalangamuwa South,LK-7163
LK-7166005,Nelliyagama,LK-7166
LK-7166010,Balaluwewa 2,LK-7166
LK-7166015,Balaluwewa,LK-7166
LK-7166020,Pahalagama,LK-7166
LK-7166025,Karavilagala,LK-7166
LK-7166030,Gam Sabha Halmilla Wewa,LK-7166
LK-7166035,Gonadeniyagama,LK-7166
LK-7166040,Meewewa,LK-7166
LK-7166045,Ambagaswewa,LK-7166
LK-7166050,Wambatuwewa,LK-7166
LK-7166055,Hinguruwewa,LK-7166
LK-7166060,Kirindiwatta,LK-7166
LK-7166065,Aluth Galkiriyagama,LK-7166
LK-7166070,Daniyagama,LK-7166
LK-7166075,Undurawa Halmilla Wewa,LK-7166
LK-7166080,Katukeliyawa,LK-7166
LK-7166085,Aluth Kadadugama,LK-7166
LK-7166090,Ranawa,LK-7166
LK-7166095,Hinguruwelpitiya,LK-7166
LK-7166100,Anakatawewa,LK-7166
LK-7166105,Giranegama,LK-7166
LK-7166110,Dambulu Halmilla Wewa,LK-7166
LK-7166115,Narangaswewa,LK-7166
LK-7166120,Ulpathagama,LK-7166
LK-7166125,Ellawewa,LK-7166
LK-7166130,Andiyagala,LK-7166
LK-7166135,Maneruwa,LK-7166
LK-7166140,Ipulwehera,LK-7166
LK-7166145,Gambirigaswewa,LK-7166
LK-7166150,Parawahagama,LK-7166
LK-7166155,Kalugala,LK-7166
LK-7166160,Pelbendiyawa,LK-7166
LK-7166165,Morotte Gama,LK-7166
LK-7166170,Dembatagolle Gama,LK-7166
LK-7166175,Budugehinna,LK-7166
LK-7203005,Sinhagama,LK-7203
LK-7203010,Galoya,LK-7203
LK-7203015,Rotawewa,LK-7203
LK-7203020,Rathmale,LK-7203
LK-7203025,Paluwaddana,LK-7203
LK-7203030,Yodha Ela,LK-7203
LK-7203035,Yatiyalpathana,LK-7203
LK-7203040,Rankothgama,LK-7203
LK-7203045,Siriketha,LK-7203
LK-7203050,Kumaragama,LK-7203
LK-7203055,Samapura,LK-7203
LK-7203060,Kimbulawala,LK-7203
LK-7203065,Ulpathwewa,LK-7203
LK-7203070,Minihirigama,LK-7203
LK-7203075,Moragaswewa,LK-7203
LK-7203080,Mahasengama,LK-7203
LK-7203085,Bathgampattuwa,LK-7203
LK-7203090,Samagipura,LK-7203
LK-7203095,Minneriya,LK-7203
LK-7203100,Pasiyawewa,LK-7203
LK-7203105,Akkara 70,LK-7203
LK-7203110,R.B. 01,LK-7203
LK-7203115,Pulathisigama,LK-7203
LK-7203120,Ulkatupotha,LK-7203
LK-7203125,Bopura,LK-7203
LK-7203130,Jayapura,LK-7203
LK-7203135,Hinguraka bandaragama,LK-7203
LK-7203140,Hinguraka,LK-7203
LK-7203145,Hathamuna,LK-7203
LK-7203150,Hingurakgoda,LK-7203
LK-7203155,Bubula,LK-7203
LK-7203160,Raja Ela,LK-7203
LK-7203165,Raja Ela Gama,LK-7203
LK-7203170,Muwanpelessa,LK-7203
LK-7203175,C.P.Pura,LK-7203
LK-7203180,Girithale,LK-7203
LK-7203185,Girithale Puranagama,LK-7203
LK-7203190,Girithale Colony,LK-7203
LK-7203195,Henkolawela,LK-7203
LK-7203200,Jayanthipura,LK-7203
LK-7203205,Unagalavehera West,LK-7203
LK-7203210,Unagalavehera East,LK-7203
LK-7203215,Chandana Pokuna,LK-7203
LK-7203220,Nagapokuna,LK-7203
LK-7203225,Track 12 Pedesa,LK-7203
LK-7203230,Chethiyagirigama,LK-7203
LK-7203235,Weeragama,LK-7203
LK-7203240,Track 05 Pedesa,LK-7203
LK-7203245,Wijayaraja Wewa,LK-7203
LK-7203250,Agbopura,LK-7203
LK-7203255,Katukeliyawa,LK-7203
LK-7203260,Sudukanda - Nikawewa,LK-7203
LK-7203265,Thambalawewa,LK-7203
LK-7206005,wedikachchiya,LK-7206
LK-7206010,Jayathugama,LK-7206
LK-7206015,Ekamuthugama,LK-7206
LK-7206020,Meegaswewa,LK-7206
LK-7206025,Palliyagodella,LK-7206
LK-7206030,Wadigawewa,LK-7206
LK-7206035,Senarathpura,LK-7206
LK-7206040,Etambaoya,LK-7206
LK-7206045,Kavuduluwewa (Ralapanawa),LK-7206
LK-7206050,Meniksorowwa,LK-7206
LK-7206055,Bisobandara,LK-7206
LK-7206060,Thissapura,LK-7206
LK-7206065,Abhayapuragama,LK-7206
LK-7206070,New Town,LK-7206
LK-7206075,Diggalpura,LK-7206
LK-7206080,Wedehapura,LK-7206
LK-7206085,Bisobandara Gama,LK-7206
LK-7206090,Ambagaswewa,LK-7206
LK-7206095,Jayagampura,LK-7206
LK-7206100,Nagarapura,LK-7206
LK-7206105,Kumudupura,LK-7206
LK-7206110,Damsopura,LK-7206
LK-7206115,Aluthwewa,LK-7206
LK-7206120,Thalakolawewa,LK-7206
LK-7206125,Ihalagama,LK-7206
LK-7206130,Wijayapura,LK-7206
LK-7206135,Bisouyana,LK-7206
LK-7206140,Diyasenpura,LK-7206
LK-7206145,Gajabapura,LK-7206
LK-7206150,Kavudulugama,LK-7206
LK-7206155,Mandalagiriya,LK-7206
LK-7206160,Medirigiriya,LK-7206
LK-7206165,Viharagama,LK-7206
LK-7206170,Divulankadawala,LK-7206
LK-7206175,Nelumpokuna,LK-7206
LK-7206180,Thissa Amuna,LK-7206
LK-7206185,Kusumpokuna,LK-7206
LK-7206190,Wijayarajapura,LK-7206
LK-7206195,Perakumpura,LK-7206
LK-7206200,Kahambiliyawa,LK-7206
LK-7206205,Akbarpura,LK-7206
LK-7206210,Sansungama,LK-7206
LK-7206215,Veheragala,LK-7206
LK-7206220,Mahasenpura,LK-7206
LK-7206225,Yudhaganawa,LK-7206
LK-7209005,Weli Ela,LK-7209
LK-7209010,Maha Kirimetiya,LK-7209
LK-7209015,Buddhayaya,LK-7209
LK-7209020,Sungavila,LK-7209
LK-7209025,Jayabima,LK-7209
LK-7209030,Jayapura,LK-7209
LK-7209035,Nelumpura,LK-7209
LK-7209040,Patunugama,LK-7209
LK-7209045,Munisirigama,LK-7209
LK-7209050,Pansalgodella,LK-7209
LK-7209055,Galamuna,LK-7209
LK-7209060,Hingurakdamana,LK-7209
LK-7209065,Gemunupura,LK-7209
LK-7209070,Senanayakapura,LK-7209
LK-7209075,Debarella,LK-7209
LK-7209080,Somapura,LK-7209
LK-7209085,Abhayapura,LK-7209
LK-7209090,Sanghabodhigama,LK-7209
LK-7209095,Pulasthigama,LK-7209
LK-7209100,Kegalugama,LK-7209
LK-7209105,Thalpotha,LK-7209
LK-7209110,Bauddhartha Gama,LK-7209
LK-7209115,Lankapura,LK-7209
LK-7209120,Rifaipura,LK-7209
LK-7209125,Alhilalpura,LK-7209
LK-7209130,Thambala,LK-7209
LK-7209135,Onegama Muslimgama,LK-7209
LK-7209140,Weerapura,LK-7209
LK-7210005,Sinhapura,LK-7210
LK-7210010,Kandakaduwa,LK-7210
LK-7210015,Katuwanvila West,LK-7210
LK-7210020,Katuwanvila East,LK-7210
LK-7210025,Kudapokuna,LK-7210
LK-7210030,Muthuwella,LK-7210
LK-7210035,Mahindagama,LK-7210
LK-7210040,Mangulpokuna,LK-7210
LK-7210045,Ruhunuketha,LK-7210
LK-7210050,Malvila,LK-7210
LK-7210055,Senapura,LK-7210
LK-7210060,Muthugala,LK-7210
LK-7210065,Alinchipothana,LK-7210
LK-7210070,Madurangala,LK-7210
LK-7210075,Malinda,LK-7210
LK-7210080,Sandunpitiya,LK-7210
LK-7210085,Susirigama,LK-7210
LK-7210090,Monarathenna,LK-7210
LK-7210095,Welikanda,LK-7210
LK-7210100,Kadawath Maduwa,LK-7210
LK-7210105,Bo-Atta,LK-7210
LK-7210110,Menikwela,LK-7210
LK-7210115,Sevanapitiya,LK-7210
LK-7210120,Mahawewa,LK-7210
LK-7210125,Karapola,LK-7210
LK-7210130,Ginidamana,LK-7210
LK-7210135,Borawewa,LK-7210
LK-7210140,Nelumwewa,LK-7210
LK-7210145,Rideepokuna,LK-7210
LK-7210150,Aluthwewa,LK-7210
LK-7212005,Manampitiya,LK-7212
LK-7212010,Manampitiya East,LK-7212
LK-7212015,Dalukana,LK-7212
LK-7212020,Kudawewa,LK-7212
LK-7212025,Medagama,LK-7212
LK-7212030,Jayapura,LK-7212
LK-7212035,Wijayabapura,LK-7212
LK-7212040,Veheragama,LK-7212
LK-7212045,Millana,LK-7212
LK-7212050,Dimbulagala,LK-7212
LK-7212055,Yakkure,LK-7212
LK-7212060,Damanewewa,LK-7212
LK-7212065,Pihitiwewa,LK-7212
LK-7212070,Pahala Yakkure,LK-7212
LK-7212075,Maguldamana,LK-7212
LK-7212080,Pelatiyawa,LK-7212
LK-7212085,Mahaulpatha,LK-7212
LK-7212090,Bogaswewa,LK-7212
LK-7212095,Rathmalthenna,LK-7212
LK-7212100,Track 05 Aralaganvila,LK-7212
LK-7212105,Gomathiyaya,LK-7212
LK-7212110,Arunapura,LK-7212
LK-7212115,Aralaganvila,LK-7212
LK-7212120,Aralaganvila West,LK-7212
LK-7212125,Weerana,LK-7212
LK-7212130,Bimpokuna,LK-7212
LK-7212135,Pahala Ellewewa,LK-7212
LK-7212140,Kalukele,LK-7212
LK-7212145,Navagaha Ela,LK-7212
LK-7212150,Nuwaragala,LK-7212
LK-7212155,Bandanagala,LK-7212
LK-7212160,Ellewewa,LK-7212
LK-7212165,Ihala Ellewewa,LK-7212
LK-7212170,Mahadamana,LK-7212
LK-7212175,Pimburattewa West,LK-7212
LK-7212180,Divuldamana,LK-7212
LK-7212185,Nidanwala,LK-7212
LK-7212190,Ihalawewa,LK-7212
LK-7212195,Pimburattewa East,LK-7212
LK-7212200,Aluthoya,LK-7212
LK-7212205,Veheragala,LK-7212
LK-7212210,Warapitiya,LK-7212
LK-7212215,Gal Eliya,LK-7212
LK-7212220,Weeralanda,LK-7212
LK-7212225,Sandagalathenna,LK-7212
LK-7212230,Ulpathwewa,LK-7212
LK-7212235,Alawakumbura,LK-7212
LK-7212240,Kandegama,LK-7212
LK-7212245,Kanichchagala,LK-7212
LK-7212250,Kekulawela,LK-7212
LK-7212255,Maldeniya,LK-7212
LK-7212260,Mewathpura,LK-7212
LK-7212265,Rankethgama,LK-7212
LK-7212270,Mudungama,LK-7212
LK-7212275,Siripura,LK-7212
LK-7212280,Selasumgama,LK-7212
LK-7215005,Shanthi Pura,LK-7215
LK-7215010,Sinha Pura,LK-7215
LK-7215015,wijayabahu Pura,LK-7215
LK-7215020,Unagalavehera South,LK-7215
LK-7215025,Laksha Uyana,LK-7215
LK-7215030,Sevagama,LK-7215
LK-7215035,Wewethenna,LK-7215
LK-7215040,Monarathenna,LK-7215
LK-7215045,Damana Gemunupura,LK-7215
LK-7215050,Kalinga Ela,LK-7215
LK-7215055,Onegama,LK-7215
LK-7215060,Sinharajapura,LK-7215
LK-7215065,Pudur,LK-7215
LK-7215070,Medamaluwa,LK-7215
LK-7215075,Wijayaraja Pura,LK-7215
LK-7215080,Palugasdamana 03 Ela,LK-7215
LK-7215085,Palugasdamana 02 Ela,LK-7215
LK-7215090,Palugasdamana 01 Ela,LK-7215
LK-7215095,Palugasdamana South,LK-7215
LK-7215100,Palugasdamana North,LK-7215
LK-7215105,Nishshankamallapura,LK-7215
LK-7215110,Ethumalpitiya,LK-7215
LK-7215115,Nikawewa,LK-7215
LK-7215120,kadawala Wewa,LK-7215
LK-7215125,Samudragama,LK-7215
LK-7215130,Sirisangabo Pedesa,LK-7215
LK-7215135,Bendiwewa,LK-7215
LK-7215140,Galthambarawa,LK-7215
LK-7215145,Kuruppu Junction,LK-7215
LK-7215150,Mahasen Pedesa,LK-7215
LK-7215155,Kaduruwela West,LK-7215
LK-7215160,Kaduruwela East,LK-7215
LK-7215165,Divulana,LK-7215
LK-7215170,Gallella,LK-7215
LK-7215175,Manikkampattiya,LK-7215
LK-7215180,Gallella West,LK-7215
LK-7215185,Nelumvila,LK-7215
LK-7215190,Kaduruwela South,LK-7215
LK-7215195,Perakum Pedesa,LK-7215
LK-7215200,Weera Pedesa,LK-7215
LK-7215205,Pulathisi Pedesa,LK-7215
LK-7215210,Polonnaruwa Town,LK-7215
LK-7215215,Thopawewa,LK-7215
LK-7215220,Sinha Udagama,LK-7215
LK-7215225,Pothgul Pedesa,LK-7215
LK-7215230,Udawela,LK-7215
LK-7215235,Ganangolla,LK-7215
LK-7215240,Nishshankamalla Pedesa,LK-7215
LK-7215245,Mahaweli Pedesa,LK-7215
LK-7215250,Kotaleeya,LK-7215
LK-7215255,Aluth Wewa East,LK-7215
LK-7215260,Aluth Wewa West,LK-7215
LK-7215265,Parakrama Samudraya,LK-7215
LK-7215270,Ambanganga,LK-7215
LK-7215275,Kalahagala,LK-7215
LK-7218005,Ihakuluwewa,LK-7218
LK-7218010,Katukeliyawa,LK-7218
LK-7218015,Diyabeduma,LK-7218
LK-7218020,Konduruwawa,LK-7218
LK-7218025,Attanakadawala West,LK-7218
LK-7218030,Radavigeoya,LK-7218
LK-7218035,Madudamana,LK-7218
LK-7218040,Attanakadawala North,LK-7218
LK-7218045,Attanakadawala South,LK-7218
LK-7218050,Ikiriwewa,LK-7218
LK-7218055,Kahatagahapitiya,LK-7218
LK-7218060,Nikapitiya,LK-7218
LK-7218065,Sarubima,LK-7218
LK-7218070,Segala,LK-7218
LK-7218075,Kottapitiya South,LK-7218
LK-7218080,Somils,LK-7218
LK-7218085,Gangeyaya,LK-7218
LK-7218090,Kottapitiya North,LK-7218
LK-7218095,Damanayaya,LK-7218
LK-7218100,Elahera,LK-7218
LK-7218105,Heeratiya,LK-7218
LK-7218110,Bakamoona,LK-7218
LK-7218115,Sirikanduruyaya,LK-7218
LK-7218120,Atharagallewa,LK-7218
LK-7218125,Maluweyaya,LK-7218
LK-7218130,Orubendi Siyambalawa,LK-7218
LK-7218135,Kumara Ella,LK-7218
LK-7218140,Kirioya,LK-7218
LK-8103005,Rotalawela,LK-8103
LK-8103010,Divulapelessa,LK-8103
LK-8103015,Aluyatawela,LK-8103
LK-8103020,Theldeniyaya,LK-8103
LK-8103025,Hebarawa,LK-8103
LK-8103030,Ginnoruwa,LK-8103
LK-8103035,Belaganwewa,LK-8103
LK-8103040,Ulhitiya,LK-8103
LK-8103045,Pahala Rathkinda,LK-8103
LK-8103050,Hobariyawa,LK-8103
LK-8103055,Millattawa,LK-8103
LK-8103060,viranegama,LK-8103
LK-8103065,Aluttarama,LK-8103
LK-8103070,Girandurukotte,LK-8103
LK-8103075,Bathalayaya,LK-8103
LK-8103080,Haddattawa,LK-8103
LK-8103085,Meegahahena,LK-8103
LK-8103090,Galporuyaya,LK-8103
LK-8103095,Beligalla,LK-8103
LK-8103100,Dambana,LK-8103
LK-8103105,Kukulapola,LK-8103
LK-8103110,Wewatta,LK-8103
LK-8103115,Thalangamuwa,LK-8103
LK-8103120,Sorabora,LK-8103
LK-8103125,Wewgampaha,LK-8103
LK-8103130,Dehigolla,LK-8103
LK-8103135,Elewela,LK-8103
LK-8103140,Mahiyanganaya Town,LK-8103
LK-8103145,Poojanagaraya,LK-8103
LK-8103150,Dambarawa,LK-8103
LK-8103155,Senanigama,LK-8103
LK-8103160,Mapakadawewa,LK-8103
LK-8103165,Pangaragammana,LK-8103
LK-8103170,Dambagolla,LK-8103
LK-8103175,Medayaya,LK-8103
LK-8106005,Orubendiwewa,LK-8106
LK-8106010,Sangabopura,LK-8106
LK-8106015,Welampele,LK-8106
LK-8106020,Keselpotha North,LK-8106
LK-8106025,Ikiriyagoda,LK-8106
LK-8106030,Kandubedda,LK-8106
LK-8106035,Aralupitiya,LK-8106
LK-8106040,Ekiriyankumbura,LK-8106
LK-8106045,Dehigama,LK-8106
LK-8106050,Morana,LK-8106
LK-8106055,Kudalunuka,LK-8106
LK-8106060,Aluketiyawa,LK-8106
LK-8106065,Keselpotha South,LK-8106
LK-8106070,Serana,LK-8106
LK-8106075,Arawatta,LK-8106
LK-8106080,Uva Gemunupura,LK-8106
LK-8106085,Senevigama,LK-8106
LK-8106090,Uva Thissapura,LK-8106
LK-8106095,Gamakumbura North,LK-8106
LK-8106100,Kuralewela,LK-8106
LK-8106105,Nagadeepa,LK-8106
LK-8106110,Mahalunuka,LK-8106
LK-8106115,Pethiyagoda,LK-8106
LK-8106120,Rideemaliyadda South,LK-8106
LK-8106125,Rideemaliyadda North,LK-8106
LK-8106130,Uraniya,LK-8106
LK-8106135,Kotathalawa,LK-8106
LK-8106140,Andalupatha,LK-8106
LK-8106145,Gamakumbura South,LK-8106
LK-8106150,Abhayapura,LK-8106
LK-8106155,Dikkendayaya,LK-8106
LK-8106160,Pahalaoyagama,LK-8106
LK-8106165,Bubula,LK-8106
LK-8106170,Ritigahaarawa,LK-8106
LK-8106175,Kandegama,LK-8106
LK-8106180,Mahagama,LK-8106
LK-8106185,Kuruvithenna,LK-8106
LK-8106190,Deekirigolla,LK-8106
LK-8106195,Pinnagolla,LK-8106
LK-8106200,Arawa,LK-8106
LK-8106205,Dikyaya,LK-8106
LK-8106210,Diyakombala,LK-8106
LK-8109005,Karametiya,LK-8109
LK-8109010,Balagolla,LK-8109
LK-8109015,Aggalaulpatha,LK-8109
LK-8109020,Karandagahamada,LK-8109
LK-8109025,Polgaha Arawa,LK-8109
LK-8109030,Polwatta,LK-8109
LK-8109035,Watagommana,LK-8109
LK-8109040,Roberiya,LK-8109
LK-8109045,Pitamaruwa,LK-8109
LK-8109050,Wewathenna,LK-8109
LK-8109055,Ellanda,LK-8109
LK-8109060,Kalugahakandura,LK-8109
LK-8109065,Komarika,LK-8109
LK-8109070,Akurukaduwa,LK-8109
LK-8109075,Meegahakivula,LK-8109
LK-8109080,Thaldena,LK-8109
LK-8109085,Kohana,LK-8109
LK-8109090,Ketawatta,LK-8109
LK-8109095,Morahela,LK-8109
LK-8109100,Hunuketapitiya,LK-8109
LK-8112005,Mahakele,LK-8112
LK-8112010,Baduluoya West,LK-8112
LK-8112015,Kandakepoo Ulpotha,LK-8112
LK-8112020,Hevandana,LK-8112
LK-8112025,Mahathenna,LK-8112
LK-8112030,Baduluoya East,LK-8112
LK-8112035,Kandaketiya,LK-8112
LK-8112040,Welaoya,LK-8112
LK-8112045,Kivulegedara,LK-8112
LK-8112050,Kirivehera,LK-8112
LK-8112055,Wewathenna,LK-8112
LK-8112060,Maliyadda,LK-8112
LK-8112065,Pallewela,LK-8112
LK-8112070,Madagamuwa,LK-8112
LK-8112075,Dikkumbura,LK-8112
LK-8112080,Hapathgamuwa,LK-8112
LK-8112085,Bopitiya,LK-8112
LK-8112090,Bogahakumbura,LK-8112
LK-8112095,Beramada,LK-8112
LK-8112100,Godunna,LK-8112
LK-8112105,Wasanagama,LK-8112
LK-8112110,Thetilla,LK-8112
LK-8112115,Thalakumbura,LK-8112
LK-8112120,Galauda,LK-8112
LK-8112125,Bokanoruwa,LK-8112
LK-8112130,Narangala,LK-8112
LK-8115005,Idamepanguwa,LK-8115
LK-8115010,Budugekanda,LK-8115
LK-8115015,Pallekanda,LK-8115
LK-8115020,Boliyadda,LK-8115
LK-8115025,Pathanegedara,LK-8115
LK-8115030,Egodawela,LK-8115
LK-8115035,Wattekele,LK-8115
LK-8115040,Pussellawa,LK-8115
LK-8115045,Pussellakanda,LK-8115
LK-8115050,Moragolla,LK-8115
LK-8115055,Dikpitiya,LK-8115
LK-8115060,LedgerWatta,LK-8115
LK-8115065,Idamegama,LK-8115
LK-8115070,Soranathota,LK-8115
LK-8115075,Yatilellagama,LK-8115
LK-8115080,Ambagasdowa,LK-8115
LK-8115085,Ketakellagama,LK-8115
LK-8115090,Kuttiyagolla,LK-8115
LK-8115095,Angoda,LK-8115
LK-8115100,Kosgolla,LK-8115
LK-8115105,Rideepana,LK-8115
LK-8115110,Kohovila,LK-8115
LK-8115115,Kithulwattagama,LK-8115
LK-8115120,Kirioruwa,LK-8115
LK-8115125,Kandegedara Town,LK-8115
LK-8118005,Demodara,LK-8118
LK-8118010,palawatta,LK-8118
LK-8118015,Kahataruppa,LK-8118
LK-8118020,Dambakote,LK-8118
LK-8118025,Madugasthalawa North,LK-8118
LK-8118030,Thalagahagedara,LK-8118
LK-8118035,Welgolla,LK-8118
LK-8118040,Madugasthalawa South,LK-8118
LK-8118045,Gerandiella,LK-8118
LK-8118050,Maligathenna,LK-8118
LK-8118055,Medawelagama,LK-8118
LK-8118060,Paramahankada,LK-8118
LK-8118065,Nikebedda,LK-8118
LK-8118070,Udagama,LK-8118
LK-8118075,Pelgahathenna,LK-8118
LK-8118080,Sapuroda,LK-8118
LK-8118085,Palagolla,LK-8118
LK-8118090,Gonagala West,LK-8118
LK-8118095,Gonagala East,LK-8118
LK-8118100,Kanahela,LK-8118
LK-8118105,Pallegama,LK-8118
LK-8118110,Passara Town North,LK-8118
LK-8118115,Passara Town South,LK-8118
LK-8118120,Passara Town East,LK-8118
LK-8118125,Ambathenna West,LK-8118
LK-8118130,Thennuge,LK-8118
LK-8118135,Meedumpitiya,LK-8118
LK-8118140,Kudugala Pathana,LK-8118
LK-8118145,Tholabowatta,LK-8118
LK-8118150,Ambathenna,LK-8118
LK-8118155,Meeriyabedda,LK-8118
LK-8118160,Puhulwatta,LK-8118
LK-8118165,Maussagolla West,LK-8118
LK-8118170,Kanawerella West,LK-8118
LK-8118175,Kanawerella,LK-8118
LK-8118180,Kanawerella East,LK-8118
LK-8118185,Bibilegama West,LK-8118
LK-8118190,Wewekele,LK-8118
LK-8118195,Bibilegama East,LK-8118
LK-8118200,Maussagolla East,LK-8118
LK-8118205,Dambewela,LK-8118
LK-8119005,Ekiriya,LK-8119
LK-8119010,Metigahathenna,LK-8119
LK-8119015,Galwelagama,LK-8119
LK-8119020,Wewabedda,LK-8119
LK-8119025,Janathapura North,LK-8119
LK-8119030,Arawakumbura,LK-8119
LK-8119035,Udakiruwa,LK-8119
LK-8119040,Alakolagala,LK-8119
LK-8119045,Udapanguwa,LK-8119
LK-8119050,Lunugala Town,LK-8119
LK-8119055,Janathapura South,LK-8119
LK-8119060,Janathapura,LK-8119
LK-8119065,Batawatta,LK-8119
LK-8119070,Gallulla,LK-8119
LK-8119075,Madulsima,LK-8119
LK-8119080,Sumudugama,LK-8119
LK-8119085,Attanagolla,LK-8119
LK-8119090,Sooriyagoda,LK-8119
LK-8119095,Weragoda,LK-8119
LK-8119100,Pallekiruwa,LK-8119
LK-8119105,Kottalbedda,LK-8119
LK-8119110,Mahadowa,LK-8119
LK-8119115,Yapamma,LK-8119
LK-8119120,Peessagama,LK-8119
LK-8119125,Rendapola,LK-8119
LK-8119130,Hopton,LK-8119
LK-8119135,Maduwatta,LK-8119
LK-8119140,Millabedda,LK-8119
LK-8121005,Pitawelagama,LK-8121
LK-8121010,Badulla North,LK-8121
LK-8121015,Medapathana,LK-8121
LK-8121020,Kailagoda,LK-8121
LK-8121025,Andeniya,LK-8121
LK-8121030,Sirimalgoda,LK-8121
LK-8121035,Damanwara,LK-8121
LK-8121040,Hinnarangolla,LK-8121
LK-8121045,Kendagolla,LK-8121
LK-8121050,Thelbedda,LK-8121
LK-8121055,Ilukthenna,LK-8121
LK-8121060,Hegoda,LK-8121
LK-8121065,Badulupitiya,LK-8121
LK-8121070,Badulla Central,LK-8121
LK-8121075,Badulla West,LK-8121
LK-8121080,Katupelella,LK-8121
LK-8121085,Badulla South,LK-8121
LK-8121090,Badulla East,LK-8121
LK-8121095,Hindagoda,LK-8121
LK-8121100,Rambukpotha,LK-8121
LK-8121105,Malangamuwa,LK-8121
LK-8121110,Viyadiguna,LK-8121
LK-8121115,Vineethagama,LK-8121
LK-8121120,Wewessa,LK-8121
LK-8121125,Welibissa,LK-8121
LK-8121130,Glen Alpin,LK-8121
LK-8121135,Udawela,LK-8121
LK-8121140,Hingurugamuwa,LK-8121
LK-8121145,Kanupelella,LK-8121
LK-8124005,Kokatiyamaluwa,LK-8124
LK-8124010,Wegama,LK-8124
LK-8124015,Jangulla,LK-8124
LK-8124020,Landewela,LK-8124
LK-8124025,Bogoda,LK-8124
LK-8124030,Panakanniya,LK-8124
LK-8124035,Ketawala,LK-8124
LK-8124040,Udakohovila,LK-8124
LK-8124045,Hethekma,LK-8124
LK-8124050,Deegalla,LK-8124
LK-8124055,Pattipola,LK-8124
LK-8124060,Anthuduwawela,LK-8124
LK-8124065,Bogahamaditta,LK-8124
LK-8124070,Mahawattagama,LK-8124
LK-8124075,Dematawelhinna,LK-8124
LK-8124080,Welikemulla,LK-8124
LK-8124085,Unagolla,LK-8124
LK-8124090,Medapitigama,LK-8124
LK-8124095,Dickwella,LK-8124
LK-8124100,Hali Ela,LK-8124
LK-8124105,Samagipura,LK-8124
LK-8124110,Udagama,LK-8124
LK-8124115,Gawela,LK-8124
LK-8124120,Pahamunuthota,LK-8124
LK-8124125,Neludanda,LK-8124
LK-8124130,Hinnarangolla,LK-8124
LK-8124135,Mugunumatha West,LK-8124
LK-8124140,Mugunumatha East,LK-8124
LK-8124145,Godegama,LK-8124
LK-8124150,Medagama,LK-8124
LK-8124155,Imbulgoda,LK-8124
LK-8124160,Kottagoda,LK-8124
LK-8124165,Kandana,LK-8124
LK-8124170,Bulathwatta,LK-8124
LK-8124175,Springvalley Estate,LK-8124
LK-8124180,Springvalley,LK-8124
LK-8124185,Beddegama,LK-8124
LK-8124190,Wewelhinna,LK-8124
LK-8124195,Uduwara,LK-8124
LK-8124200,Hapuwalakumbura,LK-8124
LK-8124205,Kirinda,LK-8124
LK-8124210,Morethota,LK-8124
LK-8124215,Uva Mahawela,LK-8124
LK-8124220,Etampitiya,LK-8124
LK-8124225,Pallegama,LK-8124
LK-8124230,Dehivinna,LK-8124
LK-8124235,Niliathugoda,LK-8124
LK-8124240,Neluwa,LK-8124
LK-8124245,Kudumahuwela,LK-8124
LK-8124250,Wepassawela,LK-8124
LK-8124255,Maligathenna,LK-8124
LK-8124260,Perahettiya,LK-8124
LK-8124265,Katugaha,LK-8124
LK-8124270,Mahathenna,LK-8124
LK-8124275,Malitta,LK-8124
LK-8124280,Kurukude,LK-8124
LK-8124285,Warakadanda,LK-8124
LK-8127005,Yalagamuwa,LK-8127
LK-8127010,Ritikumbura,LK-8127
LK-8127015,Wethalawa,LK-8127
LK-8127020,Maspanna,LK-8127
LK-8127025,Kohilegama,LK-8127
LK-8127030,Ellanda,LK-8127
LK-8127035,Kindigoda,LK-8127
LK-8127040,Hathkinda,LK-8127
LK-8127045,Dimbulana,LK-8127
LK-8127050,Ilukwela,LK-8127
LK-8127055,Gampaha,LK-8127
LK-8127060,Wewegama,LK-8127
LK-8127065,Kerklis,LK-8127
LK-8127070,Malwattegama,LK-8127
LK-8127075,Medipokuna,LK-8127
LK-8127080,Thuppitiya,LK-8127
LK-8127085,Panagoda,LK-8127
LK-8127090,Pitiyakumbura,LK-8127
LK-8127095,Bambarapana,LK-8127
LK-8127100,Alagolla,LK-8127
LK-8127105,Voldemar,LK-8127
LK-8127110,Thawalampola,LK-8127
LK-8127115,Kodakumbura,LK-8127
LK-8127120,Koradekumbura,LK-8127
LK-8127125,Malapolagama,LK-8127
LK-8127130,Welamedagama,LK-8127
LK-8127135,Uduhawara,LK-8127
LK-8127140,Hangunnawa,LK-8127
LK-8127145,Ranhawadigama,LK-8127
LK-8127150,Idamegama,LK-8127
LK-8127155,Paranagama,LK-8127
LK-8127160,Mudanawa,LK-8127
LK-8127165,Sapugolla,LK-8127
LK-8127170,Ethkandawaka,LK-8127
LK-8127175,Kirawanagama,LK-8127
LK-8127180,Beraliyapola,LK-8127
LK-8127185,Pannalawela,LK-8127
LK-8127190,Rahupola,LK-8127
LK-8127195,Udaperuwa,LK-8127
LK-8127200,Weliulla,LK-8127
LK-8127205,Metiwalalanda,LK-8127
LK-8127210,Unapana,LK-8127
LK-8127215,Lunuwatta,LK-8127
LK-8127220,Pallewela,LK-8127
LK-8127225,Busdulla,LK-8127
LK-8127230,Kurundugolla,LK-8127
LK-8127235,Ambagasdowa,LK-8127
LK-8127240,Pannalagama,LK-8127
LK-8127245,Uma Ela,LK-8127
LK-8127250,Karagahaulpatha,LK-8127
LK-8127255,Medawela,LK-8127
LK-8127260,Perawella,LK-8127
LK-8127265,Galahagama,LK-8127
LK-8127270,Medagodagama,LK-8127
LK-8127275,Thelhawadigama,LK-8127
LK-8127280,Ketagoda,LK-8127
LK-8127285,Dangamuwa,LK-8127
LK-8127290,Rathamba,LK-8127
LK-8127295,Kumarapattiya,LK-8127
LK-8127300,Balagala,LK-8127
LK-8127305,Downside,LK-8127
LK-8127310,Kendagolla,LK-8127
LK-8127315,Yahala Arawa,LK-8127
LK-8127320,Ulugala,LK-8127
LK-8127325,Hangiliella,LK-8127
LK-8127330,Kotawera Udagama,LK-8127
LK-8127335,Kotawera Pahalagama,LK-8127
LK-8127340,Daragala,LK-8127
LK-8130005,Alakolagala,LK-8130
LK-8130010,Hulankapolla,LK-8130
LK-8130015,Silmiyapura,LK-8130
LK-8130020,Boragas,LK-8130
LK-8130025,Vidurupola,LK-8130
LK-8130030,Gavarammana,LK-8130
LK-8130035,Palugama Town,LK-8130
LK-8130040,Puranwela,LK-8130
LK-8130045,Girambe,LK-8130
LK-8130050,Divurumgama,LK-8130
LK-8130055,Palugama Ella,LK-8130
LK-8130060,Welimada watta,LK-8130
LK-8130065,Ambagahakumbura,LK-8130
LK-8130070,Dimuthugama,LK-8130
LK-8130075,Welimada Town,LK-8130
LK-8130080,Landegama,LK-8130
LK-8130085,Divithotawela,LK-8130
LK-8130090,Puhulpola,LK-8130
LK-8130095,Dikkapitiya,LK-8130
LK-8130100,Koskanuwegama,LK-8130
LK-8130105,Dayaraba watta,LK-8130
LK-8130110,Ketakella,LK-8130
LK-8130115,Yalpathwela,LK-8130
LK-8130120,Dambavinna,LK-8130
LK-8130125,Kabillegama,LK-8130
LK-8130130,Idamegama,LK-8130
LK-8130135,Erabadda,LK-8130
LK-8130140,Keppetipola,LK-8130
LK-8130145,Hewanakumbura,LK-8130
LK-8130150,Ambewela,LK-8130
LK-8130155,Himbiliyagolla,LK-8130
LK-8130160,Thennakonwela,LK-8130
LK-8130165,Kalubululanda,LK-8130
LK-8130170,Mavithikumbura,LK-8130
LK-8130175,Nedungamuwa,LK-8130
LK-8130180,Medagedaragama,LK-8130
LK-8130185,Nawela,LK-8130
LK-8130190,PahalaYalkumbura,LK-8130
LK-8130195,Welikadagama,LK-8130
LK-8130200,Mirahawatta,LK-8130
LK-8130205,Udupeella,LK-8130
LK-8130210,Kotakithula,LK-8130
LK-8130215,Malpotha,LK-8130
LK-8130220,Karagasthenna,LK-8130
LK-8130225,Alugolla,LK-8130
LK-8130230,Bogahakumbura,LK-8130
LK-8130235,Bibiligamuwa,LK-8130
LK-8130240,Alawathugoda,LK-8130
LK-8130245,Kandepuhulpola,LK-8130
LK-8130250,Helayalkumbura,LK-8130
LK-8130255,Guruthalawa,LK-8130
LK-8130260,Mahathenna,LK-8130
LK-8130265,Hingurugamuwa,LK-8130
LK-8130270,Galedanda,LK-8130
LK-8130275,Boralanda,LK-8130
LK-8130280,Wangiyakumbura,LK-8130
LK-8130285,Ohiya,LK-8130
LK-8130290,Rahangala,LK-8130
LK-8130295,Hinnarangolla,LK-8130
LK-8130300,Udakandagolla,LK-8130
LK-8130305,Rathkarawwa,LK-8130
LK-8130310,Pitapola,LK-8130
LK-8130315,Ohiya Estate,LK-8130
LK-8130320,Maligathenna,LK-8130
LK-8133005,Mathetilla,LK-8133
LK-8133010,Konthahela,LK-8133
LK-8133015,Icelab Watta,LK-8133
LK-8133020,Kirioruwa,LK-8133
LK-8133025,Ettalapitiya,LK-8133
LK-8133030,Diganathenna,LK-8133
LK-8133035,Ambegoda,LK-8133
LK-8133040,Wewathenna,LK-8133
LK-8133045,Watagamuwa,LK-8133
LK-8133050,Bindunuwewa,LK-8133
LK-8133055,Kebillawela North,LK-8133
LK-8133060,Gediyaroda,LK-8133
LK-8133065,Bandarawela West,LK-8133
LK-8133070,Bandarawela East,LK-8133
LK-8133075,Thanthiriya,LK-8133
LK-8133080,Udaperuwa,LK-8133
LK-8133085,Egodagama,LK-8133
LK-8133090,Weheragalathenna,LK-8133
LK-8133095,Bambaragama,LK-8133
LK-8133100,Makulella,LK-8133
LK-8133105,Kinigama,LK-8133
LK-8133110,Inikambedda,LK-8133
LK-8133115,Karagahawela,LK-8133
LK-8133120,Obadella,LK-8133
LK-8133125,Beddekumbura,LK-8133
LK-8133130,Kebillewela South,LK-8133
LK-8133135,Mahaulpatha,LK-8133
LK-8133140,Darahitawanagoda,LK-8133
LK-8133145,Dulgolla,LK-8133
LK-8133150,Creig Watta,LK-8133
LK-8133155,Liyangahawela Watta,LK-8133
LK-8133160,Ambadandegama,LK-8133
LK-8133165,Beddearawa,LK-8133
LK-8133170,Liyangahawela,LK-8133
LK-8133175,Nayabedda Estate,LK-8133
LK-8136005,Piyarapandowa,LK-8136
LK-8136010,Halpe,LK-8136
LK-8136015,Kirinda,LK-8136
LK-8136020,Demodara,LK-8136
LK-8136025,Navulla,LK-8136
LK-8136030,Gawarawela,LK-8136
LK-8136035,Beddewela,LK-8136
LK-8136040,Pupula West,LK-8136
LK-8136045,Pupula,LK-8136
LK-8136050,Galtenhena,LK-8136
LK-8136055,Nawela East,LK-8136
LK-8136060,Nawela West,LK-8136
LK-8136065,Medawela West,LK-8136
LK-8136070,Yahalewela,LK-8136
LK-8136075,Newberg,LK-8136
LK-8136080,Ella,LK-8136
LK-8136085,Madhuragama,LK-8136
LK-8136090,Idamegama,LK-8136
LK-8136095,Hettipola,LK-8136
LK-8136100,Millagama,LK-8136
LK-8136105,Udukumbalwela,LK-8136
LK-8136110,Dowa,LK-8136
LK-8136115,Palleperuwa,LK-8136
LK-8136120,Heeloya,LK-8136
LK-8136125,Kithalella,LK-8136
LK-8136130,Rawanaella,LK-8136
LK-8136135,Karandagolla,LK-8136
LK-8136140,Govussa,LK-8136
LK-8136145,Ilukpelessa,LK-8136
LK-8136150,Ballaketuwa,LK-8136
LK-8136155,Namunukula,LK-8136
LK-8136160,Dodamgolla,LK-8136
LK-8139005,Ellagama,LK-8139
LK-8139010,Kahattewela,LK-8139
LK-8139015,Eranawela,LK-8139
LK-8139020,Ranjallawa,LK-8139
LK-8139025,Bingethenna,LK-8139
LK-8139030,Kahagolla,LK-8139
LK-8139035,Dodamwatta,LK-8139
LK-8139040,Diyathalawa,LK-8139
LK-8139045,Jayaminipura,LK-8139
LK-8139050,Aluthwela,LK-8139
LK-8139055,Welanhinna,LK-8139
LK-8139060,Pahala Kadurugamuwa,LK-8139
LK-8139065,Viharakele,LK-8139
LK-8139070,Umankandura,LK-8139
LK-8139075,Panketiya,LK-8139
LK-8139080,Hela Kadurugamuwa,LK-8139
LK-8139085,Haputhalegama,LK-8139
LK-8139090,Glenanore,LK-8139
LK-8139095,Horadorowwa,LK-8139
LK-8139100,Magiripura,LK-8139
LK-8139105,Kolathenna,LK-8139
LK-8139110,Haputhale Town,LK-8139
LK-8139115,Pitarathmale,LK-8139
LK-8139120,Dambethenna,LK-8139
LK-8139125,Thotalagala,LK-8139
LK-8139130,Galkanda,LK-8139
LK-8142005,Weerakongama,LK-8142
LK-8142010,Kalupahana,LK-8142
LK-8142015,Haldummulla,LK-8142
LK-8142020,Beragala,LK-8142
LK-8142025,Viharagala,LK-8142
LK-8142030,Nikapotha West,LK-8142
LK-8142035,Nikapotha East,LK-8142
LK-8142040,Lemasthota,LK-8142
LK-8142045,Ranasinghegama,LK-8142
LK-8142050,Kotabakma,LK-8142
LK-8142055,Koslanda,LK-8142
LK-8142060,Mahakanda,LK-8142
LK-8142065,Poonagala,LK-8142
LK-8142070,Divulgasmulla,LK-8142
LK-8142075,Gampaha,LK-8142
LK-8142080,Ampitithenna,LK-8142
LK-8142085,Kelipanawela,LK-8142
LK-8142090,Moraketiya,LK-8142
LK-8142095,Kirawanagama,LK-8142
LK-8142100,Manthenna,LK-8142
LK-8142105,Amilagama,LK-8142
LK-8142110,Soragune,LK-8142
LK-8142115,Kithulgahaarawa,LK-8142
LK-8142120,Watagamuwa,LK-8142
LK-8142125,Walhaputhenna,LK-8142
LK-8142130,Uvathenna,LK-8142
LK-8142135,Marangahawela,LK-8142
LK-8142140,Seelathenna,LK-8142
LK-8142145,Harankahawa,LK-8142
LK-8142150,Medawela,LK-8142
LK-8142155,Welibissa,LK-8142
LK-8142160,We Eliya,LK-8142
LK-8142165,Kosgama,LK-8142
LK-8142170,Ranwanguhawa,LK-8142
LK-8142175,Akkara seeya,LK-8142
LK-8142180,Welanvita,LK-8142
LK-8142185,Kolongasthenna,LK-8142
LK-8142190,Bambara pokuna,LK-8142
LK-8142195,Mahalanda,LK-8142
LK-8203005,Uravula,LK-8203
LK-8203010,Karandugala,LK-8203
LK-8203015,Bulupitiya,LK-8203
LK-8203020,Nilgala,LK-8203
LK-8203025,Kanawegalla,LK-8203
LK-8203030,Ussagala,LK-8203
LK-8203035,Bokagonna,LK-8203
LK-8203040,Pitakumbura,LK-8203
LK-8203045,Hamapola,LK-8203
LK-8203050,Thotillaketiya,LK-8203
LK-8203055,Kokunnewa,LK-8203
LK-8203060,Morattamulla,LK-8203
LK-8203065,Nagala,LK-8203
LK-8203070,Radaliyadda,LK-8203
LK-8203075,Ambagolla,LK-8203
LK-8203080,Wegama,LK-8203
LK-8203085,wegama South,LK-8203
LK-8203090,Mallehewa,LK-8203
LK-8203095,Karagahawela East,LK-8203
LK-8203100,Kehel Attawala,LK-8203
LK-8203105,Karagahawela West,LK-8203
LK-8203110,Udamallehewa,LK-8203
LK-8203115,Egoda kotagama,LK-8203
LK-8203120,Kotagama,LK-8203
LK-8203125,Badullagammana,LK-8203
LK-8203130,Kavudella,LK-8203
LK-8203135,Rathupasketiya,LK-8203
LK-8203140,Lindakumbura,LK-8203
LK-8203145,Bibile,LK-8203
LK-8203150,Ambelanda,LK-8203
LK-8203155,Dodamgolla,LK-8203
LK-8203160,Dehiattawela,LK-8203
LK-8203165,Kanulwela,LK-8203
LK-8203170,Ethanawatta,LK-8203
LK-8203175,Kuruwamba,LK-8203
LK-8203180,Hewelwela,LK-8203
LK-8203185,Mudiyala,LK-8203
LK-8203190,Yalkumbura,LK-8203
LK-8203195,Thanayamgama,LK-8203
LK-8203200,Medipitiya,LK-8203
LK-8206005,Nelliyadda,LK-8206
LK-8206010,Mullegama,LK-8206
LK-8206015,Galgamuwa,LK-8206
LK-8206020,Inginiyagala,LK-8206
LK-8206025,Baduluwela,LK-8206
LK-8206030,Bandarawadiya,LK-8206
LK-8206035,Panguwa,LK-8206
LK-8206040,Thalkotayaya,LK-8206
LK-8206045,Deliwa,LK-8206
LK-8206050,Thampalawela,LK-8206
LK-8206055,Ruwalwela,LK-8206
LK-8206060,Watawanagama,LK-8206
LK-8206065,Gangodagama,LK-8206
LK-8206070,Ritigahawatta,LK-8206
LK-8206075,Mariarawa,LK-8206
LK-8206080,Kolladeniya,LK-8206
LK-8206085,Ihawa,LK-8206
LK-8206090,Alpitiya,LK-8206
LK-8206095,Makulla,LK-8206
LK-8206100,Namaloya Colony,LK-8206
LK-8206105,Aratugaswela,LK-8206
LK-8206110,Pagura,LK-8206
LK-8206115,Galbokka,LK-8206
LK-8206120,Magandana,LK-8206
LK-8206125,Udumulla,LK-8206
LK-8206130,Kottagala,LK-8206
LK-8206135,Gangoda Arawa,LK-8206
LK-8206140,Polgahagama,LK-8206
LK-8206145,Alugalge,LK-8206
LK-8206150,Neelawa Bedda,LK-8206
LK-8206155,Kahagolla,LK-8206
LK-8206160,Magandaoya Colony,LK-8206
LK-8206165,Gonathalawa,LK-8206
LK-8206170,Dambagalla,LK-8206
LK-8206175,Ellekona,LK-8206
LK-8206180,Therela,LK-8206
LK-8206185,Iluklanda,LK-8206
LK-8206190,Obbegoda,LK-8206
LK-8209005,Pothubandhana,LK-8209
LK-8209010,Yakunnawa,LK-8209
LK-8209015,Bendiyawa,LK-8209
LK-8209020,Kotabowa,LK-8209
LK-8209025,Godigamuwa,LK-8209
LK-8209030,Senpathigama,LK-8209
LK-8209035,Aiwela,LK-8209
LK-8209040,Senapathiya,LK-8209
LK-8209045,Bibilamulla,LK-8209
LK-8209050,Nannapurawa,LK-8209
LK-8209055,Dahamgama,LK-8209
LK-8209060,Kalugahawadiya,LK-8209
LK-8209065,Kongolla,LK-8209
LK-8209070,Diviyapola,LK-8209
LK-8209075,Kohukumbura,LK-8209
LK-8209080,Nugamura,LK-8209
LK-8209085,Ellekona,LK-8209
LK-8209090,Dahagoniya,LK-8209
LK-8209095,Monarawana,LK-8209
LK-8209100,mellagama,LK-8209
LK-8209105,Thambana,LK-8209
LK-8209110,Thimbiriya,LK-8209
LK-8209115,Medagama,LK-8209
LK-8209120,Elhena,LK-8209
LK-8209125,Pitadeniya,LK-8209
LK-8209130,Kinnarabowa,LK-8209
LK-8209135,Ilukkumbura,LK-8209
LK-8209140,Bakinigahawela,LK-8209
LK-8209145,Pubbara,LK-8209
LK-8209150,Polgahapitiya,LK-8209
LK-8209155,Kendavinna,LK-8209
LK-8209160,Alana,LK-8209
LK-8209165,Rattanadeniya,LK-8209
LK-8209170,Amunekandura,LK-8209
LK-8209175,Keenagoda,LK-8209
LK-8212005,Nape,LK-8212
LK-8212010,Buddama,LK-8212
LK-8212015,Waragama,LK-8212
LK-8212020,Kotagoda,LK-8212
LK-8212025,Weragoda,LK-8212
LK-8212030,Newgala,LK-8212
LK-8212035,Govindupura,LK-8212
LK-8212040,Pallewela,LK-8212
LK-8212045,Ambagahapitiya,LK-8212
LK-8212050,Meeyagala,LK-8212
LK-8212055,Barawaya,LK-8212
LK-8212060,Kooragammana,LK-8212
LK-8212065,Kalugollayaya,LK-8212
LK-8212070,Samanala Bedda,LK-8212
LK-8212075,Muthukandiya,LK-8212
LK-8212080,Yakkadurawa,LK-8212
LK-8212085,Galamuna,LK-8212
LK-8212090,Helamulla,LK-8212
LK-8212095,Pallegama,LK-8212
LK-8212100,Maha kalugolla,LK-8212
LK-8212105,Karambagoda,LK-8212
LK-8212110,Ruhunu Danawwa,LK-8212
LK-8212115,Sri Wijithapura,LK-8212
LK-8212120,Siyambalanduwa,LK-8212
LK-8212125,Manabharana,LK-8212
LK-8212130,Madugama,LK-8212
LK-8212135,Kivuleyaya,LK-8212
LK-8212140,Kodayana,LK-8212
LK-8212145,Nugagaha Kivula,LK-8212
LK-8212150,Kotiyagoda,LK-8212
LK-8212155,Indigasella,LK-8212
LK-8212160,Dombagahawela,LK-8212
LK-8212165,Liyangolla,LK-8212
LK-8212170,Beraliyapola,LK-8212
LK-8212175,Kimbulawela,LK-8212
LK-8212180,Pahatha Arawa,LK-8212
LK-8212185,Ethimale,LK-8212
LK-8212190,Guruhela,LK-8212
LK-8212195,Gemunupura,LK-8212
LK-8212200,Perakumpura,LK-8212
LK-8212205,Siripura,LK-8212
LK-8212210,Thissapura,LK-8212
LK-8212215,Ethimale Colony,LK-8212
LK-8212220,Minipura,LK-8212
LK-8212225,Vilaoya,LK-8212
LK-8212230,Wattegama,LK-8212
LK-8212235,Wijayapura,LK-8212
LK-8212240,Kotiyagala,LK-8212
LK-8215005,Tenwatta,LK-8215
LK-8215010,Guruhela,LK-8215
LK-8215015,Batugammana,LK-8215
LK-8215020,Debeddekivula,LK-8215
LK-8215025,Weliyaya,LK-8215
LK-8215030,Rattanapitiya,LK-8215
LK-8215035,Nakkala,LK-8215
LK-8215040,Hidikivula,LK-8215
LK-8215045,Hulandawa,LK-8215
LK-8215050,Magandanamulla,LK-8215
LK-8215055,Moneragala,LK-8215
LK-8215060,Aliyawatta,LK-8215
LK-8215065,Kolonvinna,LK-8215
LK-8215070,Bohitiya,LK-8215
LK-8215075,Kawdana,LK-8215
LK-8215080,Hulandawa Left,LK-8215
LK-8215085,Viharamulla,LK-8215
LK-8215090,Muppane,LK-8215
LK-8215095,Maduruketiya,LK-8215
LK-8215100,Kumbukkana,LK-8215
LK-8215105,Horombuwa,LK-8215
LK-8215110,Hulandawa south,LK-8215
LK-8215115,Marawa,LK-8215
LK-8215120,Veheragala,LK-8215
LK-8215125,Thenagallanda,LK-8215
LK-8215130,Kahambana,LK-8215
LK-8218005,Gedavila,LK-8218
LK-8218010,Karandagama,LK-8218
LK-8218015,Ella,LK-8218
LK-8218020,Pallegama,LK-8218
LK-8218025,Thalawagama,LK-8218
LK-8218030,Mailagasthenna,LK-8218
LK-8218035,Karavila,LK-8218
LK-8218040,Madamagama,LK-8218
LK-8218045,Wekumbura,LK-8218
LK-8218050,Maiyokka Watta,LK-8218
LK-8218055,Waradola,LK-8218
LK-8218060,Ankada,LK-8218
LK-8218065,Kotamuduna,LK-8218
LK-8218070,Alupotha,LK-8218
LK-8218075,Wasipaha,LK-8218
LK-8218080,Badalkumbura,LK-8218
LK-8218085,Maligathenna,LK-8218
LK-8218090,Pussellawa,LK-8218
LK-8218095,Madukotan Arawa,LK-8218
LK-8218100,Yakurawa,LK-8218
LK-8218105,Therappahuwa,LK-8218
LK-8218110,Punsisigama,LK-8218
LK-8218115,Madugahapattiya,LK-8218
LK-8218120,Kalagahakivula,LK-8218
LK-8218125,Madugasmulla,LK-8218
LK-8218130,Ranugalla,LK-8218
LK-8218135,Ethpattiya,LK-8218
LK-8218140,Miyanakadura,LK-8218
LK-8218145,Dewathura,LK-8218
LK-8218150,Naranwatta,LK-8218
LK-8218155,Athala,LK-8218
LK-8218160,Ettalamulla,LK-8218
LK-8218165,Muthukeliyawa,LK-8218
LK-8218170,Meegahayaya,LK-8218
LK-8218175,Bogahapelessa,LK-8218
LK-8218180,Dambagahawela,LK-8218
LK-8218185,Hingurukaduwa,LK-8218
LK-8218190,Keliwessa,LK-8218
LK-8218195,Moratuwagama,LK-8218
LK-8218200,Lunugala Colony,LK-8218
LK-8218205,Katugahagalge,LK-8218
LK-8221005,Kurugama,LK-8221
LK-8221010,Randeniya,LK-8221
LK-8221015,Siyambalagunaya,LK-8221
LK-8221020,Sudupanawela,LK-8221
LK-8221025,Kotikambokka,LK-8221
LK-8221030,Galbokka,LK-8221
LK-8221035,Dimbulamuraya,LK-8221
LK-8221040,Wellawaya,LK-8221
LK-8221045,Yalabowa,LK-8221
LK-8221050,Nugayaya,LK-8221
LK-8221055,Warunagama,LK-8221
LK-8221060,Anapallama,LK-8221
LK-8221065,Pubuduwewa,LK-8221
LK-8221070,Neluwagala,LK-8221
LK-8221075,Buduruwagala,LK-8221
LK-8221080,Andawelayaya,LK-8221
LK-8221085,Siripuragama,LK-8221
LK-8221090,Veherayaya Colony,LK-8221
LK-8221095,Veherayaya,LK-8221
LK-8221100,Randenigodayaya,LK-8221
LK-8221105,Handapanagala,LK-8221
LK-8221110,Maha Aragama,LK-8221
LK-8221115,Thelulla Colony,LK-8221
LK-8221120,Ethiliwewa,LK-8221
LK-8221125,Thelulla,LK-8221
LK-8221130,Balaharuwa,LK-8221
LK-8221135,Debara Ara,LK-8221
LK-8221140,Kithulkote,LK-8221
LK-8221145,Uva kudaoya,LK-8221
LK-8224005,Uda Arawa,LK-8224
LK-8224010,Horabokka,LK-8224
LK-8224015,Unawatuna,LK-8224
LK-8224020,Yudaganawa,LK-8224
LK-8224025,Dikyaya,LK-8224
LK-8224030,Udagama,LK-8224
LK-8224035,Mahagodayaya,LK-8224
LK-8224040,Gaminipura,LK-8224
LK-8224045,Okkampitiya,LK-8224
LK-8224050,Galtemmandiya,LK-8224
LK-8224055,Ulugala,LK-8224
LK-8224060,Maligavila,LK-8224
LK-8224065,Minipuragama,LK-8224
LK-8224070,Buruthagolla,LK-8224
LK-8224075,Pahalagama,LK-8224
LK-8224080,Konketiya,LK-8224
LK-8224085,Medagama,LK-8224
LK-8224090,Pettagamwela,LK-8224
LK-8224095,Puhulkotuwa,LK-8224
LK-8224100,Veheragala,LK-8224
LK-8224105,Pelwatta,LK-8224
LK-8224110,Mahasenpura,LK-8224
LK-8224115,Kumaragama,LK-8224
LK-8224120,Kukurampola,LK-8224
LK-8224125,Kumarapura,LK-8224
LK-8224130,Yatiyallathota,LK-8224
LK-8224135,Waguruwela,LK-8224
LK-8224140,Gonagan Ara,LK-8224
LK-8224145,Rahathangama,LK-8224
LK-8227005,Sella Katharagama,LK-8227
LK-8227010,Katharagama,LK-8227
LK-8227015,Datagamuwa,LK-8227
LK-8227020,Kandasurindugama,LK-8227
LK-8227025,Karavile,LK-8227
LK-8230005,Kandiyapitawewa,LK-8230
LK-8230010,Kotavehera Mankada,LK-8230
LK-8230015,Aluthwewa,LK-8230
LK-8230020,Hambegamuwa,LK-8230
LK-8230025,Hambegamuwa Colony,LK-8230
LK-8230030,Kahakurullan Pelessa,LK-8230
LK-8230035,Mahawewa,LK-8230
LK-8230040,Sooriyaara,LK-8230
LK-8230045,Usgala,LK-8230
LK-8230050,Nikawewa,LK-8230
LK-8230055,Bodagama,LK-8230
LK-8230060,Kivul Ara,LK-8230
LK-8230065,Sittarama,LK-8230
LK-8230070,Seenukkuwa,LK-8230
LK-8233005,Katupilagama,LK-8233
LK-8233010,Habaraluwewa,LK-8233
LK-8233015,Samagipura,LK-8233
LK-8233020,Weliara,LK-8233
LK-8233025,Punchiwewa,LK-8233
LK-8233030,Kiri lbbanwewa,LK-8233
LK-8233035,Sevanagala,LK-8233
LK-8233040,Muthuminigama,LK-8233
LK-8233045,Bahirawa,LK-8233
LK-8233050,Indikolapelessa,LK-8233
LK-8233055,Habarugala,LK-8233
LK-8233060,Nugegalayaya,LK-8233
LK-8233065,Mahagama,LK-8233
LK-8233070,Habarattawela,LK-8233
LK-9103005,Divurumpitiya,LK-9103
LK-9103010,Hewainna,LK-9103
LK-9103015,Kalatuwawa East,LK-9103
LK-9103020,Getahetta,LK-9103
LK-9103025,Walavita,LK-9103
LK-9103030,Meennana,LK-9103
LK-9103035,Bopetta Didda,LK-9103
LK-9103040,Thoranakada,LK-9103
LK-9103045,Ganegoda,LK-9103
LK-9103050,Iddamalgoda,LK-9103
LK-9103055,Huladduwa,LK-9103
LK-9103060,Kalatuwawa West,LK-9103
LK-9103065,Uduwaka,LK-9103
LK-9103070,Napawala,LK-9103
LK-9103075,Pelpitiya,LK-9103
LK-9103080,Udumatta,LK-9103
LK-9103085,Vilegoda,LK-9103
LK-9103090,Vilegoda East,LK-9103
LK-9103095,Eheliyagoda Watta,LK-9103
LK-9103100,Asgangula North,LK-9103
LK-9103105,Kendagamuwa Ihalagama,LK-9103
LK-9103110,Moragala,LK-9103
LK-9103115,Bulugahapitiya,LK-9103
LK-9103120,Yakudagoda,LK-9103
LK-9103125,Kendagamuwa,LK-9103
LK-9103130,Asgangula South,LK-9103
LK-9103135,Mahara,LK-9103
LK-9103140,Mahingoda,LK-9103
LK-9103141,Amuhenkanda,LK-9103
LK-9103142,Pathberiya West,LK-9103
LK-9103143,Pathberiya,LK-9103
LK-9103144,Parakaduwa,LK-9103
LK-9103145,Nakandala,LK-9103
LK-9103146,Bodhimaluwa,LK-9103
LK-9103147,Thalavitiya,LK-9103
LK-9103148,Pohorabawa,LK-9103
LK-9103149,Miyanadeniya,LK-9103
LK-9103150,Viyalagoda,LK-9103
LK-9103155,Kendagamuwa Pahalagma,LK-9103
LK-9103160,Paleegala,LK-9103
LK-9103165,Miyanakolathenna,LK-9103
LK-9103170,Mitipola,LK-9103
LK-9103175,Mapota,LK-9103
LK-9103180,Karandana North,LK-9103
LK-9103185,Kiriporuwa,LK-9103
LK-9103190,Nedurana,LK-9103
LK-9103195,Erepola,LK-9103
LK-9103200,Sirisamanpura,LK-9103
LK-9103205,Nugadanda,LK-9103
LK-9103220,Hindurangala,LK-9103
LK-9106020,Meneripitiya,LK-9106
LK-9106045,Pussella,LK-9106
LK-9106050,Devipahala,LK-9106
LK-9106055,Endiriyanwala,LK-9106
LK-9106060,Erathna,LK-9106
LK-9106065,Adavikanda,LK-9106
LK-9106070,Lassakanda,LK-9106
LK-9106075,Sudagala,LK-9106
LK-9106080,Ekneligoda North,LK-9106
LK-9106085,Kiragala,LK-9106
LK-9106090,Kandangoda,LK-9106
LK-9106095,Millavitiya,LK-9106
LK-9106105,Ovitigama,LK-9106
LK-9106110,Theppanawa,LK-9106
LK-9106115,Theppanawa Ihalagama,LK-9106
LK-9106120,Pahala Kuruvita,LK-9106
LK-9106125,Kandangoda South,LK-9106
LK-9106130,Wathuyaya,LK-9106
LK-9106135,Udakada,LK-9106
LK-9106140,Ekneligoda,LK-9106
LK-9106145,Delgamuwa,LK-9106
LK-9106150,Kuruwita,LK-9106
LK-9106155,Walandura,LK-9106
LK-9106160,Nadukaradeniya,LK-9106
LK-9106165,Kahengama,LK-9106
LK-9106170,Pathagama,LK-9106
LK-9106175,Theppanawa Pahalagama,LK-9106
LK-9106180,Kithulpe,LK-9106
LK-9106185,Kahengama West,LK-9106
LK-9106190,Kosgoda,LK-9106
LK-9106195,Galukagama,LK-9106
LK-9109005,Ellawala,LK-9109
LK-9109010,Deheragoda,LK-9109
LK-9109015,Kanuggalla,LK-9109
LK-9109020,Ellawala Pahalagama,LK-9109
LK-9109025,Mudunkotuwa,LK-9109
LK-9109030,Akurana,LK-9109
LK-9109035,Kiriella,LK-9109
LK-9109040,Handukanda,LK-9109
LK-9109045,Epitawala,LK-9109
LK-9109050,Munasinhapura,LK-9109
LK-9109051,Karandana South,LK-9109
LK-9109052,Karandana West,LK-9109
LK-9109055,Yatipawwa,LK-9109
LK-9109060,Ellagawa,LK-9109
LK-9109065,Idangoda,LK-9109
LK-9109070,Matuwagala,LK-9109
LK-9109075,Dodampe West,LK-9109
LK-9109080,Dodampe,LK-9109
LK-9109085,Holeepitaya,LK-9109
LK-9112005,Gileemale North,LK-9112
LK-9112010,Ketawala,LK-9112
LK-9112015,Guruluwana,LK-9112
LK-9112020,Siripagama,LK-9112
LK-9112025,Sri Palabaddala,LK-9112
LK-9112030,Mapalana,LK-9112
LK-9112035,Kudawa,LK-9112
LK-9112040,Dehenakanda,LK-9112
LK-9112045,Bambarabotuwa,LK-9112
LK-9112050,Alupola,LK-9112
LK-9112055,Balakotunna,LK-9112
LK-9112060,Hapugasthenna,LK-9112
LK-9112065,Rathgama,LK-9112
LK-9112070,Gileemale South,LK-9112
LK-9112075,Pagoda,LK-9112
LK-9112080,Embuldeniya,LK-9112
LK-9112085,Malangama,LK-9112
LK-9112090,Amuthagoda,LK-9112
LK-9112095,Kahangama,LK-9112
LK-9112100,Ketaliyampalla,LK-9112
LK-9112105,New Town,LK-9112
LK-9112110,Ellegedara,LK-9112
LK-9112115,Malwala,LK-9112
LK-9112120,Durekkanda,LK-9112
LK-9112125,Galabada,LK-9112
LK-9112130,Gallella,LK-9112
LK-9112135,Amunuthenna,LK-9112
LK-9112140,Kempanawatta,LK-9112
LK-9112145,Gurubevilagama,LK-9112
LK-9112150,Batewela,LK-9112
LK-9112155,Hettikanda,LK-9112
LK-9112160,Banagoda,LK-9112
LK-9112165,Heenberenduwa,LK-9112
LK-9112170,Egoda Malwala,LK-9112
LK-9112175,Meehitiya,LK-9112
LK-9112180,Kospelavinna,LK-9112
LK-9112185,Weralupa,LK-9112
LK-9112190,Dewalegawa,LK-9112
LK-9112195,Muwagama,LK-9112
LK-9112200,Rathnapura Town West,LK-9112
LK-9112205,Rathnapura Town North,LK-9112
LK-9112210,Mihindugama,LK-9112
LK-9112215,Mahawala,LK-9112
LK-9112220,Godigamuwa,LK-9112
LK-9112225,Rathnapura Town,LK-9112
LK-9112230,Mudduva East,LK-9112
LK-9112235,Samagipura,LK-9112
LK-9112240,Ethoya,LK-9112
LK-9112245,Mudduwa,LK-9112
LK-9112250,Batugedara,LK-9112
LK-9112255,Angammana,LK-9112
LK-9112260,Thiriwanketiya,LK-9112
LK-9112265,Kolandagala,LK-9112
LK-9115005,Rawanakanda,LK-9115
LK-9115010,Gallenakanda,LK-9115
LK-9115015,Kattadikanda,LK-9115
LK-9115020,Waleboda North,LK-9115
LK-9115025,Bellankanda,LK-9115
LK-9115030,Bolthumbe,LK-9115
LK-9115035,Pinnawala,LK-9115
LK-9115040,Udagama,LK-9115
LK-9115045,Maddegama,LK-9115
LK-9115050,Pidaligannawela,LK-9115
LK-9115055,Ihalagalagama,LK-9115
LK-9115060,Viharawela,LK-9115
LK-9115065,Kumburutheniwela,LK-9115
LK-9115070,Belihuloya,LK-9115
LK-9115075,Yakdehiwela,LK-9115
LK-9115080,Muttettuwegama,LK-9115
LK-9115085,Puwakgahawela,LK-9115
LK-9115090,Budunwela,LK-9115
LK-9115095,Halpe,LK-9115
LK-9115100,Nittamaluwa,LK-9115
LK-9115105,Kumbalgama,LK-9115
LK-9115110,Kinchigune,LK-9115
LK-9115115,Karagasthalawa,LK-9115
LK-9115120,Seelogama,LK-9115
LK-9115125,Imbulpe,LK-9115
LK-9115130,Passaramulla,LK-9115
LK-9115135,Alakolaella,LK-9115
LK-9115140,Atawakwela,LK-9115
LK-9115145,Kanathiriyanwala,LK-9115
LK-9115150,Pallewela,LK-9115
LK-9115155,Gurubevila,LK-9115
LK-9115160,Pandeniya,LK-9115
LK-9115165,Pagalovita,LK-9115
LK-9115170,Maddethalawa,LK-9115
LK-9115175,Amuwathugoda,LK-9115
LK-9115180,Medagedaragoda,LK-9115
LK-9115185,Aluthnuwara,LK-9115
LK-9115190,Thotapalla,LK-9115
LK-9115195,Ulupitiya,LK-9115
LK-9115200,Mamalgaha,LK-9115
LK-9115205,Welanhinna,LK-9115
LK-9115210,Amupitiya,LK-9115
LK-9115215,Naluwela,LK-9115
LK-9115220,Wegapitiya,LK-9115
LK-9115225,Morahela,LK-9115
LK-9115230,Oluganthota,LK-9115
LK-9115235,Rathmalavinna,LK-9115
LK-9115240,Karadiyamulla,LK-9115
LK-9115245,Hatharabage,LK-9115
LK-9115250,Thunkinda,LK-9115
LK-9118005,Egoda Waleboda,LK-9118
LK-9118010,Welekumbura,LK-9118
LK-9118015,Wijanathkumbura,LK-9118
LK-9118020,Bulathgama,LK-9118
LK-9118025,Thumbagoda,LK-9118
LK-9118030,Kirindigala,LK-9118
LK-9118035,Yahalewela,LK-9118
LK-9118040,Batugammana,LK-9118
LK-9118045,Aldora,LK-9118
LK-9118050,Watawala,LK-9118
LK-9118055,Mulgama,LK-9118
LK-9118060,Thanjanthenna,LK-9118
LK-9118065,Kalthota,LK-9118
LK-9118070,Uggalkalthota Left Bank South,LK-9118
LK-9118075,Medabedda,LK-9118
LK-9118080,Neluyaya,LK-9118
LK-9118085,Uggalkalthota Left Bank Left,LK-9118
LK-9118090,Welipathayaya,LK-9118
LK-9118095,Kuragala,LK-9118
LK-9118100,Molamura,LK-9118
LK-9118105,Rajawaka,LK-9118
LK-9118110,Bowatta,LK-9118
LK-9118115,Vikiliya,LK-9118
LK-9118120,Thotupalathenna,LK-9118
LK-9118125,Kirimetithenna,LK-9118
LK-9118130,Dehigasthalawa,LK-9118
LK-9118135,Balangoda Town,LK-9118
LK-9118140,Balangoda,LK-9118
LK-9118145,Jahinkanda,LK-9118
LK-9118150,Meddekanda,LK-9118
LK-9118155,Ellewatta,LK-9118
LK-9118160,Polwathugoda,LK-9118
LK-9118165,Durakanda,LK-9118
LK-9118170,Rassagala,LK-9118
LK-9118175,Ampitiyawatta,LK-9118
LK-9118180,Massenna,LK-9118
LK-9118185,Pettigala,LK-9118
LK-9118190,Pallekanda,LK-9118
LK-9118195,Ellepola,LK-9118
LK-9118200,Thalangama,LK-9118
LK-9118205,Kumara Gama,LK-9118
LK-9118210,Damahana,LK-9118
LK-9118215,Kongahamankada,LK-9118
LK-9118220,Kalupedigama,LK-9118
LK-9118225,Diyavinna,LK-9118
LK-9118230,Godakumbura,LK-9118
LK-9118235,Imbulamura,LK-9118
LK-9118240,Mahawalathenna,LK-9118
LK-9118245,Theladiriya,LK-9118
LK-9118250,Mawela,LK-9118
LK-9118255,Welage,LK-9118
LK-9118260,Gawaranhena,LK-9118
LK-9118265,Horaketiya,LK-9118
LK-9121005,Polwattahena,LK-9121
LK-9121010,Metihakwala,LK-9121
LK-9121015,Malmeekanda,LK-9121
LK-9121020,Meegahawela,LK-9121
LK-9121025,Kendaketiya,LK-9121
LK-9121030,Pelendakanda,LK-9121
LK-9121035,Madola,LK-9121
LK-9121040,Udawela,LK-9121
LK-9121045,Opanayaka,LK-9121
LK-9121050,Hunuwala North,LK-9121
LK-9121055,Hallinna,LK-9121
LK-9121060,Hunuwala South,LK-9121
LK-9121065,Dandeniya,LK-9121
LK-9121070,Wallaketiya,LK-9121
LK-9121075,Akarella,LK-9121
LK-9121080,Hattella,LK-9121
LK-9121085,Hattella Egoda,LK-9121
LK-9121090,Batadura,LK-9121
LK-9121095,Liyanagoda,LK-9121
LK-9121100,Galkanda,LK-9121
LK-9124005,Gonakumbura,LK-9124
LK-9124010,Bopetta,LK-9124
LK-9124015,Berenduwa,LK-9124
LK-9124020,Narangoda,LK-9124
LK-9124025,Kuttapitiya,LK-9124
LK-9124030,Ganegama,LK-9124
LK-9124035,Godagama,LK-9124
LK-9124040,Dombagasvinna,LK-9124
LK-9124045,Sannasgama,LK-9124
LK-9124050,Dippitigala,LK-9124
LK-9124055,Lellopitiya,LK-9124
LK-9124060,Welimaluwa,LK-9124
LK-9124065,Gallinna,LK-9124
LK-9124070,Maudella,LK-9124
LK-9124075,Marapana,LK-9124
LK-9124080,Pahala Hakamuwa,LK-9124
LK-9124085,Ihala Hakamuwa,LK-9124
LK-9124090,Pottakanda,LK-9124
LK-9124095,Niralgama,LK-9124
LK-9124100,Alupotha,LK-9124
LK-9124105,Dewalegama,LK-9124
LK-9124110,Denawaka Pathakada,LK-9124
LK-9124115,Rilhena,LK-9124
LK-9124120,Pahala Bopitiya,LK-9124
LK-9124125,pelmadulla Town,LK-9124
LK-9124130,Udathula,LK-9124
LK-9124135,Warigama,LK-9124
LK-9124140,Denawaka Udakada,LK-9124
LK-9124145,Pelmadullagama,LK-9124
LK-9124150,Ihala Bopitiya,LK-9124
LK-9124155,Halpawala,LK-9124
LK-9124160,Kapuhenthota,LK-9124
LK-9124165,Panawenna,LK-9124
LK-9124170,Borala,LK-9124
LK-9124175,Morathota,LK-9124
LK-9124180,Kattange,LK-9124
LK-9124185,Poronuwa,LK-9124
LK-9127005,Kahawatta,LK-9127
LK-9127010,Dambuluwana,LK-9127
LK-9127015,Raddella,LK-9127
LK-9127020,Haldola,LK-9127
LK-9127025,Karangoda,LK-9127
LK-9127030,Samangama,LK-9127
LK-9127035,Kehelovitigama,LK-9127
LK-9127040,Weragama,LK-9127
LK-9127045,Dellabada,LK-9127
LK-9127050,Elapatha,LK-9127
LK-9127055,Pallegedara,LK-9127
LK-9127060,Kotamulla,LK-9127
LK-9127065,Amuwala,LK-9127
LK-9127070,Gangulvitiya,LK-9127
LK-9127075,Niriella,LK-9127
LK-9127080,Palawela,LK-9127
LK-9127085,Batakada,LK-9127
LK-9127090,Digana,LK-9127
LK-9127095,Magurugoda,LK-9127
LK-9127100,Hangamuwa,LK-9127
LK-9130005,Dumbara,LK-9130
LK-9130010,Ketepola,LK-9130
LK-9130015,Dethabadakanda,LK-9130
LK-9130020,Madabaddara,LK-9130
LK-9130025,Pahala Galathura,LK-9130
LK-9130030,Galathura,LK-9130
LK-9130035,Sinhalagoda,LK-9130
LK-9130040,Gangodakanda,LK-9130
LK-9130045,Dumbara Manana,LK-9130
LK-9130050,Gawaragiriya,LK-9130
LK-9130055,Pitakanda,LK-9130
LK-9130060,Pallekada,LK-9130
LK-9130065,Ellahena,LK-9130
LK-9130070,Vithanagama,LK-9130
LK-9130075,Ayagama,LK-9130
LK-9130080,Udugala North,LK-9130
LK-9130085,Kolambewa,LK-9130
LK-9130090,Udugala,LK-9130
LK-9130095,Paragala,LK-9130
LK-9130100,Pimbura,LK-9130
LK-9130105,Nikagoda,LK-9130
LK-9133005,Kodippilikanda,LK-9133
LK-9133010,Jathuwangoda,LK-9133
LK-9133015,Meepagama,LK-9133
LK-9133020,Kukulegama North,LK-9133
LK-9133025,Samanpura,LK-9133
LK-9133030,Kalawana West,LK-9133
LK-9133035,Thapassarakanda,LK-9133
LK-9133040,Koswatta,LK-9133
LK-9133045,Kukulegama South,LK-9133
LK-9133050,Pitigalakanda,LK-9133
LK-9133055,Wewagama,LK-9133
LK-9133060,Davugalagama,LK-9133
LK-9133065,Wembiyagoda,LK-9133
LK-9133070,Kalawana East,LK-9133
LK-9133075,Wewelkandura,LK-9133
LK-9133080,Hangarangala,LK-9133
LK-9133085,Wathurawa,LK-9133
LK-9133090,Delgoda East,LK-9133
LK-9133095,Delgoda West,LK-9133
LK-9133100,Weddagala West,LK-9133
LK-9133105,Weddagala East,LK-9133
LK-9133110,Kudumeeriya,LK-9133
LK-9133115,Thanabela,LK-9133
LK-9133120,Rambuka,LK-9133
LK-9133125,Dolekanda,LK-9133
LK-9133130,Kathlana,LK-9133
LK-9133135,Gangalagamuwa,LK-9133
LK-9133140,Panapola,LK-9133
LK-9133145,Kudawa,LK-9133
LK-9133150,Hapugoda,LK-9133
LK-9133155,Pothupitiya North,LK-9133
LK-9133160,Pothupitiya South,LK-9133
LK-9133165,Ilumbakanda,LK-9133
LK-9136005,Pathakada,LK-9136
LK-9136010,Noragalla,LK-9136
LK-9136015,Dombagammana,LK-9136
LK-9136020,Erabadda,LK-9136
LK-9136025,Kiribathgala,LK-9136
LK-9136030,Wanniyawatta,LK-9136
LK-9136035,Watapotha,LK-9136
LK-9136040,Thuttiripitiya,LK-9136
LK-9136045,Nivithigala,LK-9136
LK-9136050,Yakdehiwatta,LK-9136
LK-9136055,Wathupitiya,LK-9136
LK-9136060,Horangala,LK-9136
LK-9136065,Pahala Karavita,LK-9136
LK-9136070,Uda Karavita,LK-9136
LK-9136075,Pinkanda,LK-9136
LK-9136080,Halkandaliya,LK-9136
LK-9136085,Sidurupitiya,LK-9136
LK-9136090,Doloswala,LK-9136
LK-9136095,Kolombugama,LK-9136
LK-9136100,Doloswalakanda,LK-9136
LK-9136105,Pebotuwa,LK-9136
LK-9136110,Horanekarakanda,LK-9136
LK-9136115,Delwala,LK-9136
LK-9136120,Panahetagala,LK-9136
LK-9139005,Yainna,LK-9139
LK-9139010,Nugawela West,LK-9139
LK-9139015,Nugawela East,LK-9139
LK-9139020,Weladura,LK-9139
LK-9139025,Bungiriya,LK-9139
LK-9139030,Uda Hawpe,LK-9139
LK-9139035,Yatagare,LK-9139
LK-9139040,Madalagama Colony,LK-9139
LK-9139045,Panapitiya North,LK-9139
LK-9139050,Nambuluwa,LK-9139
LK-9139055,Atakalanpanna,LK-9139
LK-9139060,Pahamunupanna,LK-9139
LK-9139065,Kalalella,LK-9139
LK-9139070,Panapitiya South,LK-9139
LK-9139075,Gabbela,LK-9139
LK-9139080,Endana,LK-9139
LK-9139085,Madalagama,LK-9139
LK-9139090,Miyanavita West,LK-9139
LK-9139095,Miyanavita East,LK-9139
LK-9139100,Kiranodagama,LK-9139
LK-9139105,Pannila,LK-9139
LK-9142005,Kotakethana,LK-9142
LK-9142010,Dimbulwala,LK-9142
LK-9142015,Hapurudeniya,LK-9142
LK-9142020,Panawala,LK-9142
LK-9142025,Buluwana,LK-9142
LK-9142030,Makandura,LK-9142
LK-9142035,Ematiyagoda,LK-9142
LK-9142040,Ridivita,LK-9142
LK-9142045,Maragala,LK-9142
LK-9142050,Hiramadagama,LK-9142
LK-9142055,Madampe North,LK-9142
LK-9142060,Kavuduwawa,LK-9142
LK-9142065,Madampe South,LK-9142
LK-9142070,Horamula,LK-9142
LK-9142075,Weralugahamula,LK-9142
LK-9142080,Alpitiya,LK-9142
LK-9142085,Galahitiya,LK-9142
LK-9142090,Kompitiya,LK-9142
LK-9142095,Malwatta,LK-9142
LK-9142100,Werahera West,LK-9142
LK-9142105,Werahera East,LK-9142
LK-9142110,Godakawela,LK-9142
LK-9142115,Warayaya,LK-9142
LK-9142120,Niyangama,LK-9142
LK-9142125,Bambaragasthenna,LK-9142
LK-9142130,Balavinna North,LK-9142
LK-9142135,Balavinna West,LK-9142
LK-9142140,Kapuhenthenna,LK-9142
LK-9142145,Mawathalanda,LK-9142
LK-9142150,Meddegama,LK-9142
LK-9142155,Masimbula,LK-9142
LK-9142160,Rakwana Town,LK-9142
LK-9142165,Kottala,LK-9142
LK-9142170,Rakwana South,LK-9142
LK-9142175,Rakwana North,LK-9142
LK-9142180,Yahalawela,LK-9142
LK-9142185,Bibilegama West,LK-9142
LK-9142190,Bibilegama East,LK-9142
LK-9142195,Thambagamuwa West,LK-9142
LK-9142200,Dambavinna,LK-9142
LK-9142205,Balavinna East,LK-9142
LK-9142210,Thambagamuwa East,LK-9142
LK-9142215,Mahagama West,LK-9142
LK-9142220,Mahagama East,LK-9142
LK-9145005,Paragahamaditta,LK-9145
LK-9145010,llukkumbura,LK-9145
LK-9145015,Panana,LK-9145
LK-9145020,Galgodagama,LK-9145
LK-9145025,Kongasthenna,LK-9145
LK-9145030,Bopitigoda,LK-9145
LK-9145035,Gangodagama,LK-9145
LK-9145040,Medaganoya,LK-9145
LK-9145045,Udaranwala,LK-9145
LK-9145050,Weligepola,LK-9145
LK-9145055,Udagangoda,LK-9145
LK-9145060,Belimaliyadda,LK-9145
LK-9145065,Handagiriya,LK-9145
LK-9145070,Handagirigoda,LK-9145
LK-9145075,Palugahawela,LK-9145
LK-9145080,Urawala,LK-9145
LK-9145085,Kottimbulwala,LK-9145
LK-9145090,Thalagaskanda,LK-9145
LK-9145095,Ranwala,LK-9145
LK-9145100,Ammaduwa,LK-9145
LK-9145105,Elamalpe,LK-9145
LK-9145110,Thennahena,LK-9145
LK-9145115,Kalatuwakanda,LK-9145
LK-9145120,Badullegama,LK-9145
LK-9145125,Hatangala,LK-9145
LK-9145130,Bambaragala,LK-9145
LK-9145135,Pussathota,LK-9145
LK-9145140,Madawalalanda,LK-9145
LK-9145145,Galpaya,LK-9145
LK-9145150,Muttettupola,LK-9145
LK-9148005,Pallebedda,LK-9148
LK-9148010,Thittawelpotha,LK-9148
LK-9148015,Panahaduwa,LK-9148
LK-9148020,Udawalawa,LK-9148
LK-9148025,Thimbolketiya,LK-9148
LK-9148030,Kolambage Ara,LK-9148
LK-9148035,Sankhapala,LK-9148
LK-9148040,Miriswelpatha,LK-9148
LK-9148045,Adaluwa,LK-9148
LK-9148050,Maduwanwela,LK-9148
LK-9148055,Udawalawa Track 2,LK-9148
LK-9148060,Rathkarawwa,LK-9148
LK-9148065,Gangeyaya,LK-9148
LK-9148070,Ketagal Ara,LK-9148
LK-9148075,Nindagam Pelessa,LK-9148
LK-9148080,Ranchamadama,LK-9148
LK-9148085,Panamura,LK-9148
LK-9148090,Konkatuwa,LK-9148
LK-9148095,Embilipitiya Udagama,LK-9148
LK-9148100,Hingura Ara,LK-9148
LK-9148105,Kalagedi Ara,LK-9148
LK-9148110,Moraketiya,LK-9148
LK-9148115,Embilipitiya Pallegama,LK-9148
LK-9148120,Embilipitiya New Town,LK-9148
LK-9148125,Yodhagama,LK-9148
LK-9148130,Modarawana,LK-9148
LK-9148135,Sudugala,LK-9148
LK-9148140,Walalgoda,LK-9148
LK-9148145,Jadura,LK-9148
LK-9148150,Diyapota,LK-9148
LK-9148155,Mulendiyawala,LK-9148
LK-9148160,Thorakolayaya,LK-9148
LK-9148165,Kumbugoda Ara,LK-9148
LK-9148170,Hingura,LK-9148
LK-9148175,Halmillaketiya,LK-9148
LK-9148180,Thunkama,LK-9148
LK-9148185,Hagala,LK-9148
LK-9148190,Kuttigala,LK-9148
LK-9148195,Julangete,LK-9148
LK-9148200,Padalangala,LK-9148
LK-9151005,Buluthota,LK-9151
LK-9151010,Ranhotikanda,LK-9151
LK-9151015,Yakmaditta,LK-9151
LK-9151020,Helaudakanda,LK-9151
LK-9151025,Heneggegoda,LK-9151
LK-9151030,Kumburugamuwa,LK-9151
LK-9151035,Dambemada,LK-9151
LK-9151040,welewathugoda,LK-9151
LK-9151045,Ereporuwa,LK-9151
LK-9151050,Wijeriya,LK-9151
LK-9151055,Poddana,LK-9151
LK-9151060,Ittakanda,LK-9151
LK-9151065,Buthkanda,LK-9151
LK-9151070,Kolonna,LK-9151
LK-9151075,Maduwanwela Peranigama,LK-9151
LK-9151080,Nandanagama,LK-9151
LK-9151085,Ambagahayaya,LK-9151
LK-9151090,Kella,LK-9151
LK-9151095,Boraluwageaina,LK-9151
LK-9151100,Ullinduwawa,LK-9151
LK-9151105,Pupulaketiya,LK-9151
LK-9151110,Habbeliara,LK-9151
LK-9151115,Walakada,LK-9151
LK-9151120,Koppakanda,LK-9151
LK-9151125,Dapane,LK-9151
LK-9151130,Dorapane,LK-9151
LK-9151135,Morawadiya,LK-9151
LK-9151140,Omalpe,LK-9151
LK-9151145,Kempane,LK-9151
LK-9203005,Dombemada East,LK-9203
LK-9203010,Dombemada West,LK-9203
LK-9203015,Udanvita,LK-9203
LK-9203020,Maligathenna,LK-9203
LK-9203025,Alugolla,LK-9203
LK-9203030,Gabbala North,LK-9203
LK-9203035,Gabbala South,LK-9203
LK-9203040,Mahagama,LK-9203
LK-9203045,Halwatta,LK-9203
LK-9203050,Hewadiwela,LK-9203
LK-9203055,Nattambura,LK-9203
LK-9203060,Kudagama North,LK-9203
LK-9203065,Kudagama South,LK-9203
LK-9203070,Medagaladeniya,LK-9203
LK-9203075,Walgama,LK-9203
LK-9203080,Udagaladeniya,LK-9203
LK-9203085,Dambulla,LK-9203
LK-9203090,Deliwala,LK-9203
LK-9203095,Hangawela,LK-9203
LK-9203100,Ihala Walpola,LK-9203
LK-9203105,Kotawella,LK-9203
LK-9203110,Kanugolla,LK-9203
LK-9203115,Parape North,LK-9203
LK-9203120,Parape South,LK-9203
LK-9203125,Kossinna,LK-9203
LK-9203130,Kansalagamuwa,LK-9203
LK-9203135,Heenabowa,LK-9203
LK-9203140,Walalgoda,LK-9203
LK-9203145,Kiriwallapitiya,LK-9203
LK-9203150,Eriyagolla,LK-9203
LK-9203155,Werellapatha,LK-9203
LK-9203160,Weligamuwa,LK-9203
LK-9203165,Thaldewa,LK-9203
LK-9203170,Wahawa,LK-9203
LK-9203175,Padavigampala,LK-9203
LK-9203180,Puwakmote,LK-9203
LK-9203185,Udugama,LK-9203
LK-9203190,Thismalpola,LK-9203
LK-9203195,Yatagama,LK-9203
LK-9203200,Meeduma,LK-9203
LK-9203205,Hurimaluwa,LK-9203
LK-9203210,Eriyawa,LK-9203
LK-9203215,Rambukkana Town,LK-9203
LK-9203220,Diyasunnatha,LK-9203
LK-9203225,Madawala,LK-9203
LK-9203230,Godagandeniya,LK-9203
LK-9203235,Kempitiya,LK-9203
LK-9203240,Kadigamuwa,LK-9203
LK-9203245,Halagiriya,LK-9203
LK-9203250,Muwapitiya,LK-9203
LK-9203255,Beligodapitiya,LK-9203
LK-9203260,Pinnawala,LK-9203
LK-9203265,Daluggala,LK-9203
LK-9203270,Mottappuliya,LK-9203
LK-9203275,Koorempola,LK-9203
LK-9203280,Halpitiya,LK-9203
LK-9203285,Naranbedda East,LK-9203
LK-9203290,Naranbedda West,LK-9203
LK-9203295,Marukwathura,LK-9203
LK-9203300,Imbulgasdeniya,LK-9203
LK-9203305,Ambuwangala,LK-9203
LK-9203310,Kehelwathugoda,LK-9203
LK-9203315,Dunukewala,LK-9203
LK-9203320,Waduwadeniya,LK-9203
LK-9203325,Hiriwadunna,LK-9203
LK-9203330,Bathambure,LK-9203
LK-9203335,Kottana Watta,LK-9203
LK-9203340,Kotagama,LK-9203
LK-9203345,Kiriwandeniya,LK-9203
LK-9203350,Netiyapana,LK-9203
LK-9203355,Udugama Gondewala,LK-9203
LK-9203360,Pattampitiya,LK-9203
LK-9203365,Yatiwaldeniya,LK-9203
LK-9203370,Henepola,LK-9203
LK-9203375,Deegana Kanda,LK-9203
LK-9203380,Gangoda,LK-9203
LK-9203385,Beddawala,LK-9203
LK-9203390,Yodhagama,LK-9203
LK-9203395,Pitiyegama,LK-9203
LK-9203400,Deldeniya,LK-9203
LK-9203405,Kivulpana,LK-9203
LK-9203410,Minwana,LK-9203
LK-9203415,Kumbaldiwela,LK-9203
LK-9203420,Galpala,LK-9203
LK-9203425,Kumbaloluwa,LK-9203
LK-9203430,Kavudaulla,LK-9203
LK-9203435,Molagoda,LK-9203
LK-9203440,Waragoda,LK-9203
LK-9203445,Mangalagama,LK-9203
LK-9206005,Weganthale,LK-9206
LK-9206010,Yatimahana,LK-9206
LK-9206015,Keppetipola,LK-9206
LK-9206020,Ihala Kotte,LK-9206
LK-9206025,Makehelwala,LK-9206
LK-9206030,Dunugama Maliyadda,LK-9206
LK-9206035,Karapane,LK-9206
LK-9206040,Kondeniya,LK-9206
LK-9206045,Gondiwala,LK-9206
LK-9206050,Uthuwankanda,LK-9206
LK-9206055,Ambulugala,LK-9206
LK-9206060,Attanagoda,LK-9206
LK-9206065,Panagamuwa,LK-9206
LK-9206070,Dehimaduwa,LK-9206
LK-9206075,Habbunkaduwa,LK-9206
LK-9206080,Mahawatta,LK-9206
LK-9206085,Muruthawala,LK-9206
LK-9206090,Randiwala,LK-9206
LK-9206095,Uda Makadawara,LK-9206
LK-9206100,Ganethenna,LK-9206
LK-9206105,Makadawara,LK-9206
LK-9206110,Batawala,LK-9206
LK-9206115,Hingula,LK-9206
LK-9206120,Owatta,LK-9206
LK-9206125,Hinguloya,LK-9206
LK-9206130,Rankothdiwala,LK-9206
LK-9206135,Mawanella,LK-9206
LK-9206140,Mawana,LK-9206
LK-9206145,Kiringadeniya,LK-9206
LK-9206150,Weligalla,LK-9206
LK-9206155,Dodanthale,LK-9206
LK-9206160,Kappagoda,LK-9206
LK-9206165,Nankurugama,LK-9206
LK-9206170,Kongamuwa,LK-9206
LK-9206175,Beligammana,LK-9206
LK-9206180,Edanduwawa,LK-9206
LK-9206185,Idampitiya,LK-9206
LK-9206190,Kekirigoda,LK-9206
LK-9206195,Uyanwatta,LK-9206
LK-9206200,Aluthnuwara,LK-9206
LK-9206205,Molligoda,LK-9206
LK-9206210,Mawela,LK-9206
LK-9206215,Warakapana,LK-9206
LK-9206220,Kahawandala,LK-9206
LK-9206225,Mahanthegama,LK-9206
LK-9206230,Heenatipana,LK-9206
LK-9206235,Rukulagama,LK-9206
LK-9206240,Daswatta,LK-9206
LK-9206245,Lewke,LK-9206
LK-9206250,Kumbalgama,LK-9206
LK-9206255,Balawathgama,LK-9206
LK-9206260,Werake,LK-9206
LK-9206265,Embilmeewala,LK-9206
LK-9206270,Thambavita,LK-9206
LK-9206275,Eraminigammana,LK-9206
LK-9206280,Ambadeniya,LK-9206
LK-9206285,Weragoda,LK-9206
LK-9206290,Kooragala,LK-9206
LK-9206295,Waduwawala,LK-9206
LK-9206300,Ginihappitiya West,LK-9206
LK-9206305,Ginihappitiya  East,LK-9206
LK-9206310,Ambaruppa,LK-9206
LK-9206315,Madulbowa,LK-9206
LK-9206320,Ambalawa,LK-9206
LK-9206325,Balathgamuwa,LK-9206
LK-9206330,Kehelpannala East,LK-9206
LK-9206335,Wadiyathenna,LK-9206
LK-9206340,Hemmathagama,LK-9206
LK-9206345,Palliporuwa,LK-9206
LK-9206350,Dumbuluwawa,LK-9206
LK-9206355,Kehelpannala West,LK-9206
LK-9209005,Deewela Udagama,LK-9209
LK-9209010,Wakirigala,LK-9209
LK-9209015,Epalawa Watta,LK-9209
LK-9209020,Uduwewela,LK-9209
LK-9209025,Kande Watta,LK-9209
LK-9209030,Gal Athara,LK-9209
LK-9209035,Gammannagoda,LK-9209
LK-9209040,Katugaha,LK-9209
LK-9209045,Ussapitiya,LK-9209
LK-9209050,Waharakgoda,LK-9209
LK-9209055,Ruwandeniya,LK-9209
LK-9209060,Attapitiya,LK-9209
LK-9209065,Devanagala,LK-9209
LK-9209070,Kariyagama,LK-9209
LK-9209075,Godigamuwa,LK-9209
LK-9209080,Narangammana,LK-9209
LK-9209085,Lambutuwa,LK-9209
LK-9209090,Wattegedara,LK-9209
LK-9209095,Asmadala,LK-9209
LK-9209100,Kandamulla,LK-9209
LK-9209105,Kumarapura,LK-9209
LK-9209110,Debathgama Udabage,LK-9209
LK-9209115,Debathgama Pallebage,LK-9209
LK-9209120,Hathgampala,LK-9209
LK-9209125,Moragammana,LK-9209
LK-9209130,Gevilipitiya Town,LK-9209
LK-9209135,Gevilipitiya Gama,LK-9209
LK-9209140,Pehinipeddara,LK-9209
LK-9209145,Nikapitiya,LK-9209
LK-9209150,Thalgamuwa,LK-9209
LK-9209155,Dippitiya,LK-9209
LK-9209160,Habalakkawa,LK-9209
LK-9209165,Keerapana,LK-9209
LK-9209170,Vilpola,LK-9209
LK-9209175,Galbokka,LK-9209
LK-9209180,Elangipitiya,LK-9209
LK-9209185,Kalugala,LK-9209
LK-9209190,Kehelwatta,LK-9209
LK-9209195,Dampelgoda,LK-9209
LK-9209200,Narangala,LK-9209
LK-9209205,Getaberi Kanda,LK-9209
LK-9209210,Pannala,LK-9209
LK-9209215,Duldeniya,LK-9209
LK-9209220,Thalgaspitiya Muslimgama,LK-9209
LK-9209225,Thalgaspitiya,LK-9209
LK-9209230,Thelleka,LK-9209
LK-9209235,Hakurugammana,LK-9209
LK-9209240,Aranayaka,LK-9209
LK-9209245,Udagama,LK-9209
LK-9209250,Ambalakanda,LK-9209
LK-9209255,Ganthuna Udagama,LK-9209
LK-9209260,Ganthuna Medagama,LK-9209
LK-9209265,Jambugasmada,LK-9209
LK-9209270,Podape,LK-9209
LK-9209275,Deiyanwala,LK-9209
LK-9209280,Arama,LK-9209
LK-9209285,Rahala,LK-9209
LK-9209290,Randiligama,LK-9209
LK-9209295,Yodhagama,LK-9209
LK-9209300,selawa East,LK-9209
LK-9209305,Selawa West,LK-9209
LK-9212005,Siyambalapitiya,LK-9212
LK-9212010,Pussella,LK-9212
LK-9212015,Dimbulgamuwa,LK-9212
LK-9212020,Kolongalla,LK-9212
LK-9212025,Diyagama,LK-9212
LK-9212030,Kalugalla,LK-9212
LK-9212035,Puwakdeniya,LK-9212
LK-9212040,Meepitiya,LK-9212
LK-9212045,Olagankanda,LK-9212
LK-9212050,Wewaladeniya,LK-9212
LK-9212055,Ranwala,LK-9212
LK-9212060,Paranagampola,LK-9212
LK-9212065,Uraulla,LK-9212
LK-9212070,Ambanpitiya,LK-9212
LK-9212075,Beragala,LK-9212
LK-9212080,Kegalle Town,LK-9212
LK-9212085,Golahela,LK-9212
LK-9212090,Pallewela,LK-9212
LK-9212095,Karandupotha,LK-9212
LK-9212100,Uda Karadupana,LK-9212
LK-9212105,Nilmalgoda,LK-9212
LK-9212110,Paragammana,LK-9212
LK-9212115,Waldeniya,LK-9212
LK-9212120,Dikella,LK-9212
LK-9212125,Buluruppa,LK-9212
LK-9212130,Ekiriyagala,LK-9212
LK-9212135,Deewela Medagama,LK-9212
LK-9212140,Deewela Pallegama,LK-9212
LK-9212145,Ewunugalla,LK-9212
LK-9212150,Dikkohupitiya,LK-9212
LK-9212155,Kavudugama,LK-9212
LK-9212160,Makoora,LK-9212
LK-9212165,Bulugahadeniya,LK-9212
LK-9212170,Thalewala,LK-9212
LK-9212175,Hettimulla,LK-9212
LK-9212180,Minuwangamuwa,LK-9212
LK-9212185,Udumagama,LK-9212
LK-9212190,Wadupola,LK-9212
LK-9212195,Wathura,LK-9212
LK-9212200,Meedeniya South,LK-9212
LK-9212205,Meedeniya North,LK-9212
LK-9212210,Malavita,LK-9212
LK-9212215,Godigamuwa,LK-9212
LK-9212220,Hapuvita Pallegama,LK-9212
LK-9212225,Alapalawala,LK-9212
LK-9212230,Nilapalagammana,LK-9212
LK-9212235,Eregama,LK-9212
LK-9212240,Athurupana,LK-9212
LK-9212245,Rotuwa,LK-9212
LK-9212250,Hungampola,LK-9212
LK-9212255,Gurullawala,LK-9212
LK-9212260,Moradana,LK-9212
LK-9212265,Mabopitiya,LK-9212
LK-9212270,Higgoda,LK-9212
LK-9212275,Bossella,LK-9212
LK-9212280,Ganthuna Pallegama North,LK-9212
LK-9212285,Bogala,LK-9212
LK-9212290,Thiyambarahena,LK-9212
LK-9212295,Undugoda,LK-9212
LK-9212300,Belihulwana,LK-9212
LK-9212305,Ganthuna Pallegama South,LK-9212
LK-9215005,Helamada,LK-9215
LK-9215010,Godapola,LK-9215
LK-9215015,Batuwatta,LK-9215
LK-9215020,Makuddala,LK-9215
LK-9215025,Weragoda,LK-9215
LK-9215030,Jeewana,LK-9215
LK-9215035,Dewalegama,LK-9215
LK-9215040,Walagama,LK-9215
LK-9215045,Kandegedara,LK-9215
LK-9215050,Edurapotha West,LK-9215
LK-9215055,panakawa,LK-9215
LK-9215060,Edurapotha East,LK-9215
LK-9215065,Nawagamuwa,LK-9215
LK-9215070,Hathnagoda,LK-9215
LK-9215075,Peherambe,LK-9215
LK-9215080,Palapoluwa,LK-9215
LK-9215085,Yattogoda,LK-9215
LK-9215090,Ballapana Pathabage,LK-9215
LK-9215095,Kobbewala,LK-9215
LK-9215100,Galigamuwa,LK-9215
LK-9215105,Ballapana Udabage,LK-9215
LK-9215110,Mayfield,LK-9215
LK-9215115,Asideniya,LK-9215
LK-9215120,Dematanpitiya,LK-9215
LK-9215125,Bisowela,LK-9215
LK-9215130,Imbulgala,LK-9215
LK-9215135,Atugoda,LK-9215
LK-9215140,Renapana,LK-9215
LK-9215145,Bambaragama,LK-9215
LK-9215150,Naberiyawa,LK-9215
LK-9215155,Narangoda,LK-9215
LK-9215160,Alawala,LK-9215
LK-9215165,Holombuwa,LK-9215
LK-9215170,Boyagoda,LK-9215
LK-9215175,Arandara,LK-9215
LK-9215180,Kiridana,LK-9215
LK-9215185,Kinigama,LK-9215
LK-9215190,Damunupola,LK-9215
LK-9215195,Lahupana,LK-9215
LK-9215200,Pothukoladeniya,LK-9215
LK-9215205,Pindeniya,LK-9215
LK-9215210,Udugama,LK-9215
LK-9215215,Nadeniya,LK-9215
LK-9215220,Atala,LK-9215
LK-9215225,Hapudeniya,LK-9215
LK-9215230,Kurunegoda,LK-9215
LK-9215235,Ruggahathenna,LK-9215
LK-9215240,Ampe,LK-9215
LK-9215245,Hathnapitiya,LK-9215
LK-9215250,Karagala,LK-9215
LK-9215255,Aruggammana,LK-9215
LK-9218005,Waddeniya,LK-9218
LK-9218010,Kalugala,LK-9218
LK-9218015,Weniwellakaduwa,LK-9218
LK-9218020,Kodapaluwa,LK-9218
LK-9218025,Opatha,LK-9218
LK-9218030,Paspolakanda,LK-9218
LK-9218035,Thulhiriya,LK-9218
LK-9218040,Parakramagama,LK-9218
LK-9218045,Nangalla,LK-9218
LK-9218050,Ragalkanda,LK-9218
LK-9218055,Heliyagoda,LK-9218
LK-9218060,Metiyagane,LK-9218
LK-9218065,Thalgama,LK-9218
LK-9218070,Egalla,LK-9218
LK-9218075,Kumbalgama,LK-9218
LK-9218080,Akwatta,LK-9218
LK-9218085,Pinnagoda Kanda,LK-9218
LK-9218090,Gasnawa,LK-9218
LK-9218095,Mangedara,LK-9218
LK-9218100,Ambepussa,LK-9218
LK-9218105,Warakapola,LK-9218
LK-9218110,Mahena Colony,LK-9218
LK-9218115,Mahena,LK-9218
LK-9218120,Tholangamuwa,LK-9218
LK-9218125,Nape,LK-9218
LK-9218130,Morawaka,LK-9218
LK-9218135,Mampita,LK-9218
LK-9218140,Nelumdeniya,LK-9218
LK-9218145,Othnapitiya,LK-9218
LK-9218150,Boorunnawa,LK-9218
LK-9218155,IIipangamuwa,LK-9218
LK-9218160,Delgamuwa,LK-9218
LK-9218165,Thumbaliyadda,LK-9218
LK-9218170,Ganithapura,LK-9218
LK-9218175,Ethnawala,LK-9218
LK-9218180,Dummaladeniya,LK-9218
LK-9218185,Puhulegama,LK-9218
LK-9218190,Godawela,LK-9218
LK-9218195,Penihela,LK-9218
LK-9218200,Thambugala,LK-9218
LK-9218205,Thalgahadeniya,LK-9218
LK-9218210,Niwatuwa,LK-9218
LK-9218215,Kukulpane,LK-9218
LK-9218220,Thalliyadda,LK-9218
LK-9218225,Dorawaka Pallebage,LK-9218
LK-9218230,Yaddehimulla,LK-9218
LK-9218235,Kohombadeniya,LK-9218
LK-9218240,Ihala Lenagala,LK-9218
LK-9218245,Dedigama,LK-9218
LK-9218250,Pitadeniya,LK-9218
LK-9218255,Thunthota,LK-9218
LK-9218260,Imbulovita,LK-9218
LK-9218265,Menikkadawara,LK-9218
LK-9218270,Maha pallegama,LK-9218
LK-9218275,Kinivita,LK-9218
LK-9218280,Hapugoda,LK-9218
LK-9218285,Dorawaka Udabage,LK-9218
LK-9218290,Weragoda,LK-9218
LK-9218295,Palamure,LK-9218
LK-9218300,Bopitiya,LK-9218
LK-9218305,Algama Ihalagama,LK-9218
LK-9218310,Algama,LK-9218
LK-9218315,Madurupitiya,LK-9218
LK-9218320,Kandegama,LK-9218
LK-9218325,Uduwaka,LK-9218
LK-9218330,Hallawa,LK-9218
LK-9218335,Ebidigala,LK-9218
LK-9218340,Alpitiya,LK-9218
LK-9218345,Kivuldeniya,LK-9218
LK-9218350,Kudapallegama,LK-9218
LK-9218355,Thambadiya,LK-9218
LK-9218360,Elamaldeniya,LK-9218
LK-9218365,Malmaduwa,LK-9218
LK-9218370,Polgampala,LK-9218
LK-9218375,Weragala,LK-9218
LK-9218380,Pallepelpita,LK-9218
LK-9218385,Pahala Lenagala,LK-9218
LK-9218390,Welhella,LK-9218
LK-9221005,Dunumala,LK-9221
LK-9221010,Galapitamada,LK-9221
LK-9221015,Walgampatha,LK-9221
LK-9221020,Kadigamuwa,LK-9221
LK-9221025,Mahakanda,LK-9221
LK-9221030,Lenagala,LK-9221
LK-9221035,Lewangama North,LK-9221
LK-9221040,Lewangama South,LK-9221
LK-9221045,Morathota,LK-9221
LK-9221050,Waharaka,LK-9221
LK-9221055,Daluwalana,LK-9221
LK-9221060,Wahakula,LK-9221
LK-9221065,Dannoruwa,LK-9221
LK-9221070,Nivunhella,LK-9221
LK-9221075,Imbulana,LK-9221
LK-9221080,Siyambalawala,LK-9221
LK-9221085,Pethangoda,LK-9221
LK-9221090,Kannattota,LK-9221
LK-9221095,Gonaramba,LK-9221
LK-9221100,Doranuwa,LK-9221
LK-9221105,Bopetta,LK-9221
LK-9221110,Morawatta,LK-9221
LK-9221115,Mahalla,LK-9221
LK-9221120,Gonagala North,LK-9221
LK-9221125,Indurana,LK-9221
LK-9221130,Puranpotta,LK-9221
LK-9221135,Batuvita,LK-9221
LK-9221140,Amithirigala North,LK-9221
LK-9221145,Amithirigala South,LK-9221
LK-9221150,Gonagala West,LK-9221
LK-9221155,Mapitigama,LK-9221
LK-9221160,Moraliya,LK-9221
LK-9221165,Ruwanwella,LK-9221
LK-9221170,Wendala,LK-9221
LK-9221175,Mahadeniya,LK-9221
LK-9221180,Udakanugala,LK-9221
LK-9221185,Palle Kanugala,LK-9221
LK-9221190,Medagoda,LK-9221
LK-9224005,Kanangamuwa,LK-9224
LK-9224010,Getiyamulla,LK-9224
LK-9224015,Higgoda,LK-9224
LK-9224020,Puspane,LK-9224
LK-9224025,Kabagamuwa,LK-9224
LK-9224030,Alawathura,LK-9224
LK-9224035,Ambuwakka,LK-9224
LK-9224040,Haloluwa,LK-9224
LK-9224045,Wegalla,LK-9224
LK-9224050,Lewala,LK-9224
LK-9224055,Bulathkohupitiya,LK-9224
LK-9224060,Rangalla,LK-9224
LK-9224065,Nevismiyar Ihala,LK-9224
LK-9224070,Uduwa,LK-9224
LK-9224075,Dedugala,LK-9224
LK-9224080,Pelempitiya,LK-9224
LK-9224085,Neluwakkana,LK-9224
LK-9224090,Udapotha,LK-9224
LK-9224095,Kendawa,LK-9224
LK-9224100,Narangala,LK-9224
LK-9224105,Urumeewala,LK-9224
LK-9224110,Punehela,LK-9224
LK-9224115,Panapitiya,LK-9224
LK-9224120,Ampagala,LK-9224
LK-9224125,Thelkumuduwala,LK-9224
LK-9224130,Kiriporuwa,LK-9224
LK-9224135,Ambamalla,LK-9224
LK-9227005,Mattamagoda,LK-9227
LK-9227010,Galpatha,LK-9227
LK-9227015,Kabulumulla,LK-9227
LK-9227020,Garagoda pahala,LK-9227
LK-9227025,Garagoda Ihala,LK-9227
LK-9227030,Yatiyanthota,LK-9227
LK-9227035,Mahavila,LK-9227
LK-9227040,Parussella,LK-9227
LK-9227045,Jayavinda Gama,LK-9227
LK-9227050,Welihelathenna,LK-9227
LK-9227055,Malalpola,LK-9227
LK-9227060,Dombepola,LK-9227
LK-9227065,Amanawala,LK-9227
LK-9227070,Berannawa,LK-9227
LK-9227075,Seepoth,LK-9227
LK-9227080,Mahabage,LK-9227
LK-9227085,Dunukedeniya,LK-9227
LK-9227090,Malwatta,LK-9227
LK-9227095,Kirikohuthenna,LK-9227
LK-9227100,Neluwathukanda,LK-9227
LK-9227105,Polpitiya,LK-9227
LK-9227110,Weeragalla,LK-9227
LK-9227115,Nawata,LK-9227
LK-9227120,Meegasthenna,LK-9227
LK-9227125,Pelellegama,LK-9227
LK-9227130,Hakbellawaka,LK-9227
LK-9227135,Ganepalla,LK-9227
LK-9227140,Theligama,LK-9227
LK-9227145,Gonagamuwa,LK-9227
LK-9227150,Kithulgala North,LK-9227
LK-9227155,Kalukohuthenna,LK-9227
LK-9227160,Kithulgala South,LK-9227
LK-9230005,Kurupetta,LK-9230
LK-9230010,Daigala,LK-9230
LK-9230015,Eluwana,LK-9230
LK-9230020,Magammana,LK-9230
LK-9230025,Kanangama,LK-9230
LK-9230030,Walpola,LK-9230
LK-9230035,Boralankada,LK-9230
LK-9230040,Dikella,LK-9230
LK-9230045,Kahanavita,LK-9230
LK-9230050,Dehiovita,LK-9230
LK-9230055,Atulugamwela,LK-9230
LK-9230060,Atulugama,LK-9230
LK-9230065,kelegama,LK-9230
LK-9230070,Napawala,LK-9230
LK-9230075,Uduvila,LK-9230
LK-9230080,Epalapitiya,LK-9230
LK-9230085,Pahala Thaldoowa,LK-9230
LK-9230090,Ihala Thaldoowa,LK-9230
LK-9230095,Debegama,LK-9230
LK-9230100,Thimbiripola,LK-9230
LK-9230105,Algoda,LK-9230
LK-9230110,Hinguralakanda East,LK-9230
LK-9230115,Batangala,LK-9230
LK-9230120,Viharakanda,LK-9230
LK-9230125,Galabalana Kanda,LK-9230
LK-9230130,Maniyangama,LK-9230
LK-9230135,Madola,LK-9230
LK-9230140,Welangalla,LK-9230
LK-9230145,Bomaluwa,LK-9230
LK-9230150,Rangegama,LK-9230
LK-9230155,Panawala,LK-9230
LK-9230160,Hinguralakanda West,LK-9230
LK-9230165,Pukunuwala,LK-9230
LK-9230170,Godagampala,LK-9230
LK-9230175,Ambalampitiya,LK-9230
LK-9230180,Madagammana,LK-9230
LK-9230185,Pannila,LK-9230
LK-9230190,Imbulpitiya,LK-9230
LK-9230195,Elavulla,LK-9230
LK-9233005,Ballahela,LK-9233
LK-9233010,Behenella,LK-9233
LK-9233015,Nilwala,LK-9233
LK-9233020,Dodawatta,LK-9233
LK-9233025,Basnagala,LK-9233
LK-9233030,Keerihena,LK-9233
LK-9233035,Udabage,LK-9233
LK-9233040,Wattegedera,LK-9233
LK-9233045,Deraniyagala,LK-9233
LK-9233050,Lassegama,LK-9233
LK-9233055,Anhettigama,LK-9233
LK-9233060,Panakoora,LK-9233
LK-9233065,Pandaha,LK-9233
LK-9233070,Polgaswatta,LK-9233
LK-9233075,Maliboda,LK-9233
LK-9233080,Poddenikanda,LK-9233
LK-9233085,Nakkavita,LK-9233
LK-9233090,Miyanavita,LK-9233
LK-9233095,Deraniyagala South,LK-9233
LK-9233100,Rasnakkanda,LK-9233
LK-9233105,Udapola,LK-9233
LK-9233110,Demeda,LK-9233
LK-9233115,Kosgahakanda,LK-9233
LK-9233120,Yatiwala,LK-9233
LK-9233125,Magala,LK-9233
LK-9233130,Dikellakanda,LK-9233
